0.6701648235321045,0.716147780418396,0.6630115509033203,0.7434072494506836,0.6634743809700012,0.7565748691558838,0.666985809803009,0.7628315091133118,0.6668963432312012,0.7644319534301758,0.6760686635971069,0.7109146118164062,0.6713387966156006,0.6798423528671265,0.661307692527771,0.6644591689109802,0.6519490480422974,0.6485643982887268,0.688139796257019,0.6919000148773193,0.6809363961219788,0.6648903489112854,0.6707454323768616,0.6445536017417908,0.6590341925621033,0.6260191202163696,0.6941826939582825,0.6809837818145752,0.687065601348877,0.6529651284217834,0.6765317320823669,0.6366004943847656,0.6662968397140503,0.621452808380127,0.6972407698631287,0.6752007603645325,0.6940110921859741,0.6501148343086243,0.6856015920639038,0.6354745626449585,0.6774051189422607,0.623909592628479,FOCUS
0.2972971796989441,1.090449333190918,0.3352760672569275,1.043610692024231,0.35628068447113037,0.9781709313392639,0.3681870698928833,0.9234992265701294,0.3816576600074768,0.8663666844367981,0.2958356738090515,0.9391406774520874,0.2702779471874237,0.8336571455001831,0.2506854832172394,0.772168755531311,0.22945919632911682,0.7206484079360962,0.260404109954834,0.9529011249542236,0.22816596925258636,0.8384996056556702,0.20366978645324707,0.7658107876777649,0.18021610379219055,0.7027807235717773,0.2304711937904358,0.9788423776626587,0.19026066362857819,0.8779184818267822,0.1620434820652008,0.8112214207649231,0.1388547420501709,0.7590758800506592,0.2082376331090927,1.0096158981323242,0.18929767608642578,0.9424818754196167,0.18053169548511505,0.9011692404747009,0.17174991965293884,0.8720498085021973,FOCUS
0.557915449142456,1.0770567655563354,0.5080870389938354,1.051298975944519,0.46564778685569763,1.0074212551116943,0.4268713593482971,0.9731795787811279,0.38911789655685425,0.9538472890853882,0.5086582899093628,0.857375979423523,0.48683780431747437,0.7421503067016602,0.47326645255088806,0.6746631860733032,0.4622361958026886,0.6161763072013855,0.5680496692657471,0.8532060980796814,0.5673534274101257,0.7225995063781738,0.5620471835136414,0.6383235454559326,0.5573431849479675,0.5650901794433594,0.62181156873703,0.8842262625694275,0.6384764909744263,0.7568680644035339,0.6370803713798523,0.6778886318206787,0.6347702145576477,0.611324667930603,0.6693395972251892,0.9359282851219177,0.7185870409011841,0.8542451858520508,0.747101902961731,0.799089789390564,0.7695167064666748,0.7472330331802368,FOCUS
0.5620642304420471,1.1083368062973022,0.49159207940101624,1.0562795400619507,0.43919169902801514,0.9740511178970337,0.399809867143631,0.9019641876220703,0.35827237367630005,0.8444151878356934,0.5110613107681274,0.8399029970169067,0.49442535638809204,0.7199872732162476,0.48407435417175293,0.6436560750007629,0.47697770595550537,0.5751911997795105,0.5690096020698547,0.8349770307540894,0.5696356892585754,0.6979962587356567,0.5671132206916809,0.6125873327255249,0.5639168620109558,0.5363492965698242,0.6219179630279541,0.8624451160430908,0.6376180648803711,0.7327141165733337,0.6402714848518372,0.6486183404922485,0.6383664011955261,0.5725599527359009,0.6692593693733215,0.9146190881729126,0.71612548828125,0.8330535888671875,0.745753288269043,0.7744724154472351,0.7689781188964844,0.7163470983505249,FOCUS
0.5267530679702759,1.1110730171203613,0.45983991026878357,1.0759196281433105,0.40151679515838623,1.022571325302124,0.3420788049697876,0.9888330698013306,0.28470706939697266,0.9653822779655457,0.4663328528404236,0.865425705909729,0.44704878330230713,0.7466330528259277,0.43626171350479126,0.6698207259178162,0.4291345775127411,0.60039222240448,0.5248166918754578,0.8554335832595825,0.5256386995315552,0.7221541404724121,0.5252590775489807,0.6378564834594727,0.5250881314277649,0.5617399215698242,0.577796995639801,0.8812713623046875,0.589962363243103,0.7543100714683533,0.5927556157112122,0.6725037097930908,0.592302143573761,0.5971721410751343,0.623814582824707,0.9300716519355774,0.6660983562469482,0.8470538854598999,0.6944546699523926,0.7859641313552856,0.7177066802978516,0.7244278192520142,FOCUS
0.49321064352989197,1.135934829711914,0.4223535656929016,1.095231533050537,0.36276739835739136,1.0319985151290894,0.30498188734054565,0.9841143488883972,0.24768060445785522,0.9494321346282959,0.42240241169929504,0.8757359385490417,0.40774837136268616,0.7575812935829163,0.3960501253604889,0.6835822463035583,0.3871409595012665,0.6171644926071167,0.4824860095977783,0.8686763048171997,0.4863295257091522,0.7330064177513123,0.483123779296875,0.6445245742797852,0.4786471426486969,0.5648326873779297,0.5355859398841858,0.8958073854446411,0.5500329732894897,0.7673535943031311,0.5498687028884888,0.6827781796455383,0.5456677079200745,0.6043131351470947,0.5808519124984741,0.947952151298523,0.6241151690483093,0.8683712482452393,0.647945761680603,0.8079894781112671,0.6656429767608643,0.7468517422676086,FOCUS
0.49719470739364624,1.1108978986740112,0.4200824201107025,1.0760674476623535,0.36371365189552307,1.0151277780532837,0.31733959913253784,0.9608803391456604,0.27086955308914185,0.9087079167366028,0.4437199532985687,0.8717724680900574,0.4238980710506439,0.7570831775665283,0.4121658504009247,0.6837560534477234,0.4036996364593506,0.6176071166992188,0.5044883489608765,0.8696391582489014,0.5134460926055908,0.7387283444404602,0.5155482888221741,0.6531134843826294,0.5156999230384827,0.5763905048370361,0.555497944355011,0.8989757299423218,0.5760799050331116,0.7769269943237305,0.5812568664550781,0.6931934356689453,0.5824711322784424,0.6140305995941162,0.5983064770698547,0.9537819027900696,0.6515523791313171,0.8843443989753723,0.6848570108413696,0.8272860050201416,0.7123246788978577,0.7674014568328857,FOCUS
0.5087659955024719,1.1140151023864746,0.4403912127017975,1.064042568206787,0.3964613676071167,0.9801844954490662,0.367775559425354,0.9035533666610718,0.33690282702445984,0.8366910815238953,0.46316856145858765,0.8467890024185181,0.4491231441497803,0.7305354475975037,0.44008663296699524,0.6570411920547485,0.434070348739624,0.5906964540481567,0.524376392364502,0.8455331325531006,0.534410834312439,0.7130505442619324,0.537628173828125,0.627177894115448,0.5384954810142517,0.5484044551849365,0.5767846703529358,0.8774717450141907,0.5968620777130127,0.7505977749824524,0.6042056679725647,0.6684866547584534,0.6078734397888184,0.5920552611351013,0.6210224032402039,0.9327620267868042,0.6756155490875244,0.8573628067970276,0.711876630783081,0.8019133806228638,0.7410901188850403,0.7454469203948975,FOCUS
0.511214017868042,1.090162754058838,0.43888506293296814,1.0456008911132812,0.38108617067337036,0.9775151610374451,0.33613938093185425,0.9198081493377686,0.2892237901687622,0.8755313158035278,0.46797674894332886,0.8116124868392944,0.45226824283599854,0.693554699420929,0.44343802332878113,0.6191914081573486,0.43879157304763794,0.5525405406951904,0.5278124809265137,0.805487334728241,0.5344553589820862,0.6709765791893005,0.5351649522781372,0.588375449180603,0.535524845123291,0.5149420499801636,0.5806765556335449,0.8323381543159485,0.5998009443283081,0.7061647772789001,0.6049985885620117,0.6262413263320923,0.6073780655860901,0.5529958009719849,0.6269633173942566,0.8842145800590515,0.6734565496444702,0.8018359541893005,0.7027720212936401,0.7442716956138611,0.7272764444351196,0.6870856881141663,FOCUS
0.46393999457359314,1.0996007919311523,0.38699573278427124,1.0465202331542969,0.336892306804657,0.957302451133728,0.3037823438644409,0.8800675272941589,0.2716265916824341,0.81447434425354,0.41829031705856323,0.7895143032073975,0.400941401720047,0.6707134246826172,0.3928406834602356,0.593795657157898,0.3887726068496704,0.5287666916847229,0.4802282750606537,0.7807046175003052,0.4829460382461548,0.6442368030548096,0.4830276668071747,0.5569348335266113,0.4817313253879547,0.4815710783004761,0.5367293953895569,0.8067830801010132,0.5492433309555054,0.6751313805580139,0.5504739284515381,0.5894359350204468,0.5488178730010986,0.5121448040008545,0.5868549346923828,0.8599310517311096,0.6355506777763367,0.7765336632728577,0.6671123504638672,0.7161246538162231,0.6931172013282776,0.6563727855682373,FOCUS
0.5394032001495361,1.3049700260162354,0.4228544235229492,1.2493315935134888,0.32968366146087646,1.1454073190689087,0.25891074538230896,1.0471454858779907,0.1907614767551422,0.9830836653709412,0.41349101066589355,0.8949076533317566,0.3912309408187866,0.7114071846008301,0.37652045488357544,0.5934334993362427,0.36555635929107666,0.48986107110977173,0.5119187235832214,0.8770197033882141,0.514714777469635,0.6741587519645691,0.5156630873680115,0.5406185388565063,0.516948401927948,0.422078013420105,0.5998658537864685,0.9112083315849304,0.6175603866577148,0.7207893133163452,0.619069516658783,0.5912822484970093,0.6169173717498779,0.4754083454608917,0.6795344352722168,0.98435378074646,0.7590233087539673,0.8684105277061462,0.809398353099823,0.7770906686782837,0.8514329195022583,0.6897639036178589,FOCUS
0.496582567691803,1.1642799377441406,0.4170718789100647,1.1200155019760132,0.35359346866607666,1.0250859260559082,0.3075794577598572,0.9395360946655273,0.2557848393917084,0.8682718873023987,0.448189914226532,0.8389275670051575,0.4216453433036804,0.6976121664047241,0.4088341295719147,0.6116634607315063,0.4015682637691498,0.5294917225837708,0.5199175477027893,0.8217024803161621,0.5261071920394897,0.66631019115448,0.5335522294044495,0.5723298788070679,0.5420065522193909,0.4885035753250122,0.5815344452857971,0.8440805077552795,0.60488361120224,0.70570969581604,0.6157639622688293,0.6152057647705078,0.6230274438858032,0.5298175811767578,0.636730432510376,0.8954946398735046,0.6922115087509155,0.8132373690605164,0.7295839190483093,0.7471116185188293,0.7632228136062622,0.6801319122314453,FOCUS
0.5115125179290771,1.0888278484344482,0.44423210620880127,1.0425353050231934,0.3915589451789856,0.9645898342132568,0.3503318130970001,0.8985798954963684,0.3098317086696625,0.8462529182434082,0.46661800146102905,0.8206947445869446,0.44849857687950134,0.7124736905097961,0.43682047724723816,0.644368052482605,0.4301471412181854,0.5812523365020752,0.5229225158691406,0.8155285716056824,0.5279601812362671,0.6949334740638733,0.527012288570404,0.6181422472000122,0.525462806224823,0.5471352934837341,0.5720974206924438,0.841129720211029,0.590106725692749,0.7266790866851807,0.5930950045585632,0.6520859003067017,0.5933698415756226,0.5799170732498169,0.6140547394752502,0.8896689414978027,0.6582372188568115,0.8153014183044434,0.6868348121643066,0.761427640914917,0.7107517123222351,0.705603837966919,FOCUS
0.5014271140098572,1.112225890159607,0.4328252077102661,1.065342903137207,0.3805161714553833,0.9938497543334961,0.3374299108982086,0.935621976852417,0.29465430974960327,0.8845735192298889,0.4539862275123596,0.8503360152244568,0.4387776255607605,0.7352164387702942,0.4280669689178467,0.6627178192138672,0.42098361253738403,0.5973963737487793,0.5149084329605103,0.8468109369277954,0.5245069861412048,0.7195814847946167,0.5279470682144165,0.6403216123580933,0.5294454097747803,0.5678740739822388,0.5666369795799255,0.8737483620643616,0.5898824334144592,0.7574965953826904,0.5988106727600098,0.6794382333755493,0.6030876636505127,0.6048310399055481,0.6096465587615967,0.9240358471870422,0.6597485542297363,0.8532708883285522,0.6910873651504517,0.800265908241272,0.7163887023925781,0.7448977828025818,FOCUS
0.5115936994552612,1.1238679885864258,0.44218266010284424,1.0717941522598267,0.3947908282279968,0.9845385551452637,0.35796478390693665,0.905382513999939,0.32171475887298584,0.8394366502761841,0.46298304200172424,0.8500040769577026,0.4495379328727722,0.7299399971961975,0.44156861305236816,0.6541121602058411,0.438301146030426,0.5851409435272217,0.5243746638298035,0.8468435406684875,0.5317865014076233,0.7142259478569031,0.5342321991920471,0.6306784152984619,0.5356244444847107,0.5548413991928101,0.5781348347663879,0.8759446144104004,0.5980339646339417,0.7512919902801514,0.6066226959228516,0.6670528054237366,0.6116477847099304,0.5881110429763794,0.6241931319236755,0.9284407496452332,0.6756565570831299,0.851275622844696,0.7098739743232727,0.7940882444381714,0.7379001379013062,0.7352139353752136,FOCUS
0.5454627871513367,1.1387602090835571,0.4265332520008087,1.1087536811828613,0.3332788348197937,1.0243712663650513,0.2560370862483978,0.9321537017822266,0.17281422019004822,0.8512624502182007,0.42537423968315125,0.7818413376808167,0.4065815806388855,0.5888845324516296,0.39556533098220825,0.46075260639190674,0.38976383209228516,0.34614548087120056,0.533959150314331,0.7675620913505554,0.5374088883399963,0.5450375080108643,0.5411295294761658,0.39779430627822876,0.5481586456298828,0.25827789306640625,0.6318398714065552,0.8109265565872192,0.6478036046028137,0.5936557054519653,0.6575959920883179,0.45214158296585083,0.6693264245986938,0.32313844561576843,0.7167544364929199,0.8913118243217468,0.803766131401062,0.762092113494873,0.8659164905548096,0.6728585958480835,0.9215168952941895,0.5871286392211914,FOCUS
0.5493608713150024,1.3314158916473389,0.4187060594558716,1.2714869976043701,0.31157028675079346,1.1453912258148193,0.22944876551628113,1.0336735248565674,0.1521596908569336,0.961744487285614,0.40204936265945435,0.8765002489089966,0.3725942373275757,0.676599383354187,0.35847994685173035,0.5480971336364746,0.3495521545410156,0.43209242820739746,0.5062221884727478,0.8524380326271057,0.5035173892974854,0.6295528411865234,0.5011698603630066,0.48069486021995544,0.5018298625946045,0.34389448165893555,0.5997101068496704,0.8846826553344727,0.617505669593811,0.6717295050621033,0.6231728792190552,0.5291366577148438,0.6248957514762878,0.39853614568710327,0.6855863332748413,0.9608974456787109,0.7701228857040405,0.8294717669487,0.8252438306808472,0.7289669513702393,0.8717399835586548,0.6310628652572632,FOCUS
0.5469757318496704,1.334222674369812,0.4165497422218323,1.270477056503296,0.3143320381641388,1.1481322050094604,0.24015498161315918,1.031379222869873,0.1663518249988556,0.9470463395118713,0.4085959494113922,0.8947291970252991,0.38037049770355225,0.7026315331459045,0.36517709493637085,0.5783392190933228,0.3566291332244873,0.46683260798454285,0.5122836232185364,0.8722649812698364,0.5105161666870117,0.657696008682251,0.5071589946746826,0.5131330490112305,0.5061792731285095,0.3803791403770447,0.6048895120620728,0.9043228626251221,0.6217963695526123,0.700304388999939,0.6234126091003418,0.5634942054748535,0.6222039461135864,0.4366310238838196,0.6890369653701782,0.9810459613800049,0.7693399786949158,0.8617042303085327,0.823036253452301,0.7679200768470764,0.870134711265564,0.6749520301818848,FOCUS
0.5420847535133362,1.3139524459838867,0.4185771346092224,1.254335641860962,0.3199306130409241,1.1379590034484863,0.2488735020160675,1.0259411334991455,0.17454710602760315,0.9443552494049072,0.4177786111831665,0.8857312202453613,0.39266759157180786,0.6987503170967102,0.3776909112930298,0.5763989686965942,0.37034666538238525,0.4671598970890045,0.517677366733551,0.8660727739334106,0.5180389285087585,0.6541265249252319,0.5147538781166077,0.5120822191238403,0.5151609778404236,0.38348567485809326,0.6066526174545288,0.8989224433898926,0.6276053786277771,0.6958078742027283,0.6314821243286133,0.5611774921417236,0.6326056718826294,0.4383104741573334,0.6878758668899536,0.9747242331504822,0.7714204788208008,0.854285717010498,0.8262026309967041,0.7608821988105774,0.8731460571289062,0.6698437333106995,FOCUS
0.504212498664856,1.2166483402252197,0.4014870822429657,1.15952467918396,0.3238460421562195,1.0515073537826538,0.26721251010894775,0.9526602029800415,0.2070668637752533,0.8747088313102722,0.42562979459762573,0.851067304611206,0.4086395800113678,0.6864987015724182,0.39921221137046814,0.5795009136199951,0.3963034152984619,0.48156043887138367,0.5114350914955139,0.8394724130630493,0.5213198065757751,0.6560486555099487,0.5257895588874817,0.5411372184753418,0.5301918983459473,0.4352097809314728,0.58525550365448,0.8742969036102295,0.6208112239837646,0.7015781402587891,0.6345115900039673,0.5900217890739441,0.6414791345596313,0.48439154028892517,0.6484408378601074,0.944092869758606,0.7244693636894226,0.8428146839141846,0.7735244035720825,0.767291784286499,0.8146038055419922,0.6899336576461792,FOCUS
0.5468260049819946,1.1115360260009766,0.4800087809562683,1.0698540210723877,0.427714467048645,0.9952167272567749,0.3854518532752991,0.9331629872322083,0.3418732285499573,0.8849652409553528,0.5033223628997803,0.8483834266662598,0.48848390579223633,0.7373884320259094,0.48054224252700806,0.6680068373680115,0.47632747888565063,0.6053001284599304,0.5616065263748169,0.8417307138442993,0.5687640905380249,0.7199043035507202,0.5697146654129028,0.6434715986251831,0.5693017840385437,0.5750332474708557,0.6107925176620483,0.8650104403495789,0.6354415416717529,0.7517235279083252,0.6440589427947998,0.6749649047851562,0.6480687260627747,0.6012134552001953,0.6515695452690125,0.9120127558708191,0.7014015913009644,0.8478237986564636,0.7332549095153809,0.796119213104248,0.7597506046295166,0.7414145469665527,FOCUS
0.5172821879386902,1.1241744756698608,0.45054852962493896,1.0754806995391846,0.40057802200317383,1.0001099109649658,0.35618722438812256,0.9387759566307068,0.309099018573761,0.8928250074386597,0.47700774669647217,0.8566756248474121,0.4621794819831848,0.7413803339004517,0.45354223251342773,0.6683602333068848,0.449129194021225,0.6026800870895386,0.5354862809181213,0.8529311418533325,0.5419694185256958,0.7272388935089111,0.5444153547286987,0.6506488919258118,0.5463647246360779,0.581320583820343,0.5866228938102722,0.8789642453193665,0.6091471314430237,0.7618753910064697,0.6184805631637573,0.6830662488937378,0.6236470341682434,0.6088157892227173,0.6304178833961487,0.9287974834442139,0.6811997890472412,0.8597241640090942,0.7131561040878296,0.8061137795448303,0.7393777966499329,0.7503820657730103,FOCUS
0.433928519487381,1.049145221710205,0.3910234272480011,1.017625093460083,0.3592025637626648,0.9690513610839844,0.34088242053985596,0.9349281191825867,0.3200004994869232,0.9145290851593018,0.39500436186790466,0.8322414755821228,0.3715398907661438,0.7201670408248901,0.35503101348876953,0.6519336700439453,0.33999937772750854,0.5929597020149231,0.45003920793533325,0.8306272625923157,0.4525426924228668,0.7014848589897156,0.4455055594444275,0.6164126396179199,0.43738847970962524,0.5432714223861694,0.49895209074020386,0.8645147681236267,0.512685239315033,0.7357721924781799,0.5098423361778259,0.6525874733924866,0.5069878697395325,0.5819101333618164,0.5431548357009888,0.9198890924453735,0.5876598954200745,0.8423298597335815,0.6138771176338196,0.7850980162620544,0.6345095634460449,0.7304122447967529,FOCUS
0.5432026982307434,1.0081614255905151,0.6193296909332275,0.9314817190170288,0.6599183678627014,0.8234019875526428,0.6904343366622925,0.733018159866333,0.7305397987365723,0.6791512370109558,0.5710991621017456,0.7486793994903564,0.5825940370559692,0.6337223052978516,0.585594892501831,0.5640686750411987,0.5868237018585205,0.5097792148590088,0.5118813514709473,0.7505987286567688,0.5046078562736511,0.627428412437439,0.5015136003494263,0.5555299520492554,0.4994390308856964,0.5013738870620728,0.46331876516342163,0.7696924805641174,0.4478250741958618,0.6532652974128723,0.44399601221084595,0.5850488543510437,0.4415948987007141,0.533769965171814,0.4266756772994995,0.8031411170959473,0.39631906151771545,0.7267663478851318,0.37875649333000183,0.6782587170600891,0.36454617977142334,0.6373150944709778,FOCUS
0.5201579332351685,1.0571476221084595,0.5940836668014526,0.970779538154602,0.6351863145828247,0.8676459789276123,0.6676228046417236,0.7757898569107056,0.7065871357917786,0.7172443270683289,0.5451917052268982,0.7921931147575378,0.5616029500961304,0.6594042181968689,0.5643805265426636,0.5748223066329956,0.5643224716186523,0.510212779045105,0.4819242060184479,0.7996590733528137,0.46610650420188904,0.6508299708366394,0.4546385705471039,0.5576152801513672,0.44404175877571106,0.48754143714904785,0.43246662616729736,0.8249881863594055,0.407232403755188,0.6971709132194519,0.3957003355026245,0.6112111210823059,0.38784345984458923,0.5432835817337036,0.39964789152145386,0.8614522218704224,0.35159724950790405,0.7904358506202698,0.32021409273147583,0.7434619069099426,0.29493004083633423,0.7001826167106628,FOCUS
0.5207589864730835,1.067160964012146,0.5914831161499023,0.978304386138916,0.6285869479179382,0.8704652786254883,0.6586385369300842,0.7810291647911072,0.6967830657958984,0.7275189757347107,0.538232147693634,0.8074219822883606,0.5528149604797363,0.6713662147521973,0.5550857186317444,0.5853580832481384,0.5548796057701111,0.5197163820266724,0.47438037395477295,0.8164116144180298,0.4608388841152191,0.6646199226379395,0.45060208439826965,0.5682752728462219,0.4407739043235779,0.49555858969688416,0.4240044355392456,0.8437032699584961,0.39765533804893494,0.7135341763496399,0.38793206214904785,0.625565230846405,0.38242843747138977,0.5557360649108887,0.38864707946777344,0.8833125829696655,0.3389875292778015,0.805814802646637,0.31175753474235535,0.7544947862625122,0.29103362560272217,0.7086067795753479,FOCUS
0.4952772259712219,1.1340686082839966,0.5739940404891968,1.0475866794586182,0.6197031736373901,0.9364902377128601,0.6545578241348267,0.8349544405937195,0.6900812387466431,0.7600978016853333,0.521216630935669,0.8699560165405273,0.5413576364517212,0.7113469839096069,0.5461037158966064,0.6146209836006165,0.5462858080863953,0.5425636768341064,0.45121967792510986,0.8831348419189453,0.43928563594818115,0.7131767868995667,0.4312538504600525,0.6045523285865784,0.42250725626945496,0.522767961025238,0.3968384563922882,0.9149150848388672,0.36955273151397705,0.769209623336792,0.3599904775619507,0.6673212051391602,0.3539230227470398,0.5856083631515503,0.3607241213321686,0.9564734101295471,0.30868953466415405,0.8680694699287415,0.27790066599845886,0.8023886680603027,0.2556111216545105,0.7425727844238281,FOCUS
0.5102787613868713,1.1065195798873901,0.590764582157135,1.0121272802352905,0.6337934732437134,0.8969181180000305,0.6648780107498169,0.7938249707221985,0.7028414011001587,0.7251836061477661,0.5356815457344055,0.8385179042816162,0.5525897741317749,0.67815101146698,0.553552508354187,0.5796164274215698,0.552226185798645,0.5074218511581421,0.4646020531654358,0.8530839085578918,0.45065581798553467,0.6780514717102051,0.4405616521835327,0.5678045749664307,0.4319588541984558,0.4875601828098297,0.40701916813850403,0.8847436308860779,0.3763059079647064,0.7316125631332397,0.36297109723091125,0.6302332282066345,0.35698920488357544,0.5517551898956299,0.36721542477607727,0.9265881776809692,0.30774369835853577,0.8425981998443604,0.2734771966934204,0.7820935845375061,0.25002020597457886,0.7260411381721497,FOCUS
0.5225406885147095,1.1196335554122925,0.5986987948417664,1.0218048095703125,0.6349452137947083,0.9023155570030212,0.6657162308692932,0.797174334526062,0.7057803273200989,0.7299742698669434,0.5387470722198486,0.8393155932426453,0.5560412406921387,0.6825659275054932,0.5562808513641357,0.5843483209609985,0.5533545017242432,0.5121659636497498,0.4676666259765625,0.8530911803245544,0.45327576994895935,0.6770772337913513,0.44047126173973083,0.5683342814445496,0.4278605878353119,0.4899351894855499,0.4111904799938202,0.8872658014297485,0.3768949508666992,0.7379211187362671,0.36060887575149536,0.6388447284698486,0.3516120910644531,0.563340425491333,0.3729481101036072,0.9344632625579834,0.3112409710884094,0.8538582921028137,0.27433913946151733,0.7955641150474548,0.24755068123340607,0.74070143699646,FOCUS
0.5254844427108765,1.1517369747161865,0.6045620441436768,1.0562331676483154,0.6486446857452393,0.9387034177780151,0.6838251352310181,0.830512285232544,0.7221313714981079,0.7538581490516663,0.5543590784072876,0.8665603995323181,0.5689624547958374,0.7036260366439819,0.5689805746078491,0.6059471368789673,0.566099226474762,0.5347573161125183,0.4837726056575775,0.8830093145370483,0.46528828144073486,0.7018835544586182,0.4550515413284302,0.5908263325691223,0.4458322525024414,0.5109261274337769,0.42836615443229675,0.9191150069236755,0.3923586905002594,0.7664243578910828,0.37353941798210144,0.6626572608947754,0.3614867925643921,0.5819082260131836,0.3920685052871704,0.9651331901550293,0.33435195684432983,0.8753488063812256,0.2977179288864136,0.8120172023773193,0.2701907157897949,0.7530729174613953,FOCUS
0.5300185680389404,1.1740021705627441,0.6098321676254272,1.0725197792053223,0.6556539535522461,0.9536836743354797,0.6918445229530334,0.8448778986930847,0.7275198698043823,0.7646726965904236,0.5602526068687439,0.8830320835113525,0.5784317851066589,0.7194390892982483,0.5772877931594849,0.621934175491333,0.5748071670532227,0.5498111248016357,0.4886464774608612,0.8998481631278992,0.47050371766090393,0.7196546792984009,0.4594740867614746,0.6086333990097046,0.4515090882778168,0.528539776802063,0.4326367974281311,0.9353381395339966,0.3997483253479004,0.7803587913513184,0.3834992051124573,0.675843358039856,0.3740237355232239,0.5939258933067322,0.3977733254432678,0.9803136587142944,0.33859074115753174,0.8878476619720459,0.30178776383399963,0.8237313032150269,0.2744066119194031,0.7638998627662659,FOCUS
0.5469343662261963,1.1733611822128296,0.6180530190467834,1.0734401941299438,0.6586670875549316,0.9538803100585938,0.6869906187057495,0.8454450368881226,0.7140963673591614,0.7621777057647705,0.5642440319061279,0.9048460721969604,0.5750883221626282,0.73680579662323,0.5733624696731567,0.63698410987854,0.5704119205474854,0.5643923282623291,0.49367755651474,0.9246901869773865,0.4700557291507721,0.7470670938491821,0.4563736021518707,0.6363903284072876,0.4463580548763275,0.5553591251373291,0.43805184960365295,0.9599077701568604,0.40158340334892273,0.8020668625831604,0.38221246004104614,0.6962192058563232,0.37073028087615967,0.6122030019760132,0.4016616940498352,1.0012426376342773,0.3421294689178467,0.9102668762207031,0.30503013730049133,0.8455997705459595,0.278448224067688,0.7849987149238586,FOCUS
0.5422125458717346,1.1896026134490967,0.6168040633201599,1.0951261520385742,0.6668564677238464,0.9819356799125671,0.6947439312934875,0.874771773815155,0.713483452796936,0.7869958877563477,0.5767459273338318,0.9279810786247253,0.5873746871948242,0.7637377381324768,0.5847427845001221,0.6648927927017212,0.5811893939971924,0.5894420146942139,0.505836546421051,0.9432083368301392,0.4834071397781372,0.7721115946769714,0.46923828125,0.6619477272033691,0.45919889211654663,0.5790629386901855,0.4477856457233429,0.9756795167922974,0.41222047805786133,0.8246909379959106,0.3922898769378662,0.7188092470169067,0.3813544809818268,0.6337341070175171,0.408246248960495,1.0181543827056885,0.35137608647346497,0.9292813539505005,0.3145030736923218,0.8637179732322693,0.2873261570930481,0.8027315139770508,FOCUS
0.5482853651046753,1.1924898624420166,0.6223630905151367,1.096277117729187,0.6710673570632935,0.9793498516082764,0.6958087682723999,0.8725498914718628,0.7133018970489502,0.7879550457000732,0.5810656547546387,0.9202975034713745,0.5915862321853638,0.7561132907867432,0.5900768637657166,0.6556177139282227,0.5869576334953308,0.58099365234375,0.5103094577789307,0.936551034450531,0.4863297939300537,0.7645002007484436,0.4720286726951599,0.6535109281539917,0.46161460876464844,0.5708749294281006,0.4518563151359558,0.969525158405304,0.41867101192474365,0.8224652409553528,0.3991836905479431,0.7163482904434204,0.3882371485233307,0.6320955157279968,0.4089919328689575,1.0122026205062866,0.35345298051834106,0.921690821647644,0.31887099146842957,0.8560597896575928,0.29476338624954224,0.795254111289978,FOCUS
0.5592522621154785,1.1835744380950928,0.6273151636123657,1.0828557014465332,0.6608948707580566,0.9636545777320862,0.6685446500778198,0.8549072742462158,0.6725164651870728,0.770873486995697,0.5901920795440674,0.9128983616828918,0.5845919847488403,0.7471470832824707,0.5760835409164429,0.6521716117858887,0.5676088929176331,0.5814316868782043,0.5235564708709717,0.9330965280532837,0.49125275015830994,0.7673925757408142,0.46849220991134644,0.6636098623275757,0.45173248648643494,0.5878262519836426,0.4642518162727356,0.9698184728622437,0.42517268657684326,0.8264682292938232,0.40257543325424194,0.7235431671142578,0.3889591693878174,0.6424463987350464,0.4169212281703949,1.0174540281295776,0.3567817211151123,0.928066074848175,0.3217097222805023,0.8627598285675049,0.2980729341506958,0.8022387623786926,FOCUS
0.5600354075431824,1.044562816619873,0.5398818254470825,0.9470951557159424,0.5055919289588928,0.8715904951095581,0.46202611923217773,0.8255391716957092,0.42679280042648315,0.7783265113830566,0.5739558935165405,0.7883244156837463,0.5729299783706665,0.6656484007835388,0.5576959848403931,0.5807355642318726,0.5430383682250977,0.513359546661377,0.5692600607872009,0.8154373168945312,0.558117687702179,0.6815797090530396,0.5332570672035217,0.5908060073852539,0.511535108089447,0.5163471698760986,0.5512446761131287,0.8675321340560913,0.5302020311355591,0.7557981014251709,0.5030139088630676,0.6708697080612183,0.4805956482887268,0.5979483127593994,0.5188640356063843,0.9325366616249084,0.47697359323501587,0.8816319704055786,0.4432682991027832,0.8397941589355469,0.41377755999565125,0.8012086153030396,FOCUS
0.5441972017288208,0.9013845324516296,0.5137127637863159,0.8936337232589722,0.48053762316703796,0.8585051894187927,0.45042574405670166,0.8119853734970093,0.4305802881717682,0.7606108784675598,0.5270461440086365,0.7572351694107056,0.5033565163612366,0.6777206063270569,0.4822339117527008,0.617801308631897,0.4625423848628998,0.5687724947929382,0.5410749316215515,0.7394358515739441,0.5232166647911072,0.6485939025878906,0.5067070722579956,0.5790886878967285,0.4921291768550873,0.5215342044830322,0.5467609763145447,0.7328298687934875,0.5331364870071411,0.6480942368507385,0.5181477665901184,0.582170307636261,0.5064117312431335,0.530205488204956,0.542600154876709,0.7341729402542114,0.5312246680259705,0.666418731212616,0.5197610259056091,0.615056037902832,0.5116913318634033,0.5782027244567871,FOCUS
0.5195245146751404,1.110121488571167,0.46389707922935486,1.0621837377548218,0.4176762104034424,1.0004174709320068,0.37953999638557434,0.9480903744697571,0.35085058212280273,0.8941017985343933,0.4784724712371826,0.8576634526252747,0.46599718928337097,0.7344849109649658,0.45654022693634033,0.6569631099700928,0.4463304877281189,0.5915580987930298,0.5302700996398926,0.8712702393531799,0.5435013771057129,0.7423060536384583,0.5382425785064697,0.6537654399871826,0.5280904173851013,0.5778950452804565,0.5706100463867188,0.9180022478103638,0.594983696937561,0.8064537048339844,0.5990558862686157,0.7285705208778381,0.5962973833084106,0.6608705520629883,0.5984982848167419,0.9871889352798462,0.639632523059845,0.9486489295959473,0.6608873009681702,0.9199986457824707,0.6735054850578308,0.8952546119689941,FOCUS
0.555031955242157,1.2487766742706299,0.461279958486557,1.1967618465423584,0.398973286151886,1.1053802967071533,0.36519163846969604,1.0188515186309814,0.33204811811447144,0.9331122040748596,0.48293328285217285,0.9503515958786011,0.4679286479949951,0.8136894702911377,0.458232581615448,0.7272008657455444,0.4512883424758911,0.6481916904449463,0.5548405051231384,0.9566066861152649,0.5712783336639404,0.8079086542129517,0.5803194642066956,0.7079707384109497,0.5890504121780396,0.6179802417755127,0.6137771606445312,0.9976183176040649,0.6405508518218994,0.859466016292572,0.6509196162223816,0.7638499736785889,0.6580366492271423,0.6754105091094971,0.6642184853553772,1.064290165901184,0.7216829657554626,0.978713870048523,0.7558755874633789,0.9138897061347961,0.7825341820716858,0.8472492694854736,FOCUS
0.5578734874725342,1.192199945449829,0.48979753255844116,1.1178444623947144,0.4548405706882477,1.0244271755218506,0.43316683173179626,0.9509336948394775,0.4022408723831177,0.87586909532547,0.5297204256057739,0.9051708579063416,0.5336466431617737,0.7832071781158447,0.5293717384338379,0.7118196487426758,0.518673837184906,0.6474576592445374,0.5749850273132324,0.9339941143989563,0.589746356010437,0.8079920411109924,0.5844284296035767,0.7259693145751953,0.5699017643928528,0.6547569632530212,0.6123615503311157,0.9909734725952148,0.6329709887504578,0.8846915364265442,0.6266600489616394,0.8135339021682739,0.6069251894950867,0.7486045956611633,0.6438230276107788,1.0696665048599243,0.6785486936569214,1.0222681760787964,0.6816999912261963,0.9871357083320618,0.6676414608955383,0.9532309174537659,FOCUS
0.27606192231178284,1.0437642335891724,0.3213549852371216,1.0059034824371338,0.35207444429397583,0.9542729258537292,0.35282349586486816,0.9027088284492493,0.3443569839000702,0.8642967939376831,0.3376065790653229,0.8972231149673462,0.34956252574920654,0.8017943501472473,0.35536906123161316,0.740876317024231,0.3603212237358093,0.692389965057373,0.2912355959415436,0.8939670920372009,0.28989261388778687,0.7895522713661194,0.28926315903663635,0.7219083309173584,0.2906261384487152,0.6690608263015747,0.2496582567691803,0.9084653258323669,0.24624568223953247,0.8125153183937073,0.24254915118217468,0.7459244728088379,0.24145057797431946,0.6911845803260803,0.21460214257240295,0.9368608593940735,0.19389745593070984,0.8708986639976501,0.17990608513355255,0.8269238471984863,0.17105057835578918,0.7872314453125,FOCUS
0.49337032437324524,1.0819218158721924,0.552487313747406,1.0541659593582153,0.5856370329856873,0.9949275255203247,0.5821214914321899,0.931536853313446,0.5727794170379639,0.8792977333068848,0.5755196213722229,0.9422421455383301,0.6226950883865356,0.8353062272071838,0.6530882120132446,0.7637078762054443,0.6782196164131165,0.7050146460533142,0.5248702168464661,0.9301148056983948,0.5430034399032593,0.8019710183143616,0.5543786287307739,0.7140973210334778,0.5684852004051208,0.6386154294013977,0.4752082824707031,0.9370187520980835,0.4811159074306488,0.8175011873245239,0.48425593972206116,0.7358021140098572,0.49392959475517273,0.6697482466697693,0.4303490221500397,0.9589064717292786,0.41214442253112793,0.8802233934402466,0.40383851528167725,0.8335961103439331,0.4039069414138794,0.7953367233276367,FOCUS
0.5042009353637695,1.0191371440887451,0.5092339515686035,0.9094846248626709,0.5302696824073792,0.7868350148200989,0.5616483688354492,0.6986746191978455,0.5907729268074036,0.6395799517631531,0.48587897419929504,0.7935934066772461,0.5012246370315552,0.6738799214363098,0.5215120315551758,0.6084084510803223,0.5426570177078247,0.5601125955581665,0.49427708983421326,0.8356616497039795,0.502124547958374,0.7091363668441772,0.5262575149536133,0.6356438398361206,0.5509240627288818,0.5825913548469543,0.5174465179443359,0.892984926700592,0.52928227186203,0.7840859293937683,0.5546033978462219,0.7107555866241455,0.5766506791114807,0.6522985100746155,0.5507972240447998,0.9587992429733276,0.5887784957885742,0.9031932353973389,0.6154207587242126,0.8649724125862122,0.6355553865432739,0.8321245908737183,FOCUS
0.4948068857192993,1.0041601657867432,0.5145108699798584,0.9203230142593384,0.5150902271270752,0.8404597640037537,0.5191373229026794,0.7832787036895752,0.5228962302207947,0.7370715141296387,0.4730035662651062,0.7876485586166382,0.494234561920166,0.6934645175933838,0.5150904059410095,0.6334450840950012,0.5362956523895264,0.5863803029060364,0.4713066518306732,0.8128112554550171,0.4947058856487274,0.7063077092170715,0.5223532319068909,0.6398115754127502,0.5475708246231079,0.584405779838562,0.47929468750953674,0.8561995625495911,0.5023399591445923,0.7559507489204407,0.5328612327575684,0.6933337450027466,0.5589953064918518,0.6374338865280151,0.4964359402656555,0.9105545878410339,0.5187764167785645,0.8569727540016174,0.5361916422843933,0.8137642741203308,0.5522392988204956,0.7733120918273926,FOCUS
0.4963625371456146,1.0138602256774902,0.519336462020874,0.9169918298721313,0.5161429047584534,0.8380917310714722,0.5128865242004395,0.7784824967384338,0.5148204565048218,0.7254326343536377,0.46135881543159485,0.798007071018219,0.47944125533103943,0.7085536122322083,0.495703786611557,0.6439186334609985,0.5134760737419128,0.5916136503219604,0.4554605782032013,0.8232888579368591,0.47270727157592773,0.7181543111801147,0.49515774846076965,0.6466914415359497,0.5172442197799683,0.5855804681777954,0.4589017331600189,0.8663225769996643,0.4758784770965576,0.7666436433792114,0.5040507912635803,0.7051325440406799,0.5296307802200317,0.6510833501815796,0.4715341031551361,0.9204502701759338,0.4843139350414276,0.8691564202308655,0.4977470636367798,0.8290389180183411,0.5111591219902039,0.7920657992362976,FOCUS
0.4658203125,1.0293350219726562,0.5138672590255737,0.9978127479553223,0.5494805574417114,0.9555593729019165,0.5724585056304932,0.9126769304275513,0.587736189365387,0.874920666217804,0.5031543374061584,0.8479280471801758,0.4978760778903961,0.7452563047409058,0.5005525946617126,0.6745330095291138,0.505452036857605,0.6174203753471375,0.46635597944259644,0.8425398468971252,0.46120521426200867,0.7319037318229675,0.46463829278945923,0.6536040306091309,0.4702427387237549,0.5907707214355469,0.4337283968925476,0.8515998721122742,0.4257226586341858,0.7490232586860657,0.43115007877349854,0.678580641746521,0.4408782422542572,0.6205402612686157,0.40606552362442017,0.8707448244094849,0.4008063077926636,0.7915419340133667,0.4017006754875183,0.7373398542404175,0.4063628911972046,0.6931440830230713,FOCUS
0.4537118971347809,1.1022465229034424,0.5351064801216125,1.0525051355361938,0.6028479337692261,0.9793292284011841,0.659986138343811,0.9139955043792725,0.7128955125808716,0.8599196672439575,0.5168259739875793,0.7928003668785095,0.5433284640312195,0.6804126501083374,0.5600151419639587,0.6086861491203308,0.574791669845581,0.5429576635360718,0.4570361375808716,0.7828017473220825,0.4583284854888916,0.6496720314025879,0.4636451005935669,0.5658665299415588,0.4686777591705322,0.4928974509239197,0.4039713144302368,0.8052637577056885,0.3994854688644409,0.677809476852417,0.4032561182975769,0.5919880867004395,0.41010385751724243,0.5133143663406372,0.3547366261482239,0.8517264723777771,0.325935423374176,0.7570172548294067,0.31480884552001953,0.6887137293815613,0.31057092547416687,0.6187442541122437,FOCUS
0.41047582030296326,1.0766721963882446,0.3454904854297638,1.0268909931182861,0.2984265089035034,0.947792649269104,0.2561895251274109,0.8729978799819946,0.21492506563663483,0.810761034488678,0.3935548663139343,0.8059558272361755,0.3840559720993042,0.6817235946655273,0.37941935658454895,0.601725161075592,0.3806935250759125,0.5382303595542908,0.4504481852054596,0.8058862686157227,0.4603002667427063,0.674291729927063,0.47006019949913025,0.5903098583221436,0.4824363589286804,0.5240548849105835,0.5018502473831177,0.8350463509559631,0.5271419882774353,0.7181651592254639,0.5436103343963623,0.6441405415534973,0.5582882761955261,0.5833777189254761,0.546125590801239,0.8862956762313843,0.5908005237579346,0.8185212016105652,0.6176760792732239,0.7767362594604492,0.6406406164169312,0.7411850094795227,FOCUS
0.45290544629096985,1.0236830711364746,0.38411659002304077,0.9670729041099548,0.33364370465278625,0.8828439712524414,0.2877930998802185,0.8095313310623169,0.24095694720745087,0.7502010464668274,0.42765823006629944,0.721968948841095,0.4111374616622925,0.6009860038757324,0.4026450216770172,0.5255476236343384,0.3990221321582794,0.46109136939048767,0.48443183302879333,0.722292959690094,0.4939952492713928,0.5934005975723267,0.5012466311454773,0.5108248591423035,0.5070265531539917,0.4404008388519287,0.5329599976539612,0.7529706954956055,0.5593622922897339,0.6460562944412231,0.5766831040382385,0.5742051601409912,0.5888330936431885,0.5083150863647461,0.5731119513511658,0.8056066632270813,0.6203184127807617,0.7423543930053711,0.6524726152420044,0.705745279788971,0.6789780855178833,0.6700385808944702,FOCUS
0.4527934789657593,1.0322380065917969,0.3822638988494873,0.9827587604522705,0.33002471923828125,0.9026004672050476,0.2821211814880371,0.8282551169395447,0.2336287796497345,0.768753170967102,0.41726794838905334,0.7402064800262451,0.40150201320648193,0.6201142072677612,0.3908102512359619,0.5429904460906982,0.3852384388446808,0.47525638341903687,0.47459691762924194,0.7361994385719299,0.4822502136230469,0.6056593656539917,0.4866352379322052,0.5209465026855469,0.4910885691642761,0.4477895200252533,0.5231904983520508,0.7662359476089478,0.5524365305900574,0.6594879627227783,0.5689237117767334,0.5856875777244568,0.5814604759216309,0.5163781642913818,0.5630375146865845,0.8186007738113403,0.6143845319747925,0.7572484016418457,0.6493847370147705,0.7167467474937439,0.6795127391815186,0.6742457747459412,FOCUS
0.4478454291820526,1.023316740989685,0.3770264983177185,0.9705278873443604,0.32710543274879456,0.8907871246337891,0.2811161279678345,0.8172560334205627,0.2355828434228897,0.7558124661445618,0.4160444438457489,0.7321546673774719,0.3990882933139801,0.6153377294540405,0.3866029679775238,0.5408819317817688,0.37898361682891846,0.47538143396377563,0.472851425409317,0.7290956377983093,0.48278293013572693,0.6005109548568726,0.48685744404792786,0.5165855884552002,0.4905819296836853,0.44447001814842224,0.5204973220825195,0.7589102387428284,0.5497233867645264,0.6494795083999634,0.5670169591903687,0.5769252777099609,0.5802622437477112,0.5093990564346313,0.5598463416099548,0.8106867671012878,0.6096564531326294,0.7479850053787231,0.6438083648681641,0.7073748111724854,0.672899067401886,0.6660970449447632,FOCUS
0.4431588351726532,1.0257283449172974,0.37407538294792175,0.9735936522483826,0.324171245098114,0.8988022804260254,0.27822190523147583,0.8239875435829163,0.23118318617343903,0.7622460126876831,0.4144572913646698,0.7365496754646301,0.3974035978317261,0.6169872283935547,0.38469457626342773,0.5430107712745667,0.3765530288219452,0.47622963786125183,0.471206396818161,0.7344131469726562,0.4768925607204437,0.6036703586578369,0.47975844144821167,0.5191167593002319,0.4826368987560272,0.4433783292770386,0.5191190838813782,0.7659988403320312,0.552832841873169,0.6562041640281677,0.5737382173538208,0.5835820436477661,0.5888439416885376,0.5174897909164429,0.5579583048820496,0.8194008469581604,0.6071571111679077,0.7502074241638184,0.6405077576637268,0.7090144753456116,0.6682894229888916,0.6681750416755676,FOCUS
0.42266610264778137,1.005812406539917,0.3528017997741699,0.9516396522521973,0.30028992891311646,0.8680644035339355,0.2543381452560425,0.7944651246070862,0.20825831592082977,0.7401441931724548,0.38697949051856995,0.7137222290039062,0.36814844608306885,0.5980343222618103,0.3580334484577179,0.5245046615600586,0.35385599732398987,0.4604671001434326,0.443303644657135,0.709828794002533,0.4499073326587677,0.5802521109580994,0.45438870787620544,0.4982403516769409,0.46025344729423523,0.42754244804382324,0.4910447597503662,0.7384018898010254,0.5179979205131531,0.6294843554496765,0.5356048345565796,0.5571504831314087,0.5501390099525452,0.4918021559715271,0.5302910804748535,0.7895495891571045,0.5778182148933411,0.7243339419364929,0.6110385656356812,0.6805644035339355,0.6393251419067383,0.6369884610176086,FOCUS
0.34880250692367554,0.8859524130821228,0.2876034379005432,0.8258959054946899,0.23571492731571198,0.7451769709587097,0.18992209434509277,0.6778540015220642,0.14953407645225525,0.6274722814559937,0.3159271478652954,0.6036220788955688,0.2981981039047241,0.4980989694595337,0.28747913241386414,0.43438518047332764,0.28230857849121094,0.377645879983902,0.36452385783195496,0.5990446209907532,0.36820366978645325,0.48105883598327637,0.36933034658432007,0.40987861156463623,0.37192457914352417,0.34942787885665894,0.40739327669143677,0.6246315240859985,0.4367767572402954,0.5223221778869629,0.4530607759952545,0.46107929944992065,0.4651513993740082,0.40609923005104065,0.44447559118270874,0.6730874180793762,0.4915482699871063,0.6114760637283325,0.5181247591972351,0.5736980438232422,0.5384756922721863,0.535273015499115,FOCUS
0.3365230858325958,0.8395776748657227,0.27717486023902893,0.7873353958129883,0.22656404972076416,0.7108570337295532,0.18120521306991577,0.6445410847663879,0.14204083383083344,0.5928624868392944,0.29935821890830994,0.5765001177787781,0.27970725297927856,0.4759504199028015,0.26818615198135376,0.41388434171676636,0.26230287551879883,0.35733500123023987,0.344652384519577,0.5692024230957031,0.3449772596359253,0.45968174934387207,0.34796661138534546,0.39045050740242004,0.35203638672828674,0.329623818397522,0.3851303458213806,0.5914255380630493,0.40743517875671387,0.49964001774787903,0.4252355992794037,0.4385908842086792,0.43894845247268677,0.3811565637588501,0.42009228467941284,0.6334623694419861,0.45853275060653687,0.5781506299972534,0.48572415113449097,0.5445243716239929,0.5091264247894287,0.5094884634017944,FOCUS
0.37827393412590027,1.008345365524292,0.32915496826171875,0.9266111850738525,0.3090324103832245,0.8274754285812378,0.29653340578079224,0.7374847531318665,0.2853187918663025,0.6615272760391235,0.40687885880470276,0.7322229743003845,0.42189279198646545,0.6173070669174194,0.43523716926574707,0.5432950258255005,0.4506904184818268,0.48371967673301697,0.45808523893356323,0.7482886910438538,0.4884982705116272,0.6266344785690308,0.5087746381759644,0.5496730804443359,0.5270379781723022,0.4866153597831726,0.4980084002017975,0.7909558415412903,0.5437472462654114,0.6913749575614929,0.5746474266052246,0.625159502029419,0.6010721325874329,0.5675941705703735,0.5273240208625793,0.8551653623580933,0.5839349627494812,0.8079176545143127,0.6214847564697266,0.7738335132598877,0.6550436019897461,0.7414196729660034,FOCUS
0.3709416091442108,0.9919061064720154,0.3181762099266052,0.8938952684402466,0.29555660486221313,0.7763962149620056,0.27931517362594604,0.6727652549743652,0.2606431841850281,0.5865285396575928,0.4212828278541565,0.6699597239494324,0.4471423327922821,0.5427846312522888,0.4630180895328522,0.46187257766723633,0.48088452219963074,0.3942020535469055,0.4774754047393799,0.6972882151603699,0.5274204611778259,0.5741994380950928,0.560670793056488,0.49618351459503174,0.590507984161377,0.4302334189414978,0.5168588757514954,0.7522559762001038,0.5799633264541626,0.6586873531341553,0.6168229579925537,0.5957381129264832,0.647811233997345,0.5350253582000732,0.5428158044815063,0.8262603282928467,0.6115416884422302,0.7874171137809753,0.6575603485107422,0.7619840502738953,0.6995358467102051,0.7332466244697571,FOCUS
0.38749462366104126,1.0114402770996094,0.3289470672607422,0.9335329532623291,0.294440358877182,0.82989501953125,0.26915109157562256,0.7357786297798157,0.24290277063846588,0.6550366878509521,0.40861234068870544,0.6949793696403503,0.4184536933898926,0.563226580619812,0.4249908924102783,0.4763934314250946,0.4352225661277771,0.40614914894104004,0.4638568162918091,0.7061333060264587,0.4984795153141022,0.5727361440658569,0.5272773504257202,0.49188703298568726,0.5551497936248779,0.43196937441825867,0.5076975226402283,0.7476388216018677,0.5574281811714172,0.6396101713180542,0.5983622074127197,0.5770363807678223,0.6327696442604065,0.5285576581954956,0.542646586894989,0.8104832172393799,0.6076546907424927,0.747594952583313,0.650871992111206,0.7211868762969971,0.686716616153717,0.7025691270828247,FOCUS
0.3832414150238037,1.0232303142547607,0.3112427294254303,0.9611138105392456,0.2615249752998352,0.8678523898124695,0.22506655752658844,0.780015230178833,0.18911969661712646,0.7064918279647827,0.3664911687374115,0.7101299166679382,0.3592527508735657,0.5752785205841064,0.3588494062423706,0.48946869373321533,0.36423948407173157,0.4167887568473816,0.42597106099128723,0.7118135690689087,0.44817981123924255,0.5649867653846741,0.4633684754371643,0.4722867012023926,0.47893980145454407,0.3945942223072052,0.47508370876312256,0.7483010292053223,0.517925500869751,0.6253556609153748,0.5460702776908875,0.5441238284111023,0.5709868669509888,0.4730978310108185,0.5141205191612244,0.8099820613861084,0.5764070153236389,0.7531704902648926,0.6207659840583801,0.7129126787185669,0.6614683866500854,0.6721298694610596,FOCUS
0.3929523229598999,1.03329598903656,0.31267863512039185,0.9827321767807007,0.2531924545764923,0.8968220353126526,0.2057746797800064,0.8126171231269836,0.16055166721343994,0.7398627400398254,0.33977052569389343,0.7185348868370056,0.3194389045238495,0.5896286964416504,0.3079182505607605,0.5057741403579712,0.30413156747817993,0.4303763210773468,0.3994869887828827,0.7090888619422913,0.4029935598373413,0.56697678565979,0.4069318175315857,0.4727637767791748,0.41300642490386963,0.39004942774772644,0.4517157971858978,0.7374967932701111,0.4803643524646759,0.6176737546920776,0.5017244219779968,0.5341277122497559,0.5195154547691345,0.45674192905426025,0.49662691354751587,0.7912076711654663,0.548409104347229,0.7177742123603821,0.5859010219573975,0.6703049540519714,0.6181580424308777,0.6230233311653137,FOCUS
0.34978872537612915,1.0391653776168823,0.2655245363712311,0.9963285326957703,0.19534215331077576,0.922255277633667,0.1412239819765091,0.8479332327842712,0.09258002042770386,0.7836340665817261,0.28287947177886963,0.7300683856010437,0.25287872552871704,0.5982201099395752,0.23724111914634705,0.5140812397003174,0.22894136607646942,0.44005119800567627,0.34617793560028076,0.714666485786438,0.34242597222328186,0.5630978345870972,0.34122520685195923,0.46754375100135803,0.34397056698799133,0.3845730721950531,0.4027973413467407,0.7402534484863281,0.4264671206474304,0.6105962991714478,0.4436156153678894,0.5234020948410034,0.45824432373046875,0.4475567638874054,0.45180898904800415,0.7943427562713623,0.5011017918586731,0.7180307507514954,0.533606767654419,0.6667426824569702,0.5605751276016235,0.6172281503677368,FOCUS
0.3426854610443115,1.0392792224884033,0.2645489573478699,0.9800202250480652,0.203143909573555,0.8913926482200623,0.15477468073368073,0.8132240176200867,0.1088893860578537,0.7487136125564575,0.2998744249343872,0.7109203934669495,0.27352702617645264,0.5707340836524963,0.25652065873146057,0.4845607578754425,0.2451491355895996,0.4112502634525299,0.3612324297428131,0.7007870078086853,0.3627457022666931,0.5413153171539307,0.3621963858604431,0.44260573387145996,0.36069050431251526,0.36318695545196533,0.41483062505722046,0.7290763258934021,0.4511643648147583,0.5949368476867676,0.46979063749313354,0.5056511759757996,0.4795307517051697,0.43214961886405945,0.46042704582214355,0.7879852056503296,0.5131387114524841,0.712926983833313,0.5397964715957642,0.6623109579086304,0.555173933506012,0.6172981262207031,FOCUS
0.39773088693618774,1.0414526462554932,0.3236634433269501,0.9809879064559937,0.27098190784454346,0.8954975008964539,0.23316948115825653,0.8098284006118774,0.199449360370636,0.7299692630767822,0.3701956868171692,0.7191634774208069,0.36157023906707764,0.5867998003959656,0.35625842213630676,0.5016794204711914,0.3577929139137268,0.42667701840400696,0.4299181401729584,0.7180241346359253,0.4454447627067566,0.5744234323501587,0.4557669758796692,0.4798596203327179,0.46675899624824524,0.39876773953437805,0.4801282286643982,0.7526969909667969,0.5199585556983948,0.6309126019477844,0.5446444153785706,0.5495481491088867,0.564766526222229,0.476322203874588,0.5222694873809814,0.8124955892562866,0.5786110758781433,0.7442607879638672,0.6159034967422485,0.6996394991874695,0.6485155820846558,0.6565380096435547,FOCUS
0.3976576328277588,1.0306658744812012,0.32496562600135803,0.9730311632156372,0.2757616937160492,0.8902668952941895,0.24069885909557343,0.8040407299995422,0.21135681867599487,0.7193173766136169,0.3762426972389221,0.7125653028488159,0.36998364329338074,0.5819023847579956,0.3660311698913574,0.4970892667770386,0.37014040350914,0.4217645525932312,0.4354175627231598,0.7121924161911011,0.4529140591621399,0.5700642466545105,0.4654816687107086,0.4777391850948334,0.4789397716522217,0.39848023653030396,0.4843233525753021,0.7469778060913086,0.5243210792541504,0.6287592053413391,0.5516875386238098,0.5512881875038147,0.5745766162872314,0.48075243830680847,0.5249840617179871,0.8056933879852295,0.5813788771629333,0.7384649515151978,0.6195223331451416,0.694466233253479,0.6534398198127747,0.6506640315055847,FOCUS
0.4052075147628784,1.0203770399093628,0.33588266372680664,0.961668848991394,0.28945791721343994,0.8816552758216858,0.25812476873397827,0.7979957461357117,0.23207689821720123,0.7147068381309509,0.39218056201934814,0.711124837398529,0.3894447386264801,0.5816482305526733,0.3883272409439087,0.49815833568573,0.39493605494499207,0.4233277142047882,0.4503045678138733,0.7128303647041321,0.47107136249542236,0.5734283328056335,0.48570773005485535,0.4830806255340576,0.5009111166000366,0.40401941537857056,0.49702396988868713,0.748661458492279,0.5413504242897034,0.6350865960121155,0.5699582099914551,0.5612625479698181,0.5932844281196594,0.49368998408317566,0.535237193107605,0.8081874251365662,0.5924420356750488,0.7444002628326416,0.6298844814300537,0.7016996145248413,0.6630032658576965,0.6584803462028503,FOCUS
0.44696593284606934,1.013983130455017,0.3956946134567261,0.9274008274078369,0.36922091245651245,0.8235740661621094,0.34372490644454956,0.7358381152153015,0.3195020854473114,0.6630350947380066,0.4761545956134796,0.7031011581420898,0.47784656286239624,0.5740751028060913,0.48022469878196716,0.4965727627277374,0.4857265055179596,0.4304884076118469,0.5295299291610718,0.717515766620636,0.5596605539321899,0.5830944776535034,0.5818576812744141,0.4991372227668762,0.6012660264968872,0.4310750365257263,0.5721280574798584,0.761789858341217,0.6266051530838013,0.6588339805603027,0.6615251302719116,0.5886666178703308,0.6888180375099182,0.5274301767349243,0.6041422486305237,0.8306154012680054,0.6734656691551208,0.7860479354858398,0.7134000062942505,0.7451922297477722,0.7463845014572144,0.7050448656082153,FOCUS
0.4151846170425415,0.993061900138855,0.3820221722126007,0.9008381962776184,0.37252548336982727,0.7901314496994019,0.3673713207244873,0.6962213516235352,0.35693830251693726,0.6166439652442932,0.48221874237060547,0.7152137160301208,0.5091121792793274,0.5920519232749939,0.5241991281509399,0.5139302611351013,0.5393140912055969,0.4482378363609314,0.5280749201774597,0.7472224235534668,0.5831398963928223,0.6216272115707397,0.6216917634010315,0.5421156287193298,0.6569947004318237,0.47543612122535706,0.5568352937698364,0.8066218495368958,0.6210535764694214,0.7219963073730469,0.6702130436897278,0.6632745265960693,0.7127728462219238,0.6096532344818115,0.5724492073059082,0.8831298351287842,0.6433454155921936,0.8572834730148315,0.6914201974868774,0.8408320546150208,0.7342000007629395,0.820930004119873,FOCUS
0.4100785553455353,0.9966368079185486,0.3771442472934723,0.9024909734725952,0.37012040615081787,0.7903158664703369,0.36290109157562256,0.69681715965271,0.3525146245956421,0.6154210567474365,0.4728434383869171,0.7078371047973633,0.49330297112464905,0.5806183815002441,0.5051863193511963,0.4998619258403778,0.5175062417984009,0.4308552145957947,0.5187456011772156,0.7409048676490784,0.5657951831817627,0.6164828538894653,0.5958244800567627,0.5317700505256653,0.6225138902664185,0.45602744817733765,0.5468834638595581,0.8008723855018616,0.6067597270011902,0.7063939571380615,0.6495311856269836,0.6367184519767761,0.6878035068511963,0.5690233111381531,0.5602946877479553,0.8786513209342957,0.6252381205558777,0.8488577604293823,0.6727535724639893,0.8229066133499146,0.7171173095703125,0.7908340096473694,FOCUS
0.40485742688179016,1.0055980682373047,0.3668273985385895,0.9108638763427734,0.3575107455253601,0.7989930510520935,0.3504748046398163,0.7063791155815125,0.3406965136528015,0.6239311099052429,0.4580111801624298,0.7190470695495605,0.48052963614463806,0.5912767648696899,0.49378785490989685,0.5098258852958679,0.5057788491249084,0.43937450647354126,0.5041254162788391,0.7537898421287537,0.5499533414840698,0.6258223056793213,0.5781872272491455,0.5351467132568359,0.603243887424469,0.4528880715370178,0.5325534343719482,0.8151888251304626,0.5896962285041809,0.7159634828567505,0.629360556602478,0.6417700052261353,0.6645491123199463,0.5698753595352173,0.5466071963310242,0.8943231105804443,0.6115100383758545,0.8683299422264099,0.6592215895652771,0.8443704843521118,0.7036740183830261,0.8136741518974304,FOCUS
0.40252065658569336,1.0041102170944214,0.36101627349853516,0.9092733860015869,0.35072678327560425,0.7998990416526794,0.3440229892730713,0.7079948782920837,0.33243897557258606,0.6250489950180054,0.456685870885849,0.7185487747192383,0.4779307544231415,0.5900898575782776,0.4914405941963196,0.5076445937156677,0.504181981086731,0.4370594918727875,0.505788266658783,0.753409206867218,0.5510938167572021,0.6246444582939148,0.580812931060791,0.5358918309211731,0.6079419851303101,0.4555191993713379,0.5371729135513306,0.8149746656417847,0.5968619585037231,0.7155218720436096,0.6406601667404175,0.6437352895736694,0.6797290444374084,0.5744468569755554,0.5538861155509949,0.8932826519012451,0.6233940720558167,0.8654734492301941,0.6738614439964294,0.8421316146850586,0.7203070521354675,0.8123498558998108,FOCUS
0.41505277156829834,0.9948195815086365,0.376444548368454,0.9029111266136169,0.366886168718338,0.7935779690742493,0.3581606149673462,0.7010027170181274,0.347170889377594,0.6192883253097534,0.4718773663043976,0.712415337562561,0.4924071729183197,0.5851660370826721,0.5048768520355225,0.503804087638855,0.5175211429595947,0.43384110927581787,0.519852876663208,0.7467560768127441,0.5681216716766357,0.6205388903617859,0.599332332611084,0.5346503257751465,0.626931369304657,0.45768675208091736,0.5492888689041138,0.8080209493637085,0.6144746541976929,0.710301399230957,0.6611506938934326,0.6409071087837219,0.7028936743736267,0.5726118087768555,0.563685953617096,0.8865519762039185,0.6343957185745239,0.858571469783783,0.6841845512390137,0.8364100456237793,0.7292792797088623,0.8075402975082397,FOCUS
0.47257256507873535,0.7829414010047913,0.4994075298309326,0.6978573203086853,0.5230661034584045,0.596890389919281,0.5479621887207031,0.5193004012107849,0.5731101632118225,0.4558783769607544,0.5010985136032104,0.594258189201355,0.5128648281097412,0.5000841617584229,0.5214818120002747,0.4334648847579956,0.5308610796928406,0.3784428834915161,0.49651479721069336,0.6005444526672363,0.5051565170288086,0.5019315481185913,0.5151247978210449,0.42947229743003845,0.5263492465019226,0.36826053261756897,0.49935564398765564,0.617057204246521,0.5089369416236877,0.515920102596283,0.5181940197944641,0.4467927813529968,0.5276055932044983,0.3903385400772095,0.5110992789268494,0.6389524340629578,0.5247193574905396,0.5624700784683228,0.5373580455780029,0.5084775686264038,0.5501267313957214,0.46202439069747925,FOCUS
0.5093774199485779,1.0474183559417725,0.525068461894989,0.9730217456817627,0.5584486722946167,0.8962344527244568,0.5941891670227051,0.8465895652770996,0.6338199377059937,0.8103814721107483,0.6127047538757324,0.8230627775192261,0.6619315147399902,0.7216943502426147,0.6935163140296936,0.6609447002410889,0.7212247848510742,0.6118377447128296,0.6196720600128174,0.8383194208145142,0.6671099066734314,0.7109975814819336,0.6983829736709595,0.6271201372146606,0.7237408757209778,0.5614215135574341,0.619892954826355,0.882097065448761,0.6705582737922668,0.7715614438056946,0.7024627923965454,0.6886098384857178,0.729657769203186,0.6209841966629028,0.6150869131088257,0.9496927261352539,0.67383873462677,0.9281319975852966,0.7131974101066589,0.9177217483520508,0.7440347671508789,0.9095641374588013,FOCUS
0.5446364879608154,1.0847480297088623,0.5328227877616882,1.0049458742141724,0.5509678721427917,0.9057702422142029,0.5708784461021423,0.8327122926712036,0.5911582708358765,0.77262282371521,0.6234062314033508,0.8370239734649658,0.6506287455558777,0.7135067582130432,0.6665418744087219,0.6363528966903687,0.6833019852638245,0.5730165839195251,0.6460666060447693,0.8587393760681152,0.6972914338111877,0.7351593375205994,0.7330866456031799,0.651989758014679,0.7657026648521423,0.5838626623153687,0.6618360280990601,0.8989524841308594,0.712952733039856,0.7909985184669495,0.7491398453712463,0.707270622253418,0.7831799387931824,0.6377337574958801,0.6719649434089661,0.9548308253288269,0.7321908473968506,0.8877493143081665,0.7783999443054199,0.8385604023933411,0.8203442096710205,0.7948417067527771,FOCUS
0.5322713851928711,1.0870124101638794,0.5214794278144836,0.9965704679489136,0.5439771413803101,0.8954688310623169,0.5660527944564819,0.8197471499443054,0.5903339982032776,0.7571805715560913,0.6187049746513367,0.8398818373680115,0.6542304158210754,0.7181529998779297,0.6749905347824097,0.641072154045105,0.6936752796173096,0.5756529569625854,0.6432324647903442,0.873108983039856,0.7037307620048523,0.7512877583503723,0.7453609108924866,0.6708849668502808,0.7817903757095337,0.60390305519104,0.6554678678512573,0.9269236922264099,0.7230887413024902,0.840276837348938,0.7733733654022217,0.7768303155899048,0.8184853792190552,0.7200043201446533,0.6575741767883301,0.9954618215560913,0.7217543125152588,0.9553336501121521,0.7707270979881287,0.9228499531745911,0.8138459324836731,0.8895224928855896,FOCUS
0.5036374926567078,1.0732543468475342,0.49945205450057983,0.9728277325630188,0.5224320292472839,0.8686806559562683,0.5417941212654114,0.7911900281906128,0.5598622560501099,0.7193101048469543,0.6039049625396729,0.8231356143951416,0.6451196670532227,0.6982373595237732,0.6685348749160767,0.6189871430397034,0.6875697374343872,0.5534430742263794,0.626026451587677,0.8654211163520813,0.6879444718360901,0.7437467575073242,0.7243030071258545,0.6583607196807861,0.7533528804779053,0.586493730545044,0.6312626600265503,0.9325451254844666,0.6976984143257141,0.8512535691261292,0.7454285025596619,0.7931499481201172,0.7863242626190186,0.7390239834785461,0.6226052045822144,1.01723313331604,0.6684983968734741,1.0084120035171509,0.699142575263977,0.9986003637313843,0.7256050705909729,0.9865845441818237,FOCUS
0.4887736439704895,1.0204259157180786,0.47864651679992676,0.9241442680358887,0.49577197432518005,0.8244600892066956,0.510055422782898,0.7522643208503723,0.5230371356010437,0.6857872009277344,0.5761502981185913,0.7761873602867126,0.6099588871002197,0.6517112255096436,0.6285831332206726,0.5736143589019775,0.6418222188949585,0.506301760673523,0.6030692458152771,0.8222838044166565,0.6567246317863464,0.6959548592567444,0.6899972558021545,0.6114190816879272,0.7168938517570496,0.5381213426589966,0.6122744083404541,0.8925076127052307,0.6774957180023193,0.8092721700668335,0.7300337553024292,0.7471251487731934,0.7752248048782349,0.6860448718070984,0.6080628633499146,0.9782190918922424,0.6722896695137024,0.9744554162025452,0.7204468250274658,0.968085527420044,0.7613389492034912,0.9561034440994263,FOCUS
0.4107164442539215,0.9568243622779846,0.3745042383670807,0.8588648438453674,0.364703506231308,0.7468360662460327,0.3591112792491913,0.6529253125190735,0.3521866500377655,0.573338508605957,0.4892047345638275,0.6608777642250061,0.5153504610061646,0.5405492782592773,0.5294615626335144,0.46159785985946655,0.544276237487793,0.3990837037563324,0.5373486280441284,0.6920218467712402,0.5860385894775391,0.5729687809944153,0.6225098967552185,0.49633824825286865,0.6556974649429321,0.43241721391677856,0.568116307258606,0.7524941563606262,0.6376791000366211,0.6677834987640381,0.683539628982544,0.6167176365852356,0.7190134525299072,0.5692098140716553,0.5844579339027405,0.8332018256187439,0.6538494229316711,0.81038498878479,0.68848717212677,0.7940478920936584,0.7124977111816406,0.7725022435188293,FOCUS
0.3601589500904083,0.9162574410438538,0.3953403830528259,0.8255054354667664,0.39612656831741333,0.6981935501098633,0.39254799485206604,0.6029372811317444,0.3971618115901947,0.5234482288360596,0.35040581226348877,0.589231014251709,0.3431979715824127,0.46743226051330566,0.34079742431640625,0.3920007348060608,0.3362314999103546,0.32584282755851746,0.3476671278476715,0.581638753414154,0.3281051516532898,0.4471627473831177,0.3211981952190399,0.35797426104545593,0.3129337728023529,0.2844551205635071,0.3479994237422943,0.5965816378593445,0.340230792760849,0.4732376039028168,0.3429543673992157,0.4023829996585846,0.34120434522628784,0.3418310284614563,0.3556370735168457,0.6253300905227661,0.36441770195961,0.5366806387901306,0.3695894181728363,0.48326802253723145,0.3702295124530792,0.4381270408630371,FOCUS
0.4180605113506317,0.9680535793304443,0.43967559933662415,0.9133567810058594,0.45747432112693787,0.8305362462997437,0.4851952791213989,0.7548847794532776,0.5023354291915894,0.6739739179611206,0.4300023317337036,0.657894492149353,0.4323867857456207,0.516364336013794,0.43477630615234375,0.4242103397846222,0.43741369247436523,0.345034122467041,0.4353933036327362,0.6578709483146667,0.43208345770835876,0.5183899998664856,0.4322112798690796,0.42384225130081177,0.43328776955604553,0.3408048748970032,0.44621455669403076,0.676815390586853,0.449177086353302,0.5508372783660889,0.4499013423919678,0.4615144431591034,0.45113280415534973,0.38674792647361755,0.46079131960868835,0.7087165713310242,0.4720239043235779,0.6168286800384521,0.4740220010280609,0.5515779256820679,0.47627702355384827,0.4966568350791931,FOCUS
0.41586220264434814,0.9742603302001953,0.43914133310317993,0.9158942699432373,0.4594147205352783,0.836203396320343,0.49429166316986084,0.7737190127372742,0.5125835537910461,0.7048949003219604,0.43483367562294006,0.6591452956199646,0.4364240765571594,0.5229531526565552,0.4375267028808594,0.43140193819999695,0.44033628702163696,0.35565298795700073,0.4326550364494324,0.6690084338188171,0.4283052384853363,0.5277559757232666,0.42810553312301636,0.43188393115997314,0.43151241540908813,0.3472360670566559,0.43457046151161194,0.7052014470100403,0.43641382455825806,0.5811936259269714,0.437842458486557,0.49483972787857056,0.44107845425605774,0.4205613136291504,0.43934687972068787,0.762506902217865,0.45896390080451965,0.7005144953727722,0.47228121757507324,0.6563035845756531,0.484148770570755,0.6182570457458496,FOCUS
0.42073407769203186,0.974367618560791,0.44479528069496155,0.9348902106285095,0.4726273715496063,0.8747612237930298,0.5099292397499084,0.8204538822174072,0.5344526767730713,0.7603668570518494,0.45254677534103394,0.6827132105827332,0.4560232162475586,0.5485504269599915,0.4586159586906433,0.461476594209671,0.4622303247451782,0.38492080569267273,0.4470435082912445,0.6747035384178162,0.4457283318042755,0.5403518676757812,0.4476836919784546,0.4452080726623535,0.4501376450061798,0.358364462852478,0.44579970836639404,0.6833362579345703,0.44837549328804016,0.5591436624526978,0.44995808601379395,0.4738771915435791,0.45225226879119873,0.3996848165988922,0.44776850938796997,0.7058440446853638,0.45268771052360535,0.6125416159629822,0.45444414019584656,0.5435245037078857,0.45709067583084106,0.48513901233673096,FOCUS
0.42694079875946045,0.9791965484619141,0.4656516909599304,0.9159252643585205,0.4883531332015991,0.8563975691795349,0.5126261115074158,0.8172086477279663,0.5178000330924988,0.7654645442962646,0.4617929458618164,0.6783875226974487,0.4649091958999634,0.5539563298225403,0.4661788046360016,0.46527421474456787,0.46943098306655884,0.3908887803554535,0.44998130202293396,0.6926261782646179,0.45046237111091614,0.5588207244873047,0.4523988962173462,0.4632275700569153,0.4578702747821808,0.3791385889053345,0.4405537247657776,0.7392596006393433,0.45076465606689453,0.627251148223877,0.4580114483833313,0.5483570098876953,0.46519047021865845,0.47960978746414185,0.4356458783149719,0.8122499585151672,0.4645518958568573,0.7747625708580017,0.4876596927642822,0.7399607300758362,0.5070177316665649,0.7096291184425354,FOCUS
0.41072267293930054,0.9782289862632751,0.45379623770713806,0.8994582295417786,0.4763638377189636,0.8367796540260315,0.4982759952545166,0.8014915585517883,0.50184565782547,0.7519800662994385,0.4489557445049286,0.6684084534645081,0.4537927210330963,0.5450712442398071,0.4561021327972412,0.45672279596328735,0.45920529961586,0.3823857307434082,0.43670710921287537,0.6939323544502258,0.44188788533210754,0.5568002462387085,0.44531548023223877,0.4638514816761017,0.4494946599006653,0.38053131103515625,0.4271063208580017,0.7546720504760742,0.444947749376297,0.6530399918556213,0.4537985324859619,0.5784072279930115,0.45886990427970886,0.5111222267150879,0.4226756989955902,0.8407451510429382,0.4619297385215759,0.8165879249572754,0.4908902645111084,0.7930877804756165,0.5130926966667175,0.7706884145736694,FOCUS
0.4091133177280426,0.9753093719482422,0.4206259548664093,0.9353840351104736,0.4359613060951233,0.8662654757499695,0.46419551968574524,0.7989307045936584,0.4831540286540985,0.7377384305000305,0.4254193603992462,0.680717408657074,0.43351683020591736,0.5526570677757263,0.43647924065589905,0.46515247225761414,0.4388761520385742,0.39022403955459595,0.42837032675743103,0.668434202671051,0.4355946183204651,0.5376294255256653,0.4408299922943115,0.4450870752334595,0.4446806311607361,0.3601016402244568,0.4321208596229553,0.6807748675346375,0.4411308765411377,0.5639816522598267,0.4437970817089081,0.48113828897476196,0.445621132850647,0.4061466157436371,0.4366118609905243,0.7118167877197266,0.44667965173721313,0.6277347803115845,0.4518817663192749,0.5723412036895752,0.45793476700782776,0.5262988805770874,FOCUS
0.30227190256118774,0.8705592751502991,0.25651901960372925,0.7636725306510925,0.22839219868183136,0.6520848870277405,0.19752880930900574,0.5639208555221558,0.1711476892232895,0.48834431171417236,0.3378433585166931,0.5440241694450378,0.3446396589279175,0.4222501516342163,0.3473298251628876,0.3458346128463745,0.35445117950439453,0.28089001774787903,0.3814235031604767,0.5601263046264648,0.41278356313705444,0.4320806562900543,0.43324095010757446,0.3492303192615509,0.4527209401130676,0.2781742215156555,0.4152875542640686,0.6003054976463318,0.4554795026779175,0.48972415924072266,0.4782879948616028,0.41455310583114624,0.49736905097961426,0.3451034426689148,0.4423603415489197,0.6608241200447083,0.49396073818206787,0.5967466235160828,0.5245639085769653,0.5452659726142883,0.5500300526618958,0.4920085668563843,FOCUS
0.4533572494983673,1.0433368682861328,0.518845796585083,0.9649404287338257,0.5629116296768188,0.8635687232017517,0.6082806587219238,0.7896896600723267,0.6614871025085449,0.7829921841621399,0.5113675594329834,0.7576245069503784,0.5115628242492676,0.5952645540237427,0.512620210647583,0.5019874572753906,0.5165525078773499,0.4303356111049652,0.4581773281097412,0.767711877822876,0.4281827211380005,0.5852210521697998,0.4114217460155487,0.47928857803344727,0.4025067389011383,0.4016123414039612,0.4060938358306885,0.7997525930404663,0.37980902194976807,0.632689893245697,0.36895257234573364,0.5299257636070251,0.3657355308532715,0.4512207806110382,0.3579074442386627,0.8475406765937805,0.30855149030685425,0.7418153882026672,0.2781902253627777,0.6787850856781006,0.25545263290405273,0.6221051216125488,FOCUS
0.4414222538471222,1.0804846286773682,0.5131502151489258,0.9948704242706299,0.5543063282966614,0.8947017192840576,0.6021354794502258,0.8138644695281982,0.6626496315002441,0.7959713935852051,0.4982285797595978,0.7897805571556091,0.49774420261383057,0.6161877512931824,0.49804821610450745,0.511060357093811,0.500703752040863,0.43101879954338074,0.43595218658447266,0.8108659982681274,0.3986065983772278,0.6148253679275513,0.37494805455207825,0.49486836791038513,0.36098068952560425,0.4048807919025421,0.3769235610961914,0.8537402749061584,0.3355734348297119,0.6737040281295776,0.311876505613327,0.5586512088775635,0.3001363277435303,0.471420019865036,0.327345609664917,0.908866286277771,0.2587026357650757,0.802897036075592,0.2140936255455017,0.7422212362289429,0.18141618371009827,0.6846067309379578,FOCUS
0.41678473353385925,1.072890043258667,0.4952808618545532,0.9792425632476807,0.5387648940086365,0.8754515647888184,0.5843398571014404,0.7864224910736084,0.6402696371078491,0.7601987719535828,0.47276052832603455,0.7555067539215088,0.4754108488559723,0.5805776715278625,0.4762455224990845,0.4728248119354248,0.4770287275314331,0.39110568165779114,0.4090748131275177,0.776503324508667,0.36848020553588867,0.5766288042068481,0.3422137498855591,0.4555879831314087,0.32406342029571533,0.3655228614807129,0.34929269552230835,0.8226651549339294,0.3008859157562256,0.6479508876800537,0.27120810747146606,0.5330386161804199,0.2536405920982361,0.4447764754295349,0.29756513237953186,0.8838481307029724,0.2198793739080429,0.7773789167404175,0.16909028589725494,0.7230191826820374,0.1288764774799347,0.6718894839286804,FOCUS
0.42779985070228577,1.0701113939285278,0.5025156736373901,0.9816381335258484,0.5425063371658325,0.8778486251831055,0.5856633186340332,0.7883720397949219,0.6422603726387024,0.7613542079925537,0.4849061965942383,0.76034015417099,0.4903239905834198,0.5860256552696228,0.49352899193763733,0.47861558198928833,0.4963495135307312,0.3980056643486023,0.42338088154792786,0.7779906392097473,0.38581231236457825,0.5791798830032349,0.36131811141967773,0.4586838185787201,0.34389254450798035,0.36847206950187683,0.3644884526729584,0.8239070177078247,0.31527161598205566,0.6508832573890686,0.2854462265968323,0.5366540551185608,0.2671465277671814,0.44759824872016907,0.3119176924228668,0.8873054385185242,0.2351657599210739,0.783117413520813,0.18416139483451843,0.7288699150085449,0.14353275299072266,0.676474928855896,FOCUS
0.43266111612319946,1.0748108625411987,0.509114146232605,0.9834845066070557,0.5501103401184082,0.8808825016021729,0.5965129733085632,0.7939877510070801,0.6543312668800354,0.7705148458480835,0.49571317434310913,0.771615207195282,0.5032477378845215,0.59535151720047,0.5067786574363708,0.48734715580940247,0.509426474571228,0.40531378984451294,0.4313715398311615,0.7958434820175171,0.39756619930267334,0.5944778919219971,0.3746796250343323,0.47145259380340576,0.35810500383377075,0.3784997761249542,0.37013381719589233,0.841081976890564,0.3233652710914612,0.6662849187850952,0.294857382774353,0.5482755303382874,0.2782523036003113,0.455996036529541,0.31843477487564087,0.8984350562095642,0.24400964379310608,0.7956373691558838,0.19520331919193268,0.7413054704666138,0.15726664662361145,0.6867586374282837,FOCUS
0.427163302898407,1.0775600671768188,0.5043197870254517,0.9820556044578552,0.5452196598052979,0.8798803687095642,0.5915809869766235,0.792292594909668,0.6505002975463867,0.7642700672149658,0.4970511794090271,0.7758524417877197,0.5046917796134949,0.600731372833252,0.508080244064331,0.49104082584381104,0.5116992592811584,0.4061131775379181,0.4319053292274475,0.7999780774116516,0.39785996079444885,0.5987759232521057,0.37420549988746643,0.47439053654670715,0.3572988212108612,0.3779892921447754,0.3693261742591858,0.84507817029953,0.32148027420043945,0.6692377328872681,0.2913653254508972,0.5515886545181274,0.2737162709236145,0.45937320590019226,0.31589794158935547,0.9025565385818481,0.2406255602836609,0.7978716492652893,0.19039900600910187,0.7453994750976562,0.15069207549095154,0.6925119161605835,FOCUS
0.4328862428665161,1.0678529739379883,0.503078818321228,0.9709349870681763,0.5379436016082764,0.8613156676292419,0.5799614191055298,0.7662265300750732,0.6345414519309998,0.7307000756263733,0.4997001886367798,0.7625511288642883,0.5023895502090454,0.5833910703659058,0.5050917267799377,0.47275763750076294,0.5084917545318604,0.38861986994743347,0.4417271018028259,0.7854112386703491,0.40807273983955383,0.5822256803512573,0.38607895374298096,0.4570434093475342,0.3704375624656677,0.3606480062007904,0.3820209205150604,0.8298363089561462,0.3312376141548157,0.654748797416687,0.3003726005554199,0.5411242246627808,0.28181567788124084,0.45165783166885376,0.32725536823272705,0.8891692161560059,0.24595078825950623,0.7808145880699158,0.19196532666683197,0.730421245098114,0.1492697298526764,0.6791541576385498,FOCUS
0.4143151044845581,1.050872802734375,0.48168134689331055,0.9584988951683044,0.5177080035209656,0.844616711139679,0.5537731647491455,0.749029815196991,0.6023385524749756,0.7142227292060852,0.47783541679382324,0.7566056847572327,0.47274667024612427,0.5784940123558044,0.4741493761539459,0.47140321135520935,0.47661447525024414,0.3889041543006897,0.4230395257472992,0.7776069045066833,0.39122653007507324,0.5739594101905823,0.370824933052063,0.45425084233283997,0.3570026755332947,0.36055460572242737,0.3643805980682373,0.8217089176177979,0.3257979154586792,0.6464127898216248,0.30429744720458984,0.5288404226303101,0.29396069049835205,0.4367420971393585,0.3060839772224426,0.8787592649459839,0.22738702595233917,0.7781476974487305,0.1746785193681717,0.7250491976737976,0.1349518895149231,0.6728278994560242,FOCUS
0.3925129175186157,1.0489273071289062,0.4221251308917999,0.9521852135658264,0.4304962754249573,0.8344560265541077,0.43248695135116577,0.7403777241706848,0.43555471301078796,0.6664470434188843,0.45253267884254456,0.72284996509552,0.45025166869163513,0.577405571937561,0.4636951684951782,0.47650861740112305,0.48269546031951904,0.3944162130355835,0.4412752687931061,0.730658233165741,0.4408797323703766,0.5626174211502075,0.4546974003314972,0.43814119696617126,0.4758381247520447,0.33460408449172974,0.42076465487480164,0.7557339668273926,0.4263972342014313,0.5971053838729858,0.44247522950172424,0.4893267750740051,0.4659225344657898,0.39650583267211914,0.3957344889640808,0.7960291504859924,0.3965665400028229,0.7045077085494995,0.4093358516693115,0.6406660676002502,0.4236672818660736,0.5843588709831238,FOCUS
0.4393559694290161,0.6120109558105469,0.44071176648139954,0.5900369882583618,0.4461767375469208,0.5456432700157166,0.45589479804039,0.5033201575279236,0.46913033723831177,0.47453442215919495,0.43040379881858826,0.5061874389648438,0.4271138310432434,0.43444448709487915,0.43149271607398987,0.3839333653450012,0.4359341263771057,0.342146635055542,0.43837034702301025,0.4882383346557617,0.4429972469806671,0.4102987051010132,0.45460307598114014,0.3567918539047241,0.46484142541885376,0.31125080585479736,0.44894254207611084,0.4830975830554962,0.4546559751033783,0.4160568416118622,0.46301209926605225,0.3685624599456787,0.4708617925643921,0.32779064774513245,0.45924824476242065,0.4869896471500397,0.4630606770515442,0.43789178133010864,0.4687413275241852,0.4059879779815674,0.4755209684371948,0.37993085384368896,FOCUS
0.4524756073951721,0.6315553188323975,0.46099740266799927,0.577426552772522,0.47248658537864685,0.50993812084198,0.49180522561073303,0.45341330766677856,0.5148131251335144,0.4094524681568146,0.44333240389823914,0.4833488166332245,0.44638991355895996,0.4165398180484772,0.45421820878982544,0.37225550413131714,0.4626801013946533,0.3379201889038086,0.44989171624183655,0.4806503653526306,0.4611761271953583,0.4095509350299835,0.47442686557769775,0.3599281907081604,0.4876386821269989,0.319235235452652,0.4603799283504486,0.4882148206233978,0.4709715247154236,0.42154213786125183,0.4820218086242676,0.3745911419391632,0.4926992356777191,0.3366967439651489,0.4720917046070099,0.5044208765029907,0.48249492049217224,0.4541420638561249,0.49183976650238037,0.42228585481643677,0.49973681569099426,0.39850378036499023,FOCUS
0.34007886052131653,0.979048490524292,0.3093770444393158,0.8582147359848022,0.3073136806488037,0.7382969856262207,0.3007475733757019,0.6542215347290039,0.2997013330459595,0.578575849533081,0.37945517897605896,0.6314854025840759,0.38748276233673096,0.4868399500846863,0.38657644391059875,0.3938117027282715,0.3826931118965149,0.31678512692451477,0.40268996357917786,0.6627297401428223,0.43127143383026123,0.5008689165115356,0.44940677285194397,0.39114418625831604,0.46542081236839294,0.300326406955719,0.4143235683441162,0.7265873551368713,0.45590493083000183,0.5907925963401794,0.4844950735569,0.49602073431015015,0.5099258422851562,0.4112122356891632,0.41743865609169006,0.8171091675758362,0.46868932247161865,0.7643092274665833,0.5072364211082458,0.7252150774002075,0.5425453782081604,0.6864040493965149,FOCUS
0.29873669147491455,1.0091599225997925,0.24024248123168945,0.9097737073898315,0.2034369558095932,0.7879884243011475,0.17275618016719818,0.6884143352508545,0.1406612992286682,0.6040934324264526,0.3261074721813202,0.6541543006896973,0.3294355571269989,0.49622976779937744,0.3350285291671753,0.3959343135356903,0.34365716576576233,0.31299665570259094,0.38284826278686523,0.6808976531028748,0.41169989109039307,0.5075648427009583,0.4342866539955139,0.39332738518714905,0.4572734236717224,0.29812607169151306,0.4279448986053467,0.7435030937194824,0.46447819471359253,0.5928354263305664,0.4866144061088562,0.4873019754886627,0.5079902410507202,0.39527130126953125,0.4651545286178589,0.8304309844970703,0.5365639328956604,0.7510508894920349,0.5880662202835083,0.6995706558227539,0.6351101994514465,0.646979808807373,FOCUS
0.34932243824005127,1.124565839767456,0.24747148156166077,1.0810359716415405,0.15559208393096924,1.0020101070404053,0.0714532732963562,0.9265183210372925,-0.0030187368392944336,0.8592427372932434,0.2510286271572113,0.749823272228241,0.21477875113487244,0.5882554054260254,0.19412797689437866,0.48265305161476135,0.18101587891578674,0.39100897312164307,0.3189961016178131,0.7327207326889038,0.3041175901889801,0.5537420511245728,0.2991498112678528,0.4372323751449585,0.2980020344257355,0.33900731801986694,0.3845045566558838,0.7578572630882263,0.3838271498680115,0.602293074131012,0.3852982521057129,0.5027133226394653,0.38517436385154724,0.41335996985435486,0.44807106256484985,0.8122863173484802,0.4851444959640503,0.715806245803833,0.5116703510284424,0.6526474356651306,0.5351804494857788,0.5906270742416382,FOCUS
0.6888049840927124,0.9612476825714111,0.7609083652496338,0.8266516923904419,0.7566997408866882,0.6817886233329773,0.6937488317489624,0.6053662896156311,0.6300696134567261,0.6159447431564331,0.6938808560371399,0.6156543493270874,0.6550971865653992,0.5583817362785339,0.6675847172737122,0.6087172031402588,0.6836915016174316,0.6534865498542786,0.6200307011604309,0.6510393619537354,0.5915435552597046,0.5868843197822571,0.6081796288490295,0.6308853030204773,0.6227113604545593,0.681316077709198,0.558707058429718,0.6998937726020813,0.5450252294540405,0.633779764175415,0.5655584335327148,0.666474461555481,0.5797612071037292,0.7123993039131165,0.5138400197029114,0.7528597116470337,0.5157182216644287,0.6949247717857361,0.5359454154968262,0.7219241261482239,0.5465993881225586,0.7567640542984009,SHUTDOWN
0.6822086572647095,0.9806352853775024,0.7736338973045349,0.8866999745368958,0.8104985952377319,0.7582588195800781,0.8063172698020935,0.6399582028388977,0.7732759118080139,0.5861343145370483,0.7445686459541321,0.6330288648605347,0.7180365324020386,0.5680591464042664,0.7264118790626526,0.6183880567550659,0.7381000518798828,0.6682344675064087,0.6651240587234497,0.6445691585540771,0.6599770188331604,0.5897748470306396,0.6718306541442871,0.6357413530349731,0.6768589019775391,0.6872068643569946,0.5941051244735718,0.6777977347373962,0.6056700944900513,0.6301062107086182,0.6206011772155762,0.6686975955963135,0.6274971961975098,0.7188256978988647,0.5378378629684448,0.7205249667167664,0.5609686374664307,0.6765453219413757,0.5757869482040405,0.7111061215400696,0.5819907784461975,0.7516587972640991,SHUTDOWN
0.6822370290756226,1.0387535095214844,0.7782912254333496,0.9381373524665833,0.811988353729248,0.7921954393386841,0.8061238527297974,0.657021164894104,0.7615569829940796,0.6229172945022583,0.7552637457847595,0.6853322982788086,0.7145211696624756,0.610011100769043,0.7229948043823242,0.6636062264442444,0.7376524209976196,0.7093470692634583,0.6736522912979126,0.7022622227668762,0.6542155742645264,0.631687343120575,0.6644869446754456,0.6753518581390381,0.671196699142456,0.7215744256973267,0.5998121500015259,0.7358595728874207,0.5997354984283447,0.6750228404998779,0.613201916217804,0.7119633555412292,0.6203908324241638,0.7569496035575867,0.5403541922569275,0.7766716480255127,0.5563686490058899,0.7256011962890625,0.5677918195724487,0.7605202794075012,0.5728607773780823,0.7950063347816467,SHUTDOWN
0.7203693389892578,0.9930295944213867,0.7469254732131958,0.8632004261016846,0.7124224901199341,0.7327857613563538,0.634009838104248,0.6452699899673462,0.579226553440094,0.6022089719772339,0.771687924861908,0.6621967554092407,0.6254737377166748,0.5892772674560547,0.6086968779563904,0.6428583264350891,0.6312941312789917,0.6713870763778687,0.7506694793701172,0.7124969363212585,0.5824692249298096,0.6476665139198303,0.5875263810157776,0.7076493501663208,0.6232804656028748,0.7281232476234436,0.7151881456375122,0.7688308358192444,0.5630755424499512,0.7190873026847839,0.5799582004547119,0.7749021053314209,0.6198404431343079,0.7910264730453491,0.6727814078330994,0.8279778957366943,0.5588902235031128,0.7992032170295715,0.5753333568572998,0.8465996384620667,0.612145721912384,0.8647408485412598,SHUTDOWN
0.7272193431854248,1.0219123363494873,0.6260117888450623,0.985862135887146,0.5399103164672852,0.8652302026748657,0.509861409664154,0.7420551180839539,0.5513535141944885,0.660698652267456,0.6185882091522217,0.7092030048370361,0.593530535697937,0.6318333148956299,0.5923840403556824,0.7530481219291687,0.6096364259719849,0.8133206963539124,0.687224268913269,0.7069952487945557,0.6569797992706299,0.6189565658569336,0.6519839763641357,0.7730164527893066,0.6779177188873291,0.8224447965621948,0.7608590126037598,0.7218637466430664,0.7371218800544739,0.6293652653694153,0.7209219336509705,0.772506058216095,0.7368137836456299,0.8204655647277832,0.8393470048904419,0.755660891532898,0.816247284412384,0.675220251083374,0.7908166646957397,0.7678796052932739,0.7948868274688721,0.8101420402526855,SHUTDOWN
0.7789163589477539,1.0874853134155273,0.6703499555587769,1.0365837812423706,0.5722323656082153,0.9315180778503418,0.5276358723640442,0.8082225322723389,0.5692130327224731,0.7207103371620178,0.6485255360603333,0.760554313659668,0.6059057712554932,0.6842501163482666,0.6157323718070984,0.8156505823135376,0.6380729675292969,0.8381892442703247,0.7221869230270386,0.7568697333335876,0.6744575500488281,0.6769446134567261,0.6782256960868835,0.8378599286079407,0.7070404887199402,0.8462520837783813,0.7983900308609009,0.7680800557136536,0.754867434501648,0.6828271746635437,0.7472450733184814,0.8407407999038696,0.773204505443573,0.8573223352432251,0.8803846836090088,0.7975516319274902,0.8390291333198547,0.7253704071044922,0.8169247508049011,0.8320806622505188,0.8329151272773743,0.8612534999847412,SHUTDOWN
0.7394860982894897,1.0889877080917358,0.6474765539169312,1.0249967575073242,0.5577834844589233,0.9154387712478638,0.5133073329925537,0.797203004360199,0.5632415413856506,0.7126745581626892,0.6438749432563782,0.7441542148590088,0.5925491452217102,0.675753653049469,0.5964656472206116,0.8037941455841064,0.6210597157478333,0.834769070148468,0.7140420079231262,0.7443935871124268,0.6554588675498962,0.6868984699249268,0.6560705304145813,0.8471065759658813,0.6866068840026855,0.8549339175224304,0.7852444052696228,0.7650042772293091,0.7310677170753479,0.6982494592666626,0.7216221690177917,0.8511192798614502,0.7493508458137512,0.8684841394424438,0.8576392531394958,0.8066977262496948,0.8046833872795105,0.7483680844306946,0.781814694404602,0.8494246602058411,0.7983425259590149,0.8808174729347229,SHUTDOWN
0.7264547348022461,1.0864861011505127,0.6283529996871948,1.024773120880127,0.5414226055145264,0.9185601472854614,0.5167810320854187,0.8018420934677124,0.5844316482543945,0.7433251738548279,0.6224600672721863,0.7303970456123352,0.5704483985900879,0.6932417750358582,0.5760904550552368,0.8229316473007202,0.6004159450531006,0.8382284641265869,0.6964938640594482,0.7235870957374573,0.6407527327537537,0.7042980194091797,0.6402210593223572,0.8621465563774109,0.6691122055053711,0.8584520816802979,0.7683265209197998,0.7456351518630981,0.7136530876159668,0.7244303822517395,0.7049306035041809,0.8725351095199585,0.7334216833114624,0.8741483688354492,0.8406531810760498,0.7916553616523743,0.782227635383606,0.773587167263031,0.7641339302062988,0.8709986209869385,0.7835273742675781,0.8843953609466553,SHUTDOWN
0.7401405572891235,1.043688416481018,0.6592534780502319,1.0323026180267334,0.5614264011383057,0.9410161375999451,0.5070480108261108,0.8459423780441284,0.5413839221000671,0.7726892232894897,0.6226118803024292,0.7376614212989807,0.5833086967468262,0.6205301880836487,0.5696039199829102,0.7209639549255371,0.5844592452049255,0.8027562499046326,0.6926964521408081,0.7329739928245544,0.6478759050369263,0.6003782749176025,0.6229404211044312,0.7386177182197571,0.6397358179092407,0.829526424407959,0.7669714689254761,0.7580881118774414,0.7340977191925049,0.637101411819458,0.700786828994751,0.7787948250770569,0.7078243494033813,0.8720566630363464,0.8469153642654419,0.8056688904762268,0.8169154524803162,0.7206853032112122,0.7800924181938171,0.8058587908744812,0.7763125896453857,0.8810734748840332,SHUTDOWN
0.7388817071914673,1.1296045780181885,0.6583576798439026,1.0857183933258057,0.5855544209480286,0.9930307865142822,0.5690868496894836,0.9101831912994385,0.5810973048210144,0.8449289202690125,0.5885007977485657,0.793441891670227,0.5347163081169128,0.6850864291191101,0.5374866724014282,0.7929164171218872,0.5613051056861877,0.877912700176239,0.6575530171394348,0.7756040096282959,0.6098758578300476,0.6416422724723816,0.6042435765266418,0.788216233253479,0.6247647404670715,0.884039580821991,0.7338858246803284,0.7812957763671875,0.6934248805046082,0.6661744713783264,0.6769177913665771,0.8211926221847534,0.6868496537208557,0.9129003286361694,0.8170841336250305,0.8077057600021362,0.7774699926376343,0.719677746295929,0.7453413009643555,0.8178859353065491,0.7433634996414185,0.8877807855606079,SHUTDOWN
0.73087078332901,1.1383976936340332,0.6509246826171875,1.0977461338043213,0.5757285952568054,1.011712908744812,0.5555012226104736,0.9501922130584717,0.5644028186798096,0.9023775458335876,0.5891140103340149,0.8164475560188293,0.5377450585365295,0.7305793762207031,0.5452529191970825,0.8556211590766907,0.5707440972328186,0.935417652130127,0.6624470949172974,0.8004078269004822,0.6130082607269287,0.7053923606872559,0.6169189810752869,0.8715400695800781,0.6440585851669312,0.9415678977966309,0.7397148609161377,0.8071208000183105,0.694567084312439,0.7258720397949219,0.6939838528633118,0.8879954814910889,0.7154366374015808,0.9424437880516052,0.8222180604934692,0.8342177271842957,0.7780543565750122,0.7718275189399719,0.7616829872131348,0.8793284296989441,0.7729281187057495,0.9209127426147461,SHUTDOWN
0.7212330102920532,1.1417560577392578,0.6479169130325317,1.099448323249817,0.5804294347763062,0.9898973703384399,0.5724395513534546,0.9127450585365295,0.5884379148483276,0.8604947924613953,0.5974816679954529,0.8242589235305786,0.5518205165863037,0.7325776815414429,0.5538961291313171,0.8633679151535034,0.5759398341178894,0.9463866949081421,0.6701861023902893,0.8093438744544983,0.6246866583824158,0.7070398330688477,0.6232903599739075,0.8722478747367859,0.649461567401886,0.9415245652198792,0.7463581562042236,0.8207265138626099,0.7052984833717346,0.7388964891433716,0.6998239755630493,0.8991879224777222,0.7203174233436584,0.9491356015205383,0.8282769918441772,0.8505788445472717,0.7859082221984863,0.7902855277061462,0.768244743347168,0.8951908946037292,0.780015230178833,0.9326237440109253,SHUTDOWN
0.7256930470466614,1.1420872211456299,0.6574560403823853,1.1080529689788818,0.587878406047821,1.0172572135925293,0.5730137228965759,0.9600462913513184,0.5891911387443542,0.9137188196182251,0.6074169874191284,0.8286350965499878,0.5595714449882507,0.731520414352417,0.5583147406578064,0.8632089495658875,0.579973042011261,0.9467143416404724,0.6795328259468079,0.816336452960968,0.631847620010376,0.7093114852905273,0.6280584931373596,0.8795701861381531,0.6552547812461853,0.9448789358139038,0.7538166642189026,0.8287602663040161,0.7122865319252014,0.7424328923225403,0.7049195170402527,0.9054857492446899,0.7265002131462097,0.9511482119560242,0.8336092829704285,0.8603495359420776,0.794573962688446,0.7984278798103333,0.7742924094200134,0.9055055975914001,0.7847034931182861,0.9431673288345337,SHUTDOWN
0.7367172241210938,1.1399784088134766,0.6679768562316895,1.1112229824066162,0.5925660729408264,1.0339510440826416,0.5680972337722778,0.986957848072052,0.5775812864303589,0.9570631384849548,0.6074680089950562,0.833209753036499,0.5581092834472656,0.7365225553512573,0.5578612685203552,0.8665637969970703,0.5776026844978333,0.9524421691894531,0.6799418330192566,0.8212683200836182,0.6315302848815918,0.7115503549575806,0.6278273463249207,0.8803133964538574,0.6521182060241699,0.9516249895095825,0.7549507021903992,0.8367107510566711,0.7142075300216675,0.7489921450614929,0.7065834403038025,0.9085200428962708,0.7237465381622314,0.9613127708435059,0.834591269493103,0.8717365860939026,0.7976195216178894,0.8098307251930237,0.7758389711380005,0.9127746820449829,0.7815636992454529,0.953765869140625,SHUTDOWN
0.7720348238945007,1.1173313856124878,0.6867902278900146,1.073004961013794,0.6180532574653625,0.9892994165420532,0.5870881676673889,0.9405606985092163,0.5867325067520142,0.8941727876663208,0.6577553749084473,0.7755156755447388,0.5905561447143555,0.7154471278190613,0.5725523233413696,0.8177361488342285,0.5904691815376282,0.8716484904289246,0.7183644771575928,0.7751716375350952,0.6386241912841797,0.7061501741409302,0.6178008913993835,0.8479593992233276,0.6505215764045715,0.891506552696228,0.7815142869949341,0.8037680387496948,0.7038566470146179,0.7548137307167053,0.6800034046173096,0.8898690342903137,0.7108423113822937,0.9198192954063416,0.8431863784790039,0.8563652634620667,0.7704770565032959,0.8418610095977783,0.742385745048523,0.9271014928817749,0.7698376178741455,0.9494554996490479,SHUTDOWN
0.745973527431488,1.0400301218032837,0.7617121338844299,0.9365503787994385,0.7593666911125183,0.8200534582138062,0.7312050461769104,0.7330754995346069,0.6913598775863647,0.6968929767608643,0.8229451775550842,0.7287260293960571,0.6914370059967041,0.6250671744346619,0.6602904200553894,0.6820242404937744,0.6786856651306152,0.7312745451927185,0.8043996095657349,0.7499788403511047,0.6559532880783081,0.6390970945358276,0.6360509395599365,0.710726261138916,0.6615514755249023,0.7550440430641174,0.7728719115257263,0.786328911781311,0.6301329135894775,0.6951133012771606,0.6206459403038025,0.7702126502990723,0.652213990688324,0.8106116056442261,0.7333304286003113,0.8364501595497131,0.6207874417304993,0.769192636013031,0.6184380054473877,0.8222917318344116,0.6487656831741333,0.8574532866477966,SHUTDOWN
0.7311486005783081,1.037278175354004,0.7176228165626526,0.9266986846923828,0.7046067118644714,0.8151987791061401,0.6763108372688293,0.7317175269126892,0.6458442211151123,0.690753161907196,0.7882131934165955,0.7145658731460571,0.6525112986564636,0.6252910494804382,0.6260364651679993,0.6802846193313599,0.6467131972312927,0.7259027361869812,0.7761377692222595,0.7397298216819763,0.6199390888214111,0.6568020582199097,0.6090898513793945,0.7267940044403076,0.6410036087036133,0.7611297369003296,0.7495880722999573,0.7771689295768738,0.601607084274292,0.7060750126838684,0.6006413102149963,0.7759292125701904,0.6360998153686523,0.8051209449768066,0.7155085802078247,0.8252837657928467,0.5994360446929932,0.7743657231330872,0.6022153496742249,0.8275967836380005,0.6367051005363464,0.8568591475486755,SHUTDOWN
0.7304346561431885,1.0522382259368896,0.6954039931297302,0.9424856901168823,0.6782699823379517,0.8286551237106323,0.6617568135261536,0.7431508302688599,0.6442357897758484,0.6973204016685486,0.7831307053565979,0.7219308614730835,0.6449791789054871,0.6372243165969849,0.6138478517532349,0.6974037289619446,0.6318543553352356,0.7479887008666992,0.7795639634132385,0.7585623264312744,0.6150881052017212,0.6926324367523193,0.6016114950180054,0.7665542364120483,0.6318361163139343,0.8015698194503784,0.7609628438949585,0.8064853549003601,0.6061840653419495,0.7432960271835327,0.6033828258514404,0.8180752396583557,0.6370362639427185,0.8506697416305542,0.7336710691452026,0.8665534853935242,0.6159954071044922,0.8155955672264099,0.6165525317192078,0.8672614693641663,0.6491274833679199,0.8966279029846191,SHUTDOWN
0.729934811592102,1.060665249824524,0.6872125267982483,0.9450259208679199,0.6730040311813354,0.8344550132751465,0.6650375127792358,0.7498024106025696,0.6572635769844055,0.7008069753646851,0.7860682010650635,0.7406999468803406,0.6528674364089966,0.6510648727416992,0.6118712425231934,0.7032424211502075,0.6223771572113037,0.7553558349609375,0.7852683663368225,0.7742404937744141,0.622990608215332,0.6971151232719421,0.5992397665977478,0.7699618339538574,0.6240078806877136,0.8127536773681641,0.7677968144416809,0.819370687007904,0.6118359565734863,0.7522929310798645,0.6023179292678833,0.8256606459617615,0.6325065493583679,0.8629817962646484,0.7409576177597046,0.8767290115356445,0.6214610934257507,0.8275027275085449,0.6155216097831726,0.8777343034744263,0.6435568928718567,0.9086549878120422,SHUTDOWN
0.7478115558624268,1.1172767877578735,0.8256049752235413,1.0024276971817017,0.8359382748603821,0.8664909601211548,0.7884535193443298,0.767649233341217,0.7282043695449829,0.7340416312217712,0.8143197298049927,0.8126512169837952,0.7731373310089111,0.6871223449707031,0.7689483165740967,0.7338933348655701,0.7762649059295654,0.7884381413459778,0.729688823223114,0.827211320400238,0.7019311189651489,0.6888279318809509,0.7075548768043518,0.7279486656188965,0.7115913033485413,0.7833538055419922,0.6499199867248535,0.8541536927223206,0.6350369453430176,0.7238773703575134,0.6519011855125427,0.7611368298530579,0.6584348082542419,0.8114191889762878,0.5857944488525391,0.8866453766822815,0.5932440757751465,0.783516526222229,0.6131250262260437,0.8153383731842041,0.6189523935317993,0.8551389575004578,SHUTDOWN
0.7401741743087769,1.1467652320861816,0.8282787203788757,1.0406036376953125,0.8429264426231384,0.9125170707702637,0.7897534370422363,0.8260666131973267,0.7290484309196472,0.7992464303970337,0.8092052936553955,0.8651062846183777,0.7980527281761169,0.7244119048118591,0.7981169819831848,0.7711889147758484,0.7998784184455872,0.8352406024932861,0.7239431142807007,0.8690512180328369,0.7226515412330627,0.7131872177124023,0.730746328830719,0.7577109336853027,0.7285734415054321,0.8239374160766602,0.646198034286499,0.88332200050354,0.6512008905410767,0.7293071150779724,0.6713932752609253,0.7715721130371094,0.6734486818313599,0.8291095495223999,0.5869170427322388,0.9035944938659668,0.6029792428016663,0.781492292881012,0.6252427101135254,0.8161206841468811,0.6304665803909302,0.8614439964294434,SHUTDOWN
0.738498330116272,1.126776099205017,0.8188618421554565,1.0241141319274902,0.8303733468055725,0.9020456075668335,0.7812913656234741,0.8168421387672424,0.7272497415542603,0.7882192730903625,0.8072032332420349,0.8451935052871704,0.7786322236061096,0.7142378091812134,0.7743996977806091,0.7655019164085388,0.7796964645385742,0.8263909220695496,0.7237612009048462,0.8549799919128418,0.7033500075340271,0.715599536895752,0.7074602246284485,0.7639063000679016,0.7115040421485901,0.8230758905410767,0.6450974941253662,0.8787286281585693,0.6363339424133301,0.7390470504760742,0.6499703526496887,0.7856695652008057,0.6544293761253357,0.840610921382904,0.5814147591590881,0.9104776978492737,0.588411808013916,0.8039365410804749,0.6052236557006836,0.8379676342010498,0.610378086566925,0.8781978487968445,SHUTDOWN
0.7529805898666382,1.1120343208312988,0.815679669380188,1.020372748374939,0.8154275417327881,0.9056437611579895,0.7624170184135437,0.827273428440094,0.7095282673835754,0.789758563041687,0.7935014367103577,0.8891971707344055,0.7415701150894165,0.7222329378128052,0.7298072576522827,0.735880970954895,0.7380017638206482,0.7887486815452576,0.7204784750938416,0.9203382730484009,0.6724629998207092,0.7302256226539612,0.6688218712806702,0.7308440804481506,0.6736683249473572,0.774050235748291,0.6519455313682556,0.9543480277061462,0.6178763508796692,0.7781765460968018,0.6292299628257751,0.78456711769104,0.6408678889274597,0.824420690536499,0.596502959728241,0.9886792302131653,0.5734977722167969,0.8477113842964172,0.590269923210144,0.8476477265357971,0.6062233448028564,0.8790872097015381,SHUTDOWN
0.5076747536659241,0.8206932544708252,0.4842205047607422,0.7130928635597229,0.5030144453048706,0.5993022322654724,0.5536029934883118,0.5403501987457275,0.6078346371650696,0.5236881971359253,0.48885709047317505,0.5148405432701111,0.6210728883743286,0.4715173840522766,0.6292194128036499,0.5426161885261536,0.5956881642341614,0.5920504927635193,0.5127671360969543,0.5187874436378479,0.6530855894088745,0.4840472340583801,0.6524702906608582,0.556645929813385,0.6145021915435791,0.6001474857330322,0.5455968976020813,0.5405858755111694,0.6746188998222351,0.5113500356674194,0.6733008027076721,0.5916106104850769,0.6363705992698669,0.6308636665344238,0.5848789215087891,0.5798290967941284,0.688117265701294,0.5635911226272583,0.6830025911331177,0.6364105939865112,0.6486814618110657,0.675607442855835,SHUTDOWN
0.5256108045578003,0.8625706434249878,0.5287001132965088,0.7345786094665527,0.5437688231468201,0.5944818258285522,0.576899528503418,0.5193872451782227,0.6152278780937195,0.4853588938713074,0.500568687915802,0.46519070863723755,0.6491433382034302,0.427619606256485,0.6562914252281189,0.5115536451339722,0.6112760305404663,0.5621322393417358,0.5220411419868469,0.46071377396583557,0.6731094717979431,0.42867785692214966,0.673912525177002,0.5158466696739197,0.6291402578353882,0.568241536617279,0.5545629262924194,0.4764314293861389,0.6917260885238647,0.4449632167816162,0.6920289397239685,0.5311858057975769,0.6501420736312866,0.5742352604866028,0.592169463634491,0.510399580001831,0.6980412602424622,0.47935521602630615,0.697317361831665,0.5526460409164429,0.6615356206893921,0.5949307084083557,SHUTDOWN
0.5217229127883911,0.8920212984085083,0.5261166095733643,0.7608547806739807,0.5417719483375549,0.601081907749176,0.5800657868385315,0.517387866973877,0.6203567385673523,0.4699632525444031,0.49952030181884766,0.44965860247612,0.6707302331924438,0.42163270711898804,0.6669120788574219,0.5249193906784058,0.6119214296340942,0.5780211091041565,0.507964551448822,0.4432339668273926,0.694359302520752,0.4249482750892639,0.6794764995574951,0.5393780469894409,0.6234988570213318,0.5930304527282715,0.531542181968689,0.45756930112838745,0.7065126895904541,0.45159924030303955,0.6937750577926636,0.5678926706314087,0.6416714787483215,0.613415539264679,0.5684558749198914,0.49091285467147827,0.7012413740158081,0.4933241009712219,0.688624382019043,0.5816599726676941,0.6409575939178467,0.6154176592826843,SHUTDOWN
0.5836511254310608,0.8325933814048767,0.45972561836242676,0.7219492793083191,0.42322129011154175,0.5689573287963867,0.46810996532440186,0.4808170795440674,0.5235462188720703,0.4772239625453949,0.5341362953186035,0.42515498399734497,0.5298981070518494,0.34147927165031433,0.5122267007827759,0.39874905347824097,0.5054166316986084,0.46034133434295654,0.623395562171936,0.4457968473434448,0.6028629541397095,0.37973177433013916,0.579795241355896,0.4237051010131836,0.5742465257644653,0.48146939277648926,0.6934741735458374,0.4916200041770935,0.6727243661880493,0.42614221572875977,0.6470028758049011,0.45899349451065063,0.6358363032341003,0.5115704536437988,0.7465454936027527,0.5500514507293701,0.7143266201019287,0.49895066022872925,0.6897545456886292,0.5264779925346375,0.6812179684638977,0.5682520270347595,SHUTDOWN
0.5819427371025085,0.9013779163360596,0.4418743848800659,0.7630165219306946,0.40358197689056396,0.5868577361106873,0.4516434073448181,0.47761568427085876,0.5215796232223511,0.4665382504463196,0.5459790229797363,0.42182886600494385,0.5068745017051697,0.33583909273147583,0.4791737198829651,0.4071713387966156,0.48057636618614197,0.4756273627281189,0.6458461284637451,0.44382917881011963,0.5884449481964111,0.3549721837043762,0.5541147589683533,0.4123174846172333,0.5526724457740784,0.4810507893562317,0.7189876437187195,0.4954720735549927,0.6602811813354492,0.39950981736183167,0.6256065368652344,0.440748929977417,0.6195791959762573,0.5047292113304138,0.7668599486351013,0.5587024092674255,0.707220196723938,0.475591242313385,0.6744592785835266,0.5118870139122009,0.6686694025993347,0.5665445923805237,SHUTDOWN
0.5381736159324646,0.9098089933395386,0.3967491388320923,0.7515904903411865,0.35520613193511963,0.5757814049720764,0.3985411524772644,0.46955129504203796,0.4690832197666168,0.4498397409915924,0.479919970035553,0.38773611187934875,0.421189546585083,0.32996970415115356,0.4066148102283478,0.40732306241989136,0.4185379147529602,0.4775677025318146,0.5819124579429626,0.40519198775291443,0.5185567140579224,0.3594360947608948,0.4948418438434601,0.42961961030960083,0.4999196231365204,0.5000098943710327,0.6636477708816528,0.46365058422088623,0.6025663614273071,0.41399937868118286,0.5786312222480774,0.471108615398407,0.5784413814544678,0.5395200848579407,0.7220681309700012,0.5362064242362976,0.6661980748176575,0.4877668619155884,0.6416204571723938,0.5396541953086853,0.6385742425918579,0.5985496044158936,SHUTDOWN
0.5311970710754395,0.8858816623687744,0.38425886631011963,0.7390393614768982,0.3444927930831909,0.5663727521896362,0.38014549016952515,0.45321017503738403,0.446056604385376,0.42164894938468933,0.46297937631607056,0.38764411211013794,0.4113140106201172,0.3231523036956787,0.39194902777671814,0.39624691009521484,0.39851006865501404,0.4659581780433655,0.5659765005111694,0.4061530828475952,0.5062859058380127,0.3495045602321625,0.478859543800354,0.4140627384185791,0.483554482460022,0.481785386800766,0.6483194828033447,0.4628603160381317,0.5936949253082275,0.3982975482940674,0.5624536275863647,0.4480786919593811,0.5604979991912842,0.5151513814926147,0.7046216726303101,0.5308799147605896,0.6523761749267578,0.4691561758518219,0.6236783266067505,0.5147287845611572,0.6219208240509033,0.5736873745918274,SHUTDOWN
0.5017019510269165,0.9440346956253052,0.5215375423431396,0.7808135747909546,0.550236701965332,0.6019589304924011,0.5902968049049377,0.5024815797805786,0.632915198802948,0.46657878160476685,0.4646938443183899,0.4322684407234192,0.6449680328369141,0.3635987341403961,0.654373824596405,0.45535600185394287,0.6034142971038818,0.5150349140167236,0.4840886890888214,0.434372216463089,0.681175947189331,0.3726544976234436,0.6831071972846985,0.4702880382537842,0.6286649107933044,0.5173637866973877,0.5210480690002441,0.4630798399448395,0.7082836627960205,0.4132131040096283,0.707862377166748,0.5164938569068909,0.6550846099853516,0.555562436580658,0.5746585130691528,0.5186826586723328,0.7264951467514038,0.4912090301513672,0.7196910977363586,0.5838901400566101,0.6673797369003296,0.6245829463005066,SHUTDOWN
0.5734626650810242,0.955984890460968,0.6830229163169861,0.8242341876029968,0.7039400935173035,0.6752575039863586,0.7186880707740784,0.5808897018432617,0.7333316802978516,0.4991391897201538,0.5679610967636108,0.4566449522972107,0.7561339139938354,0.44265028834342957,0.7477433681488037,0.5477815866470337,0.6890670657157898,0.5964765548706055,0.5597791075706482,0.44767844676971436,0.7791264653205872,0.43749311566352844,0.7625784277915955,0.5536388754844666,0.7059523463249207,0.6019327044487,0.5694377422332764,0.471299946308136,0.7807831168174744,0.47743505239486694,0.7639531493186951,0.591005802154541,0.7070168852806091,0.6333773136138916,0.5973884463310242,0.5184741020202637,0.758954644203186,0.5343970060348511,0.7470832467079163,0.6216886639595032,0.6957389712333679,0.6512568593025208,SHUTDOWN
0.557030439376831,0.96034175157547,0.6813857555389404,0.8196738958358765,0.7052710056304932,0.6592736840248108,0.7182282209396362,0.5620854496955872,0.7290089130401611,0.47662410140037537,0.5683962106704712,0.4606149196624756,0.7403364181518555,0.4385656714439392,0.7393272519111633,0.5557802319526672,0.6830355525016785,0.602672815322876,0.5531689524650574,0.45050710439682007,0.756841242313385,0.42392587661743164,0.7548514604568481,0.5597516298294067,0.7017263770103455,0.605278491973877,0.5537813901901245,0.46642667055130005,0.7559013962745667,0.4605257213115692,0.7505154013633728,0.5928237438201904,0.6937952041625977,0.6355042457580566,0.5719786882400513,0.5030295848846436,0.7336627244949341,0.5100486278533936,0.7342715263366699,0.6039878129959106,0.687629222869873,0.6344477534294128,SHUTDOWN
0.6332492232322693,1.0110605955123901,0.7622935771942139,0.9255177974700928,0.8366258144378662,0.7812526822090149,0.7866054177284241,0.6639821529388428,0.7035969495773315,0.6077895760536194,0.7749850153923035,0.5962328314781189,0.83720463514328,0.48308926820755005,0.8540914058685303,0.6076539158821106,0.8305572271347046,0.7198927998542786,0.7092192769050598,0.5792414546012878,0.7885369062423706,0.439502477645874,0.804039716720581,0.596086859703064,0.7669000029563904,0.7118299603462219,0.6356623768806458,0.5762935876846313,0.705452561378479,0.4242202341556549,0.7220550775527954,0.5898957848548889,0.6852233409881592,0.6989935636520386,0.5501753687858582,0.5952687859535217,0.6300276517868042,0.4833935499191284,0.6487201452255249,0.5976581573486328,0.6117640137672424,0.6816993951797485,SHUTDOWN
0.5492238998413086,1.0065866708755493,0.6842862367630005,0.9053314924240112,0.7599599957466125,0.7567101716995239,0.7256696820259094,0.6481553912162781,0.6530452966690063,0.5827782154083252,0.6802541017532349,0.595121443271637,0.7400944232940674,0.4456039071083069,0.7735574245452881,0.5442776679992676,0.7691152691841125,0.6543019413948059,0.61178058385849,0.576615571975708,0.6866452693939209,0.4028869867324829,0.7060099244117737,0.5586469769477844,0.6754529476165771,0.6839956045150757,0.532968282699585,0.571987509727478,0.5978879928588867,0.3965594470500946,0.6191902756690979,0.5683310031890869,0.5878423452377319,0.6864672303199768,0.43687283992767334,0.5907055735588074,0.5059963464736938,0.4667239785194397,0.5325563549995422,0.5858145952224731,0.5071061253547668,0.6778318285942078,SHUTDOWN
0.5472635626792908,1.0291157960891724,0.6773937344551086,0.9343798160552979,0.7612994313240051,0.7866659164428711,0.7362208962440491,0.6803686022758484,0.6762028336524963,0.5960184931755066,0.6847787499427795,0.5996769070625305,0.7507111430168152,0.4460298418998718,0.7788659930229187,0.5688692331314087,0.7664662003517151,0.6839287281036377,0.6094228029251099,0.5848358273506165,0.6902337670326233,0.3978864252567291,0.707496702671051,0.5814568996429443,0.6724123358726501,0.706503689289093,0.5275248289108276,0.5832527279853821,0.5995935797691345,0.4053071141242981,0.6176908612251282,0.5967108011245728,0.5806781053543091,0.7034004330635071,0.4298827648162842,0.6055854558944702,0.5055829882621765,0.4822782576084137,0.526004433631897,0.6119930148124695,0.4913311004638672,0.6916248202323914,SHUTDOWN
0.5707166194915771,1.0456206798553467,0.7021375298500061,0.9307498931884766,0.7734240293502808,0.7503505349159241,0.6985060572624207,0.639013409614563,0.6111621260643005,0.5719942450523376,0.6910148859024048,0.5902931094169617,0.7572288513183594,0.45198845863342285,0.7862609028816223,0.5778795480728149,0.7740753889083862,0.6928620338439941,0.6114019155502319,0.5783276557922363,0.6985282897949219,0.4081951379776001,0.7225587368011475,0.5937013626098633,0.686873733997345,0.7161770462989807,0.5267707705497742,0.5822849273681641,0.5989053249359131,0.40707969665527344,0.6277580857276917,0.5994644165039062,0.5916036367416382,0.7067644000053406,0.425014466047287,0.6137788891792297,0.5042951107025146,0.4969421923160553,0.5332325100898743,0.6301831603050232,0.4987049400806427,0.7070415019989014,SHUTDOWN
0.5876830220222473,1.0591211318969727,0.7163770794868469,0.9643902778625488,0.8012327551841736,0.8061289191246033,0.7594699859619141,0.7000105977058411,0.6905165910720825,0.6258337497711182,0.7218748331069946,0.6118559837341309,0.7837211489677429,0.4761894941329956,0.8064524531364441,0.6152400970458984,0.7896305322647095,0.7310348749160767,0.6393532156944275,0.5965338349342346,0.7188329696655273,0.4357033371925354,0.7384564876556396,0.6331057548522949,0.7027755975723267,0.7491579651832581,0.5517286658287048,0.5992964506149292,0.6284241080284119,0.43762946128845215,0.6509668231010437,0.6355147957801819,0.6138935685157776,0.7321593761444092,0.44885051250457764,0.6318762302398682,0.5318268537521362,0.5262987613677979,0.5563740134239197,0.6632587313652039,0.5223109126091003,0.7336867451667786,SHUTDOWN
0.6113024353981018,1.0651979446411133,0.7376613616943359,0.9612736701965332,0.813503086566925,0.8051533102989197,0.763323187828064,0.7053080201148987,0.6962888240814209,0.6306464672088623,0.7374086976051331,0.6257349252700806,0.8054564595222473,0.49481287598609924,0.8233562111854553,0.6434832811355591,0.8012560606002808,0.7586878538131714,0.6556131839752197,0.6108868718147278,0.745039165019989,0.4569425582885742,0.7560716867446899,0.6647568941116333,0.7118417024612427,0.7755851745605469,0.5681575536727905,0.6134732365608215,0.6522879600524902,0.446303129196167,0.6678648591041565,0.6588667631149292,0.6226081848144531,0.7524137496948242,0.46095964312553406,0.6468124389648438,0.549124538898468,0.5367734432220459,0.5693516731262207,0.6811948418617249,0.5315134525299072,0.7456382513046265,SHUTDOWN
0.6105002164840698,1.0621986389160156,0.695898175239563,0.8576676845550537,0.6950504779815674,0.6978313326835632,0.6848549842834473,0.5913786888122559,0.6696697473526001,0.48970645666122437,0.5304471254348755,0.5265008807182312,0.7027980089187622,0.44726812839508057,0.7355028986930847,0.5790928602218628,0.6989825963973999,0.6658281683921814,0.501928985118866,0.523931622505188,0.7125024795532227,0.4336860775947571,0.7402307391166687,0.5930372476577759,0.6967998743057251,0.6869261860847473,0.48912373185157776,0.5440248250961304,0.7023040056228638,0.48485469818115234,0.7182111740112305,0.6361860036849976,0.6653043031692505,0.7070620656013489,0.4938012957572937,0.5898264646530151,0.667635977268219,0.5623701214790344,0.6782757043838501,0.6652319431304932,0.6249980330467224,0.7115105390548706,SHUTDOWN
0.5155821442604065,1.091678500175476,0.5517933368682861,0.9777422547340393,0.5790011286735535,0.8246124386787415,0.5990298986434937,0.6986684203147888,0.6068653464317322,0.6114386916160583,0.44198936223983765,0.6896789073944092,0.617342472076416,0.5867605805397034,0.6372812986373901,0.6697208285331726,0.5956537127494812,0.7270967960357666,0.4381653666496277,0.6961644291877747,0.6371935606002808,0.5952503085136414,0.6432691812515259,0.6868273019790649,0.600767195224762,0.7459626197814941,0.4549432694911957,0.7231519222259521,0.6435973644256592,0.6356563568115234,0.6494837999343872,0.7220464944839478,0.6131627559661865,0.7759160995483398,0.4869585931301117,0.7633868455886841,0.6376453638076782,0.6927741765975952,0.6446065902709961,0.7577680349349976,0.6155672669410706,0.8030136227607727,SHUTDOWN
0.49641451239585876,1.0884034633636475,0.5445960164070129,0.977810800075531,0.5633492469787598,0.8751994371414185,0.5705057382583618,0.8029579520225525,0.5744077563285828,0.7561168670654297,0.44680315256118774,0.7869252562522888,0.5704465508460999,0.7165663242340088,0.5895015001296997,0.7765324115753174,0.5682960748672485,0.8185257315635681,0.44416722655296326,0.8154489994049072,0.5932831764221191,0.7451352477073669,0.6014416217803955,0.8102257251739502,0.5729838013648987,0.8466651439666748,0.4571145474910736,0.8566598892211914,0.59952712059021,0.7998989820480347,0.6038961410522461,0.8587977886199951,0.5766667127609253,0.8881926536560059,0.48227113485336304,0.904155433177948,0.5937695503234863,0.8635028600692749,0.5929334163665771,0.907533586025238,0.5643355250358582,0.9325155019760132,SHUTDOWN
0.47919100522994995,1.0564606189727783,0.4641653299331665,0.9618017673492432,0.4845934212207794,0.8536931276321411,0.538814127445221,0.792704164981842,0.5852431058883667,0.7763171792030334,0.45656073093414307,0.7901507616043091,0.5780404210090637,0.7260626554489136,0.5868713855743408,0.7696900367736816,0.5608857870101929,0.8025111556053162,0.4791003465652466,0.8364521861076355,0.609778642654419,0.7694552540779114,0.6086784601211548,0.8186944127082825,0.5796347856521606,0.8469026684761047,0.5096780061721802,0.8896929025650024,0.6327781677246094,0.8257670402526855,0.6247497797012329,0.8719767332077026,0.5945535898208618,0.8942053914070129,0.5454519987106323,0.9452378749847412,0.6466526985168457,0.890049159526825,0.6341230273246765,0.9257891178131104,0.6025094389915466,0.9487487077713013,SHUTDOWN
0.5181883573532104,1.1104145050048828,0.4620051085948944,1.0229289531707764,0.4441937208175659,0.9074313640594482,0.4711300730705261,0.8172372579574585,0.5136171579360962,0.774663507938385,0.4664302468299866,0.8708334565162659,0.5320467948913574,0.7482601404190063,0.5311997532844543,0.7861073017120361,0.5135829448699951,0.8351916074752808,0.5278944969177246,0.9015225768089294,0.5839534401893616,0.7746098041534424,0.5776172876358032,0.8150731325149536,0.5596098303794861,0.867497444152832,0.5853404998779297,0.9347757697105408,0.6330884695053101,0.8152971267700195,0.6231192946434021,0.8554943799972534,0.6038039922714233,0.9043673872947693,0.6350675821304321,0.9710809588432312,0.6680631637573242,0.8781683444976807,0.6547015309333801,0.9128161072731018,0.6375156044960022,0.9544947147369385,SHUTDOWN
0.5493359565734863,1.1467204093933105,0.4619012475013733,1.0583984851837158,0.4274345636367798,0.9414871335029602,0.45909976959228516,0.8540861010551453,0.5141067504882812,0.8428676724433899,0.4844343960285187,0.9043342471122742,0.49485185742378235,0.764186680316925,0.4837387800216675,0.8090436458587646,0.4838501811027527,0.859990656375885,0.557407021522522,0.9137023687362671,0.557104766368866,0.7784971594810486,0.5417449474334717,0.8156113624572754,0.539931058883667,0.866679847240448,0.6147460341453552,0.9281488060951233,0.6063857674598694,0.8137739896774292,0.589537501335144,0.8415208458900452,0.5842609405517578,0.8856172561645508,0.6575864553451538,0.946157693862915,0.6424845457077026,0.8592401742935181,0.6278795599937439,0.8806172013282776,0.6278166174888611,0.9176615476608276,SHUTDOWN
0.5659677982330322,1.1554334163665771,0.4752393960952759,1.0692815780639648,0.43831032514572144,0.9541378021240234,0.46695101261138916,0.8695447444915771,0.5206515789031982,0.8617042899131775,0.4948030710220337,0.9167981147766113,0.5034922957420349,0.7756215929985046,0.49332600831985474,0.8135941624641418,0.4935377538204193,0.8624716997146606,0.5672590136528015,0.919970691204071,0.5614634156227112,0.786044180393219,0.5469956398010254,0.8201519250869751,0.5466380715370178,0.8695917725563049,0.6234973669052124,0.9303034543991089,0.6091139316558838,0.8143451809883118,0.5929197072982788,0.8411306142807007,0.5898847579956055,0.884668231010437,0.6652742624282837,0.9449018239974976,0.643608033657074,0.8520534634590149,0.6298058032989502,0.8717624545097351,0.6315073370933533,0.9080027341842651,SHUTDOWN
0.5002313852310181,1.1343095302581787,0.46260303258895874,1.0351691246032715,0.47005757689476013,0.9109258651733398,0.5174480080604553,0.8266965746879578,0.5732857584953308,0.7967603802680969,0.4750851094722748,0.8791588544845581,0.5633211135864258,0.7562305927276611,0.5657943487167358,0.7990086674690247,0.5452115535736084,0.8479127883911133,0.529400110244751,0.9207571744918823,0.6139757037162781,0.7915648818016052,0.6064189076423645,0.8407054543495178,0.5810679197311401,0.8911722302436829,0.5839250683784485,0.9668859839439392,0.658702552318573,0.8454751968383789,0.6440650224685669,0.8929305076599121,0.6178750395774841,0.9384433031082153,0.6332879662513733,1.0161211490631104,0.6892004013061523,0.9211458563804626,0.6725865602493286,0.9573512077331543,0.6496431231498718,0.997253954410553,SHUTDOWN
0.6626465320587158,0.971625566482544,0.685339629650116,0.8865987658500671,0.6623007655143738,0.7885025143623352,0.6074391603469849,0.7307926416397095,0.555733859539032,0.7164593935012817,0.6666040420532227,0.7235460877418518,0.5520080924034119,0.7013593912124634,0.5560944080352783,0.7486434578895569,0.5827420949935913,0.7698541879653931,0.6466438174247742,0.7617238759994507,0.5195770263671875,0.7370949983596802,0.533785343170166,0.7800981998443604,0.5657042860984802,0.7970329523086548,0.6200546026229858,0.8143004775047302,0.5089883208274841,0.7920998930931091,0.5289873480796814,0.8289339542388916,0.5603993535041809,0.8404123783111572,0.589036226272583,0.8708609342575073,0.508617103099823,0.8505882024765015,0.5275079607963562,0.8815661072731018,0.5563546419143677,0.8962690830230713,SHUTDOWN
0.6818170547485352,0.9926701188087463,0.6876389980316162,0.9040102362632751,0.6699159145355225,0.8106946349143982,0.6368913650512695,0.7504077553749084,0.604221522808075,0.7205997705459595,0.6834646463394165,0.7764853239059448,0.6025300621986389,0.7009000778198242,0.559427797794342,0.709276556968689,0.5434617400169373,0.7296046018600464,0.6697619557380676,0.8189031481742859,0.5810496807098389,0.7351347804069519,0.542351245880127,0.7338131666183472,0.5254287719726562,0.7460914254188538,0.6425352096557617,0.8742600679397583,0.5608758926391602,0.7784503102302551,0.5249118804931641,0.7616724371910095,0.5078175067901611,0.7582136392593384,0.6039173007011414,0.934251070022583,0.5439432263374329,0.8641459941864014,0.5186567902565002,0.8361868262290955,0.5047007203102112,0.8160035014152527,SHUTDOWN
0.649412214756012,1.0785496234893799,0.5887780785560608,1.035423994064331,0.5485972166061401,0.9545522928237915,0.5771186947822571,0.8867499828338623,0.6310389041900635,0.8616378307342529,0.5692985653877258,0.8092135190963745,0.5221409797668457,0.716956615447998,0.48366236686706543,0.6766628623008728,0.4454057514667511,0.6486040353775024,0.6156882643699646,0.787458062171936,0.5786305665969849,0.670390248298645,0.541292130947113,0.6102039813995361,0.501513659954071,0.5623966455459595,0.6668090224266052,0.7971776723861694,0.643909752368927,0.6737947463989258,0.6134887337684631,0.60190749168396,0.5785772800445557,0.5398016571998596,0.7222330570220947,0.8300379514694214,0.7215512990951538,0.7346938252449036,0.7062053084373474,0.675601065158844,0.6811172962188721,0.6252871751785278,SHUTDOWN
0.6573387980461121,1.1023523807525635,0.606938898563385,1.0159530639648438,0.5912389755249023,0.9094299077987671,0.6011446714401245,0.8360688090324402,0.623867392539978,0.7931625843048096,0.6518868207931519,0.8134100437164307,0.6493969559669495,0.7071550488471985,0.6061728000640869,0.7553809285163879,0.5921728610992432,0.8187527656555176,0.6867116689682007,0.8310351967811584,0.6769667863845825,0.7210072875022888,0.6266294717788696,0.7911709547042847,0.6152527332305908,0.8689613938331604,0.7245511412620544,0.8603264093399048,0.7069687247276306,0.7588223218917847,0.6565399765968323,0.8265821933746338,0.643265962600708,0.9000986814498901,0.7664138078689575,0.9011322855949402,0.7523542642593384,0.8105233311653137,0.7046335339546204,0.8354590535163879,0.6820948123931885,0.8880324363708496,SHUTDOWN
0.35416659712791443,1.0099433660507202,0.29284781217575073,0.9671865701675415,0.24449597299098969,0.8942828178405762,0.20181505382061005,0.8286064863204956,0.155934140086174,0.7779424786567688,0.33481264114379883,0.7520350217819214,0.3261902928352356,0.6293637156486511,0.3224847912788391,0.5491322875022888,0.324177086353302,0.48539674282073975,0.3863569498062134,0.752933919429779,0.39667031168937683,0.6193373203277588,0.4077998697757721,0.5374556183815002,0.42290908098220825,0.47292643785476685,0.43305152654647827,0.7849306464195251,0.4570651650428772,0.665231466293335,0.47178101539611816,0.5896614193916321,0.4868706166744232,0.5274696350097656,0.47485631704330444,0.837636411190033,0.5225924253463745,0.7689480185508728,0.5537553429603577,0.7218479514122009,0.5813731551170349,0.6771718859672546,SHUTDOWN
0.34692591428756714,0.9992547631263733,0.28081604838371277,0.932465136051178,0.23911508917808533,0.8367846608161926,0.203653022646904,0.7561638951301575,0.16558794677257538,0.6935641169548035,0.3330388069152832,0.6924840211868286,0.3292311728000641,0.5740000605583191,0.32615503668785095,0.4970160722732544,0.3258492946624756,0.43101921677589417,0.38690006732940674,0.6969646215438843,0.4082522690296173,0.5740078687667847,0.4206424355506897,0.49820637702941895,0.4310723841190338,0.43333733081817627,0.43151751160621643,0.7288520336151123,0.4662388861179352,0.6166271567344666,0.4866972267627716,0.5457550883293152,0.5027033090591431,0.47962817549705505,0.4686621427536011,0.7838136553764343,0.5210187435150146,0.7212427854537964,0.5555123090744019,0.6788713335990906,0.5862825512886047,0.6358960866928101,SHUTDOWN
0.7533150911331177,0.9833824038505554,0.715970516204834,0.9160606265068054,0.6611114144325256,0.8660356402397156,0.605512797832489,0.8477012515068054,0.5734080076217651,0.8762847781181335,0.728733479976654,0.8971695303916931,0.6591238379478455,0.8793380856513977,0.6134777069091797,0.8836970925331116,0.5843894481658936,0.8898735046386719,0.7394700050354004,0.9582269787788391,0.6641335487365723,0.9493457674980164,0.6143553256988525,0.9513375163078308,0.5826564431190491,0.9490748047828674,0.7362041473388672,1.016656517982483,0.6627801060676575,1.0184613466262817,0.6167198419570923,1.0186402797698975,0.588159441947937,1.0117855072021484,0.7254165410995483,1.0677284002304077,0.6702579855918884,1.0716800689697266,0.6381301283836365,1.0723038911819458,0.6157097816467285,1.0680280923843384,SHUTDOWN
0.7207525968551636,1.0600557327270508,0.68260657787323,0.988365113735199,0.618818461894989,0.9312672019004822,0.550362765789032,0.9167692065238953,0.49751484394073486,0.9264326095581055,0.6592629551887512,0.9369103312492371,0.5806412100791931,0.9177025556564331,0.5293205380439758,0.9190012216567993,0.49081671237945557,0.9269338846206665,0.663801372051239,0.9896723031997681,0.5748727321624756,0.9844507575035095,0.519844651222229,0.9938108325004578,0.4832998514175415,1.0032150745391846,0.6664660573005676,1.0412325859069824,0.5905068516731262,1.0436344146728516,0.544593334197998,1.0541927814483643,0.5162184238433838,1.0607731342315674,0.6662664413452148,1.0883718729019165,0.6149691939353943,1.0914647579193115,0.5805368423461914,1.0924752950668335,0.5559194684028625,1.0950545072555542,SHUTDOWN
0.5289217829704285,1.0298930406570435,0.5580499172210693,0.948931097984314,0.5606765747070312,0.8393540978431702,0.519909143447876,0.760924220085144,0.4715944826602936,0.734946608543396,0.5917288064956665,0.793061375617981,0.488333523273468,0.7165129780769348,0.4832267761230469,0.7586369514465332,0.5045568943023682,0.789931058883667,0.5594240427017212,0.8295985460281372,0.44923558831214905,0.7509672045707703,0.4520312249660492,0.7879267334938049,0.47739648818969727,0.8178914189338684,0.5174426436424255,0.8713880777359009,0.4185175895690918,0.805099368095398,0.4289954900741577,0.8405945897102356,0.4577736258506775,0.865760326385498,0.4689350724220276,0.9151511788368225,0.40074649453163147,0.8646369576454163,0.4149075746536255,0.8967605829238892,0.4425894618034363,0.9203576445579529,SHUTDOWN
0.5107378959655762,1.0635676383972168,0.4930114448070526,0.9506744742393494,0.5161168575286865,0.8551661372184753,0.5359920859336853,0.7904428839683533,0.5472500324249268,0.7591684460639954,0.6515194177627563,0.8614716529846191,0.5674591064453125,0.729230523109436,0.5255854725837708,0.7603449821472168,0.5243252515792847,0.8110905885696411,0.6526980400085449,0.8912847638130188,0.5561939477920532,0.7431685924530029,0.5185748338699341,0.7770662903785706,0.5251761674880981,0.8245306015014648,0.6294915080070496,0.9199428558349609,0.5366907119750977,0.7658601403236389,0.5051050186157227,0.8030664920806885,0.5153841376304626,0.8534780740737915,0.5881851315498352,0.9458681344985962,0.5215455293655396,0.8233147859573364,0.496017724275589,0.8443759679794312,0.5024937391281128,0.8864462375640869,SHUTDOWN
0.49731147289276123,0.922368586063385,0.5139315128326416,0.8954322338104248,0.5298823118209839,0.8831884860992432,0.5445080995559692,0.8981156349182129,0.5592101216316223,0.9326660633087158,0.4844847321510315,0.8053545951843262,0.5674377083778381,0.9046536684036255,0.5730785727500916,0.920164167881012,0.5630379319190979,0.9060500264167786,0.4659577012062073,0.843148410320282,0.5607162117958069,0.9447263479232788,0.5648082494735718,0.9466080069541931,0.5531426072120667,0.9276580810546875,0.4558355212211609,0.8902029395103455,0.5448071956634521,0.9710081815719604,0.5515272617340088,0.9647912979125977,0.5404738783836365,0.942781925201416,0.4541451334953308,0.9357882738113403,0.5247984528541565,0.9769768714904785,0.5319586992263794,0.9698456525802612,0.523982048034668,0.9521264433860779,SHUTDOWN
0.3888885974884033,0.9264621138572693,0.43151021003723145,0.8643015623092651,0.4412703812122345,0.7806539535522461,0.4121822416782379,0.716526210308075,0.3724479675292969,0.6948326230049133,0.4881596565246582,0.713885486125946,0.4067469835281372,0.6320425271987915,0.38548409938812256,0.6775328516960144,0.397117555141449,0.7186766266822815,0.46795251965522766,0.7086917161941528,0.3858083486557007,0.6240723133087158,0.36637067794799805,0.6782467365264893,0.37837234139442444,0.7168489098548889,0.43871521949768066,0.7126280069351196,0.35896337032318115,0.6307287216186523,0.34252631664276123,0.6923394799232483,0.358049213886261,0.728501558303833,0.4039373993873596,0.7281180620193481,0.3469752371311188,0.6563030481338501,0.33359235525131226,0.7070003151893616,0.3449377119541168,0.748098611831665,SHUTDOWN
0.40411627292633057,0.8994560241699219,0.4355951249599457,0.832459568977356,0.4360710382461548,0.7436506152153015,0.3992724120616913,0.6807605624198914,0.3555145859718323,0.6587933897972107,0.48691248893737793,0.6763648986816406,0.3949778079986572,0.5973890423774719,0.36850202083587646,0.6472265720367432,0.3791065812110901,0.6918007731437683,0.4694744050502777,0.6748312711715698,0.37316179275512695,0.5895788073539734,0.3506622314453125,0.6465811133384705,0.3631230592727661,0.68727707862854,0.4415692389011383,0.682754397392273,0.3505207300186157,0.5978412628173828,0.3298933506011963,0.6598743200302124,0.3464406728744507,0.7004033923149109,0.40732988715171814,0.6995139122009277,0.34160053730010986,0.6279755234718323,0.32352930307388306,0.6719160079956055,0.333895742893219,0.7119171023368835,SHUTDOWN
0.4010089039802551,0.9077003002166748,0.39969727396965027,0.8254592418670654,0.39643383026123047,0.7343568205833435,0.36717191338539124,0.6709867119789124,0.33152419328689575,0.6399267911911011,0.4870973825454712,0.639933168888092,0.39285042881965637,0.5609506964683533,0.3696480691432953,0.613119900226593,0.3827170729637146,0.6572272181510925,0.4753637909889221,0.6388631463050842,0.3712097108364105,0.5551501512527466,0.35521653294563293,0.6166336536407471,0.37387320399284363,0.6545882225036621,0.4515252411365509,0.6485797166824341,0.3525293171405792,0.5655292272567749,0.33846941590309143,0.6303521394729614,0.36123043298721313,0.6656825542449951,0.41992613673210144,0.6670612692832947,0.34435293078422546,0.6019470691680908,0.32975834608078003,0.6483849883079529,0.3450949192047119,0.6842222213745117,SHUTDOWN
0.37734606862068176,0.9004042148590088,0.35976019501686096,0.7978456616401672,0.3642110228538513,0.7036305069923401,0.3588615357875824,0.6405433416366577,0.347097784280777,0.6024821996688843,0.46308398246765137,0.6190338134765625,0.3592683672904968,0.5406585931777954,0.3354528546333313,0.5994033217430115,0.35061702132225037,0.6481844186782837,0.45751798152923584,0.6268801093101501,0.34145304560661316,0.5431550741195679,0.3239211142063141,0.6086435317993164,0.34279951453208923,0.6516788601875305,0.4374091327190399,0.6442204117774963,0.32885268330574036,0.5635970234870911,0.313473105430603,0.6299993395805359,0.3344573378562927,0.67197585105896,0.40989622473716736,0.6697272062301636,0.3284303545951843,0.6075136661529541,0.3101079761981964,0.6507641077041626,0.3212512731552124,0.6878280639648438,SHUTDOWN
0.25625720620155334,0.8234585523605347,0.21171331405639648,0.725690484046936,0.22121256589889526,0.6204061508178711,0.26643726229667664,0.5660216212272644,0.30723246932029724,0.523244321346283,0.23102650046348572,0.5509545207023621,0.21738842129707336,0.47570550441741943,0.20838089287281036,0.5489100217819214,0.21095716953277588,0.6165270805358887,0.26942792534828186,0.5559632778167725,0.26251715421676636,0.4672790765762329,0.246183842420578,0.5551237463951111,0.24904674291610718,0.6243543028831482,0.31339824199676514,0.5739719867706299,0.31432050466537476,0.47711217403411865,0.2872906029224396,0.5573807954788208,0.2827025055885315,0.6247758269309998,0.35866546630859375,0.6025437712669373,0.35796919465065,0.5183071494102478,0.3291674852371216,0.5608241558074951,0.31725919246673584,0.6102893352508545,SHUTDOWN
0.31437987089157104,0.9253393411636353,0.24448293447494507,0.8758995532989502,0.2175217568874359,0.7402061223983765,0.26925188302993774,0.6443301439285278,0.31620916724205017,0.5815802216529846,0.20180058479309082,0.660720705986023,0.19524501264095306,0.5769739747047424,0.22392508387565613,0.6669936180114746,0.2402796596288681,0.7337751984596252,0.2583847641944885,0.6357113718986511,0.2509025037288666,0.5389787554740906,0.2720239460468292,0.6567412614822388,0.27678486704826355,0.7204376459121704,0.3172152638435364,0.6357933282852173,0.31775417923927307,0.5421766042709351,0.3229910135269165,0.6548485159873962,0.3155284523963928,0.7141649723052979,0.3730011284351349,0.6517432332038879,0.3736453652381897,0.5774250626564026,0.3673989176750183,0.6479151248931885,0.35624703764915466,0.6893599033355713,SHUTDOWN
0.32187992334365845,0.9219777584075928,0.2527327835559845,0.874663770198822,0.226751446723938,0.740000307559967,0.28125283122062683,0.6497076153755188,0.33295220136642456,0.5944572687149048,0.21406230330467224,0.6619945168495178,0.21061833202838898,0.5801293253898621,0.23647451400756836,0.6697312593460083,0.25005045533180237,0.7361088991165161,0.2710345387458801,0.6388704776763916,0.2682384252548218,0.5436859130859375,0.2851141095161438,0.6615929007530212,0.2858245074748993,0.7245986461639404,0.3298330307006836,0.6398048996925354,0.33494994044303894,0.5475412607192993,0.3371904790401459,0.6602463126182556,0.32723963260650635,0.7182942628860474,0.3850964903831482,0.6564735174179077,0.3881269097328186,0.5833870768547058,0.3813743591308594,0.6537961959838867,0.36948859691619873,0.6939675211906433,SHUTDOWN
0.3103903532028198,0.920742928981781,0.2433244287967682,0.8689634799957275,0.21899597346782684,0.7335324287414551,0.2706693708896637,0.643940806388855,0.3194265067577362,0.5882238149642944,0.2053109109401703,0.6575677394866943,0.19820307195186615,0.5709953308105469,0.22334322333335876,0.6600927710533142,0.23746684193611145,0.727064311504364,0.26081398129463196,0.6354226469993591,0.256519615650177,0.5361305475234985,0.27242720127105713,0.6537413597106934,0.2752799689769745,0.7159844040870667,0.31902775168418884,0.6376237273216248,0.32370561361312866,0.5435652136802673,0.32391849160194397,0.656229555606842,0.3155081272125244,0.7135408520698547,0.3746547996997833,0.654931366443634,0.3764384984970093,0.5814909934997559,0.3676087260246277,0.651360034942627,0.35636430978775024,0.6914573907852173,SHUTDOWN
0.3469630777835846,0.9535688757896423,0.29050368070602417,0.8924714922904968,0.2404765486717224,0.7895349860191345,0.23325859010219574,0.677756130695343,0.25443440675735474,0.5835074186325073,0.20071813464164734,0.6539373397827148,0.20072966814041138,0.5366809368133545,0.23059237003326416,0.6214284300804138,0.2387828826904297,0.6850458383560181,0.257843017578125,0.6352508068084717,0.2635064721107483,0.516973614692688,0.2888927757740021,0.6253955364227295,0.28511708974838257,0.6826075315475464,0.31508511304855347,0.6397108435630798,0.3229115307331085,0.5394325852394104,0.33656176924705505,0.6400212049484253,0.3273268938064575,0.6971032619476318,0.3712714612483978,0.6651444435119629,0.3752517104148865,0.5942672491073608,0.37766188383102417,0.6576816439628601,0.3679931163787842,0.6974183320999146,SHUTDOWN
0.33108091354370117,0.994963526725769,0.2685832679271698,0.9315251708030701,0.23641134798526764,0.8171690106391907,0.27454298734664917,0.7167201638221741,0.3239576518535614,0.6537376046180725,0.18579964339733124,0.7009048461914062,0.21531681716442108,0.6303255558013916,0.22741657495498657,0.714354932308197,0.22894087433815002,0.7514537572860718,0.2511395812034607,0.70270836353302,0.2751433253288269,0.6245232820510864,0.2729286849498749,0.7238417267799377,0.2699514925479889,0.7391448020935059,0.3134992718696594,0.7227325439453125,0.33909788727760315,0.6772657036781311,0.3227478265762329,0.7739132642745972,0.31032201647758484,0.7824074029922485,0.36824095249176025,0.7557467818260193,0.37605398893356323,0.7307570576667786,0.36007747054100037,0.8031802177429199,0.34899505972862244,0.8172464370727539,SHUTDOWN
0.32225286960601807,0.9897539019584656,0.25764793157577515,0.9240201115608215,0.22371330857276917,0.801491916179657,0.2626969516277313,0.702923595905304,0.31537121534347534,0.6470363736152649,0.18032202124595642,0.6952062249183655,0.2094140499830246,0.6209564805030823,0.2209499478340149,0.7072021961212158,0.22191190719604492,0.7409068942070007,0.24398741126060486,0.6955443620681763,0.26721087098121643,0.6153135299682617,0.2633897662162781,0.7148725986480713,0.26076605916023254,0.726748526096344,0.30560728907585144,0.7147092819213867,0.33026978373527527,0.6727830767631531,0.31096625328063965,0.769320011138916,0.2989414930343628,0.7746075987815857,0.3603336811065674,0.7453269958496094,0.36659491062164307,0.7308818697929382,0.3488035798072815,0.8007733225822449,0.33949390053749084,0.8090482354164124,SHUTDOWN
0.32147127389907837,0.9949339032173157,0.2547084093093872,0.9313464760780334,0.21977943181991577,0.8092696666717529,0.2612292766571045,0.7101240158081055,0.3165603578090668,0.656587541103363,0.183295339345932,0.6996729969978333,0.20642095804214478,0.6248058080673218,0.21796107292175293,0.7149477601051331,0.2209119349718094,0.7470473051071167,0.2463328093290329,0.7014601230621338,0.2667369842529297,0.621711254119873,0.2628045678138733,0.7256487011909485,0.2610079348087311,0.7364914417266846,0.30743899941444397,0.7220817804336548,0.33029818534851074,0.6786215305328369,0.3097301721572876,0.7785258293151855,0.2976585030555725,0.7839810252189636,0.36217445135116577,0.7543143033981323,0.366893470287323,0.736253023147583,0.3487072288990021,0.8090946078300476,0.3405523896217346,0.8201039433479309,SHUTDOWN
0.33963555097579956,0.979039192199707,0.2655884325504303,0.9727526903152466,0.20783129334449768,0.9103907942771912,0.23709380626678467,0.818440318107605,0.29737454652786255,0.7597100734710693,0.1755841076374054,0.7581154108047485,0.1522647887468338,0.6870523691177368,0.17563186585903168,0.7198342680931091,0.20267018675804138,0.7591754794120789,0.22851954400539398,0.7113532423973083,0.2364988476037979,0.6575504541397095,0.2628544270992279,0.7433826327323914,0.2733939290046692,0.7925567626953125,0.2830328643321991,0.6948534250259399,0.3113539218902588,0.6944341659545898,0.319582462310791,0.7907902598381042,0.31002146005630493,0.8246528506278992,0.34131157398223877,0.702076256275177,0.37023621797561646,0.7274478077888489,0.36768585443496704,0.8059825301170349,0.3516066074371338,0.8319203853607178,SHUTDOWN
0.2957012951374054,0.7198556065559387,0.37067335844039917,0.7890027761459351,0.4646928012371063,0.8181827068328857,0.5342302918434143,0.8270472288131714,0.5760107636451721,0.8224941492080688,0.5256286263465881,0.6431391835212708,0.5893290638923645,0.7623633146286011,0.5497586131095886,0.8003432750701904,0.5161008238792419,0.7815839052200317,0.5151339173316956,0.6053104400634766,0.580203652381897,0.7236523032188416,0.5466229915618896,0.7592265009880066,0.5120267868041992,0.7436160445213318,0.5000713467597961,0.597582221031189,0.5651892423629761,0.6980717182159424,0.5388764142990112,0.7304579019546509,0.5061560869216919,0.7188869714736938,0.48331716656684875,0.6083168983459473,0.5357891321182251,0.6790456771850586,0.5194972157478333,0.7054089903831482,0.4956681728363037,0.6967196464538574,SHUTDOWN
0.30762791633605957,0.7531529664993286,0.36904117465019226,0.8261516690254211,0.45791175961494446,0.8577607870101929,0.5273409485816956,0.8678638339042664,0.576921284198761,0.8566383719444275,0.5109416246414185,0.6708858609199524,0.5715725421905518,0.7906550168991089,0.5333000421524048,0.8273630142211914,0.4984224736690521,0.8100157976150513,0.5044626593589783,0.6359873414039612,0.5649125576019287,0.7654868364334106,0.5281679034233093,0.8000237941741943,0.4931875169277191,0.7855337262153625,0.49328911304473877,0.6320297122001648,0.554376482963562,0.7495946288108826,0.5220402479171753,0.7819390892982483,0.4905635714530945,0.7707096338272095,0.48097535967826843,0.6454362273216248,0.5319327712059021,0.7368968725204468,0.5091676712036133,0.7624684572219849,0.4868139922618866,0.7527979612350464,SHUTDOWN
0.3106882572174072,0.7586109638214111,0.36709266901016235,0.8244500756263733,0.4513689875602722,0.8510814905166626,0.5234825015068054,0.8648989200592041,0.5768098831176758,0.8518920540809631,0.48516324162483215,0.638726532459259,0.5492801666259766,0.7805516719818115,0.506985068321228,0.8200763463973999,0.4783632159233093,0.7965779900550842,0.4906937777996063,0.6162353754043579,0.5551899075508118,0.7757034301757812,0.5093219876289368,0.8099844455718994,0.4816279411315918,0.788318395614624,0.492133766412735,0.6181954145431519,0.5573714375495911,0.7674624919891357,0.5144258141517639,0.8004249930381775,0.48484209179878235,0.7842697501182556,0.4912647604942322,0.6300904154777527,0.548518180847168,0.7446343302726746,0.5200673937797546,0.7749887704849243,0.4984630346298218,0.7667833566665649,SHUTDOWN
0.25475063920021057,0.816684365272522,0.205668643116951,0.733600378036499,0.18484556674957275,0.6136830449104309,0.22912117838859558,0.523485004901886,0.28577515482902527,0.49209168553352356,0.16352620720863342,0.5252802968025208,0.19828946888446808,0.44322121143341064,0.21359188854694366,0.5029890537261963,0.21229496598243713,0.550757110118866,0.21451087296009064,0.5368910431861877,0.24976828694343567,0.45875781774520874,0.24863234162330627,0.5317036509513855,0.23719049990177155,0.5654256343841553,0.26075994968414307,0.5612660646438599,0.2960640788078308,0.5089793801307678,0.28407809138298035,0.5817692875862122,0.2669745683670044,0.6089694499969482,0.3012191653251648,0.5982738137245178,0.3246328830718994,0.5524479150772095,0.31349262595176697,0.6069942116737366,0.2987743020057678,0.6351120471954346,SHUTDOWN
0.31773823499679565,0.884442150592804,0.25662675499916077,0.8727714419364929,0.19962787628173828,0.797721266746521,0.1983274519443512,0.7024214267730713,0.21521665155887604,0.6289924383163452,0.1532745510339737,0.7199064493179321,0.14617489278316498,0.6508300304412842,0.17370545864105225,0.7058928608894348,0.1864635944366455,0.7376848459243774,0.2016752064228058,0.6908606290817261,0.19727374613285065,0.6219715476036072,0.2222214788198471,0.693778932094574,0.22928020358085632,0.7137917280197144,0.25452595949172974,0.6785167455673218,0.2540164589881897,0.627030611038208,0.26937487721443176,0.7036008238792419,0.2696686089038849,0.7230271697044373,0.3095380365848541,0.6795012354850769,0.30327272415161133,0.6396517157554626,0.3107205033302307,0.6998246908187866,0.30958545207977295,0.7247301936149597,SHUTDOWN
0.31969714164733887,0.9948092699050903,0.2582642734050751,0.9882871508598328,0.19989386200904846,0.9307457804679871,0.22395780682563782,0.864255964756012,0.2883392870426178,0.8118253946304321,0.1961725652217865,0.7689895629882812,0.1770634651184082,0.765020489692688,0.1755639612674713,0.7929195165634155,0.18224258720874786,0.7933520674705505,0.2535381317138672,0.7229090929031372,0.2622104585170746,0.7587833404541016,0.25790664553642273,0.8398070335388184,0.2580215632915497,0.8463018536567688,0.31040826439857483,0.7255563139915466,0.32958295941352844,0.819171667098999,0.30736133456230164,0.893553614616394,0.29027295112609863,0.879328191280365,0.3670341372489929,0.7502064108848572,0.37689512968063354,0.8544660210609436,0.3529142141342163,0.9108136892318726,0.3300955891609192,0.8971616625785828,SHUTDOWN
0.3105873465538025,0.9517894387245178,0.2528891861438751,0.9589388966560364,0.19464287161827087,0.9183881282806396,0.2140955775976181,0.8658856749534607,0.279092937707901,0.8200267553329468,0.18588733673095703,0.747234582901001,0.16916224360466003,0.7221890687942505,0.17391759157180786,0.7447959780693054,0.18578562140464783,0.757766842842102,0.24819155037403107,0.6942406296730042,0.2680567502975464,0.7146719098091125,0.26332521438598633,0.8053987622261047,0.25806376338005066,0.8320786356925964,0.31110748648643494,0.696678638458252,0.33357247710227966,0.818712592124939,0.31060248613357544,0.9041877388954163,0.2902103066444397,0.8999596834182739,0.3701786994934082,0.7246197462081909,0.3831130862236023,0.8546788096427917,0.3603687286376953,0.9251589179039001,0.337748646736145,0.9222336411476135,SHUTDOWN
0.308988094329834,0.853929877281189,0.33308544754981995,0.7394464015960693,0.3015362322330475,0.6156302094459534,0.2300528734922409,0.5599168539047241,0.16963347792625427,0.5647670030593872,0.35234418511390686,0.5341002345085144,0.24041397869586945,0.4899955987930298,0.23823317885398865,0.5410133004188538,0.2645055055618286,0.5598704218864441,0.319056898355484,0.5556967258453369,0.2059154212474823,0.5275003910064697,0.21582892537117004,0.5756701827049255,0.24599143862724304,0.5939280390739441,0.2788020670413971,0.5908865928649902,0.18128113448619843,0.5795669555664062,0.19657987356185913,0.6254405379295349,0.2267548143863678,0.6370362043380737,0.23739440739154816,0.6342014670372009,0.1722453534603119,0.6437106728553772,0.18915897607803345,0.6840198636054993,0.21612028777599335,0.6941365003585815,SHUTDOWN
0.23339155316352844,1.0213193893432617,0.3044206500053406,0.936612606048584,0.3162688612937927,0.8096288442611694,0.2707418203353882,0.7310634851455688,0.2145906388759613,0.7123185992240906,0.33750736713409424,0.7127709984779358,0.2787545323371887,0.6425850987434387,0.260600745677948,0.6817115545272827,0.2699269950389862,0.7233726382255554,0.2755287289619446,0.7125974893569946,0.22764067351818085,0.6391662359237671,0.21498793363571167,0.6812194585800171,0.22547675669193268,0.731842577457428,0.21202850341796875,0.7314752340316772,0.18000070750713348,0.670992374420166,0.1788923293352127,0.7121469974517822,0.19283238053321838,0.7540943622589111,0.15650001168251038,0.7635949850082397,0.14572454988956451,0.7232676148414612,0.1500680148601532,0.7618263363838196,0.16176187992095947,0.7985009551048279,SHUTDOWN
0.24509550631046295,1.0748978853225708,0.3204723298549652,0.9763420820236206,0.3408423662185669,0.8451148867607117,0.3023020625114441,0.7658672332763672,0.24941973388195038,0.7419480681419373,0.3577154278755188,0.7696232199668884,0.29853564500808716,0.6756393313407898,0.2726769745349884,0.6893959641456604,0.2726205289363861,0.7202446460723877,0.29358142614364624,0.7864720225334167,0.23869091272354126,0.682715892791748,0.2195480465888977,0.6947184801101685,0.22098064422607422,0.7334840297698975,0.22420655190944672,0.8180013298988342,0.18480460345745087,0.7184087634086609,0.18461434543132782,0.7462445497512817,0.19974574446678162,0.7932061553001404,0.16241657733917236,0.8591069579124451,0.15174388885498047,0.7848119735717773,0.16101649403572083,0.8090390563011169,0.17586198449134827,0.846839427947998,SHUTDOWN
0.2633688747882843,1.0694580078125,0.3355236351490021,0.9714846014976501,0.3551064729690552,0.8355593681335449,0.3107250928878784,0.7502152919769287,0.25302234292030334,0.7287271618843079,0.38873395323753357,0.7470186948776245,0.30179446935653687,0.6545491814613342,0.27788758277893066,0.6933158040046692,0.28925275802612305,0.7289193272590637,0.3313685655593872,0.7604978084564209,0.2454475462436676,0.6640347242355347,0.22816485166549683,0.7031989097595215,0.24292267858982086,0.7495138049125671,0.2653600573539734,0.7890121340751648,0.19534817337989807,0.70433509349823,0.1932629644870758,0.7520008683204651,0.2165081650018692,0.7998507618904114,0.20244264602661133,0.8291663527488708,0.16655972599983215,0.7769571542739868,0.17168739438056946,0.818397045135498,0.19015902280807495,0.8571062088012695,SHUTDOWN
0.2792096436023712,1.0546647310256958,0.34569305181503296,0.9483786821365356,0.35097748041152954,0.8074427247047424,0.2938463091850281,0.7239089608192444,0.22983026504516602,0.7100524306297302,0.39662405848503113,0.7223146557807922,0.30245742201805115,0.641951322555542,0.2814619541168213,0.6912454962730408,0.2966500222682953,0.7294316291809082,0.33987969160079956,0.7319685816764832,0.24471350014209747,0.6549210548400879,0.23396089673042297,0.7058168053627014,0.25557491183280945,0.7534570097923279,0.27467474341392517,0.7587115168571472,0.1940842568874359,0.7006298899650574,0.19871670007705688,0.7556095123291016,0.22780445218086243,0.7980356812477112,0.2123466581106186,0.7981014847755432,0.16580066084861755,0.7789942026138306,0.17638951539993286,0.829283595085144,0.20091791450977325,0.8629056215286255,SHUTDOWN
0.2624260485172272,1.0143905878067017,0.32422366738319397,0.9099313020706177,0.3231455981731415,0.7693943977355957,0.2585984766483307,0.6812125444412231,0.19000831246376038,0.6689701676368713,0.3817286789417267,0.6790444850921631,0.2815636098384857,0.5943751335144043,0.2651263475418091,0.6511977910995483,0.28551003336906433,0.6883889436721802,0.32744553685188293,0.6926518082618713,0.2309546321630478,0.6136772632598877,0.22249257564544678,0.6704730987548828,0.24536584317684174,0.7162664532661438,0.2660558521747589,0.7180574536323547,0.18390028178691864,0.6573992371559143,0.18759727478027344,0.715874969959259,0.2146066129207611,0.7568153142929077,0.20578140020370483,0.7538943886756897,0.1587039828300476,0.7220360040664673,0.16804002225399017,0.7773710489273071,0.1914174109697342,0.814535915851593,SHUTDOWN
0.1986531913280487,0.913709282875061,0.17505715787410736,0.7726611495018005,0.18281197547912598,0.6579412817955017,0.17897996306419373,0.5777069330215454,0.1766541749238968,0.533045768737793,0.3341938257217407,0.6251234412193298,0.2315189093351364,0.5228818655014038,0.20613282918930054,0.5786422491073608,0.2232249528169632,0.6184327602386475,0.32375451922416687,0.6354930400848389,0.20517441630363464,0.5346851348876953,0.18498870730400085,0.6013809442520142,0.2056657075881958,0.6441472172737122,0.29674163460731506,0.649433970451355,0.1773029863834381,0.5703120827674866,0.16133728623390198,0.6375121474266052,0.1855449676513672,0.6726488471031189,0.25798454880714417,0.6714105606079102,0.15765178203582764,0.6286947131156921,0.1465788036584854,0.68250972032547,0.16971154510974884,0.7127628326416016,SHUTDOWN
0.18756325542926788,0.9446777701377869,0.1416441649198532,0.8241370320320129,0.14230521023273468,0.7116105556488037,0.14709506928920746,0.6319724917411804,0.17893944680690765,0.5922055244445801,0.31078609824180603,0.6669116616249084,0.22348053753376007,0.5827817320823669,0.19280847907066345,0.6416572332382202,0.20584161579608917,0.6787898540496826,0.3313238024711609,0.6845112442970276,0.21856556832790375,0.5975204706192017,0.18904933333396912,0.6737887263298035,0.21718397736549377,0.7089771032333374,0.32972651720046997,0.7112533450126648,0.2105681300163269,0.6456575393676758,0.18536098301410675,0.7188810706138611,0.21500444412231445,0.7480359077453613,0.308723509311676,0.7402994632720947,0.2056785225868225,0.7095641493797302,0.1903262436389923,0.765136182308197,0.21925833821296692,0.791834831237793,SHUTDOWN
0.19398215413093567,0.9563557505607605,0.14810240268707275,0.836738646030426,0.14258232712745667,0.715865433216095,0.150290846824646,0.6287124752998352,0.18992066383361816,0.6005366444587708,0.3169178366661072,0.6663046479225159,0.21957363188266754,0.5890210270881653,0.19463960826396942,0.6624530553817749,0.21485549211502075,0.6977915167808533,0.3378796875476837,0.6832238435745239,0.2111901193857193,0.6071191430091858,0.18874144554138184,0.6992762088775635,0.2201610952615738,0.7327165007591248,0.3361116349697113,0.7102349996566772,0.20506764948368073,0.657142162322998,0.18498115241527557,0.7414940595626831,0.2149309515953064,0.7669283151626587,0.3148755431175232,0.7413976788520813,0.200435072183609,0.725448727607727,0.18846572935581207,0.7863265872001648,0.21803289651870728,0.8080826997756958,SHUTDOWN
0.11291209608316422,0.8150527477264404,0.0572151243686676,0.8002434968948364,0.014025449752807617,0.7047679424285889,0.014933928847312927,0.616364061832428,0.03939260542392731,0.5542107224464417,0.06249302625656128,0.6236802339553833,0.05545695126056671,0.5816125869750977,0.027880333364009857,0.5620133280754089,0.001177474856376648,0.5496145486831665,0.10924334824085236,0.6139312386512756,0.09391218423843384,0.5561977028846741,0.057228997349739075,0.5915107727050781,0.04097279906272888,0.6103018522262573,0.1537809669971466,0.6272121071815491,0.12823469936847687,0.5961562395095825,0.1048608124256134,0.6764826774597168,0.10687880218029022,0.7158871293067932,0.20095717906951904,0.6555141806602478,0.165285125374794,0.6529569625854492,0.14822076261043549,0.7108427286148071,0.15599781274795532,0.7360265851020813,SHUTDOWN
0.24663442373275757,0.9862320423126221,0.15681371092796326,0.9567775130271912,0.07875708490610123,0.847174346446991,0.09748829901218414,0.7220181226730347,0.168585866689682,0.6539009213447571,0.07761123776435852,0.7230848670005798,0.055422499775886536,0.6550799012184143,0.07585590332746506,0.7433356642723083,0.0903938040137291,0.7581355571746826,0.13945499062538147,0.7006372213363647,0.12271076440811157,0.6370450854301453,0.132685586810112,0.7485010623931885,0.13920244574546814,0.7470200657844543,0.20124003291130066,0.7013852000236511,0.19569513201713562,0.6709885597229004,0.19294336438179016,0.7866207957267761,0.19257478415966034,0.7854350805282593,0.2642206847667694,0.7109224796295166,0.24469980597496033,0.7088202834129333,0.2379675656557083,0.791751503944397,0.24140211939811707,0.7985015511512756,SHUTDOWN
0.2365201711654663,0.9902627468109131,0.15066826343536377,0.9611750245094299,0.07204055041074753,0.8462207913398743,0.08586852252483368,0.7292415499687195,0.156232088804245,0.6676609516143799,0.07631758600473404,0.7118247747421265,0.05789722502231598,0.6568167209625244,0.07463308423757553,0.7528587579727173,0.08578892797231674,0.757194459438324,0.13729336857795715,0.6884452700614929,0.12425962090492249,0.6312496066093445,0.131977841258049,0.7510581016540527,0.1373749077320099,0.7450241446495056,0.19927848875522614,0.691378653049469,0.19687482714653015,0.6812763810157776,0.1916624754667282,0.7971549034118652,0.18866001069545746,0.78472900390625,0.2632831335067749,0.7057806849479675,0.2486402541399002,0.7307040095329285,0.24258750677108765,0.8088809251785278,0.24419046938419342,0.7994003295898438,SHUTDOWN
0.24175101518630981,0.9894950985908508,0.15552349388599396,0.9616923332214355,0.07831636071205139,0.8452652096748352,0.09099846333265305,0.7258821725845337,0.16243016719818115,0.6683438420295715,0.09384490549564362,0.701332688331604,0.07540331780910492,0.6473525166511536,0.08453527837991714,0.7457777857780457,0.09580076485872269,0.758180558681488,0.15480588376522064,0.6843274235725403,0.13805563747882843,0.6280909776687622,0.14000001549720764,0.7451209425926208,0.15030042827129364,0.7434054613113403,0.21482032537460327,0.6927352547645569,0.20644915103912354,0.6811278462409973,0.1964995414018631,0.79440838098526,0.197565957903862,0.7854233980178833,0.27657586336135864,0.7122247219085693,0.2545921802520752,0.7314377427101135,0.24513643980026245,0.8092785477638245,0.24943748116493225,0.8033496737480164,SHUTDOWN
0.20914600789546967,1.052152156829834,0.1451704204082489,1.0130568742752075,0.07179419696331024,0.8972815871238708,0.08541489392518997,0.7792582511901855,0.168740913271904,0.7129476070404053,0.08348780125379562,0.748248279094696,0.0579814687371254,0.709463357925415,0.07122443616390228,0.8050859570503235,0.08710900694131851,0.8166358470916748,0.14892280101776123,0.7224599123001099,0.13488556444644928,0.6885827779769897,0.13681329786777496,0.8068363070487976,0.1388150453567505,0.8065285086631775,0.21578705310821533,0.7311714887619019,0.21459683775901794,0.7528945803642273,0.20258383452892303,0.8658011555671692,0.1916356384754181,0.8550517559051514,0.2839878797531128,0.7558316588401794,0.2716199457645416,0.8122446537017822,0.2589820325374603,0.8923083543777466,0.25059330463409424,0.88364177942276,SHUTDOWN
0.15280844271183014,1.000547170639038,0.087074875831604,0.9748762249946594,0.03681844472885132,0.9195634126663208,0.0363166481256485,0.8708533048629761,0.07832492887973785,0.838279128074646,0.10095058381557465,0.7735140323638916,0.084060899913311,0.7500605583190918,0.058884166181087494,0.7597477436065674,0.030762404203414917,0.7807998657226562,0.1660444736480713,0.7562236785888672,0.13557660579681396,0.8129863739013672,0.09195435792207718,0.8753883838653564,0.059852130711078644,0.9176540374755859,0.223873108625412,0.7843550443649292,0.19242657721042633,0.8941972255706787,0.1592576652765274,0.9725690484046936,0.13895338773727417,1.017643928527832,0.2719521224498749,0.8367940187454224,0.24942585825920105,0.9197205305099487,0.22214992344379425,0.9716427326202393,0.2046065479516983,1.0037227869033813,SHUTDOWN
0.20742091536521912,0.872377872467041,0.20014667510986328,0.870902955532074,0.20310667157173157,0.8649041652679443,0.1996142715215683,0.8893431425094604,0.19332373142242432,0.9150884747505188,0.28250178694725037,0.8068170547485352,0.2754300832748413,0.907524049282074,0.26236915588378906,0.9895540475845337,0.2543639540672302,1.0366019010543823,0.29192742705345154,0.8134526014328003,0.27837470173835754,0.9461144208908081,0.2553024888038635,1.04307222366333,0.24263012409210205,1.1022306680679321,0.28517183661460876,0.8372082710266113,0.2788793444633484,0.9704316258430481,0.26686859130859375,1.0593106746673584,0.26190733909606934,1.1131192445755005,0.26828843355178833,0.8743523359298706,0.2720378339290619,0.9811819195747375,0.2686728835105896,1.051875114440918,0.2697297930717468,1.0997645854949951,SHUTDOWN
0.33359917998313904,1.0608351230621338,0.26039502024650574,1.025149941444397,0.20959262549877167,0.9411360025405884,0.22274035215377808,0.8590883016586304,0.2887806296348572,0.8082543611526489,0.2433028221130371,0.782513439655304,0.22041845321655273,0.7292986512184143,0.20772197842597961,0.7540730237960815,0.20954248309135437,0.7826354503631592,0.3131698668003082,0.7830121517181396,0.3016795516014099,0.758535623550415,0.2856151759624481,0.8341754674911499,0.28236865997314453,0.8762544393539429,0.3829355537891388,0.8229435086250305,0.37413477897644043,0.8319109678268433,0.34926214814186096,0.9107457399368286,0.3347369432449341,0.9423091411590576,0.44647926092147827,0.8847345113754272,0.4357529878616333,0.9113525748252869,0.41179943084716797,0.9677425622940063,0.3972448706626892,0.9902962446212769,SHUTDOWN
0.3323681950569153,0.9933449625968933,0.2677222788333893,0.9680309295654297,0.2163258045911789,0.8820803761482239,0.22844639420509338,0.7843122482299805,0.28155454993247986,0.7258083820343018,0.22113515436649323,0.7721145153045654,0.19398103654384613,0.7214058637619019,0.1935383826494217,0.7005087733268738,0.20506688952445984,0.6997708082199097,0.279493123292923,0.7542255520820618,0.27755478024482727,0.6921529769897461,0.2750549912452698,0.7523229718208313,0.2818770706653595,0.7853249311447144,0.3367440700531006,0.7663615942001343,0.3401240110397339,0.7345790863037109,0.3223530054092407,0.8130875825881958,0.31908687949180603,0.8370924592018127,0.39381644129753113,0.7986412644386292,0.38451817631721497,0.7856336236000061,0.36739447712898254,0.8527278304100037,0.36317867040634155,0.875264048576355,SHUTDOWN
0.402892142534256,0.9095614552497864,0.34444522857666016,0.8606054186820984,0.30226725339889526,0.7689105272293091,0.3225584924221039,0.6811259984970093,0.3702789545059204,0.636033296585083,0.29466772079467773,0.6824367046356201,0.30103594064712524,0.6209115386009216,0.30530059337615967,0.6936976313591003,0.30648553371429443,0.7197028994560242,0.34000006318092346,0.6837292313575745,0.3478478491306305,0.6175969839096069,0.3432246446609497,0.7004360556602478,0.34126943349838257,0.7109091281890869,0.384071946144104,0.6962459087371826,0.39752197265625,0.6578848361968994,0.38468411564826965,0.7397620677947998,0.37779369950294495,0.7464863061904907,0.42937740683555603,0.7176153659820557,0.4313018321990967,0.6968051195144653,0.4194769263267517,0.7573394179344177,0.4156380891799927,0.7680923342704773,SHUTDOWN
0.4087015688419342,0.9330238103866577,0.35371577739715576,0.882050633430481,0.31737855076789856,0.7825242280960083,0.3428037762641907,0.6975444555282593,0.3920212686061859,0.6578813791275024,0.31070056557655334,0.6953336596488953,0.3155577778816223,0.6341912746429443,0.3197774589061737,0.706171989440918,0.32378533482551575,0.7246430516242981,0.35797321796417236,0.6959583759307861,0.36430123448371887,0.6307007074356079,0.35833409428596497,0.7154395580291748,0.36076048016548157,0.7206393480300903,0.4044102728366852,0.7115626931190491,0.41195055842399597,0.6734645962715149,0.3963717818260193,0.7593791484832764,0.3936844766139984,0.7630558013916016,0.45055681467056274,0.7355355620384216,0.442964106798172,0.7176017761230469,0.4281318187713623,0.7783220410346985,0.4280796945095062,0.7854928970336914,SHUTDOWN
0.34882035851478577,0.853253960609436,0.3203152120113373,0.7375672459602356,0.3174694776535034,0.6511566042900085,0.31783434748649597,0.5890833139419556,0.3427877426147461,0.5625792145729065,0.4409799873828888,0.6222078800201416,0.38304033875465393,0.5546637177467346,0.3476365804672241,0.590189516544342,0.34636321663856506,0.627056896686554,0.45516982674598694,0.6360795497894287,0.3855566382408142,0.5566971302032471,0.3492126166820526,0.6036595702171326,0.35440951585769653,0.6451330780982971,0.4593271315097809,0.6540188789367676,0.3805394172668457,0.5909256339073181,0.355726957321167,0.6382043957710266,0.3701467514038086,0.674068808555603,0.450798362493515,0.6763842105865479,0.3826664090156555,0.6373905539512634,0.3649514615535736,0.6732755899429321,0.3770795166492462,0.7041414380073547,SHUTDOWN
0.3508639931678772,0.8275284767150879,0.33880823850631714,0.7174075841903687,0.34769564867019653,0.6293396353721619,0.34633445739746094,0.5632724761962891,0.351554274559021,0.5317802429199219,0.482840359210968,0.6268718242645264,0.40301990509033203,0.5261732935905457,0.37417343258857727,0.5707394480705261,0.3830285668373108,0.6096271276473999,0.4777463972568512,0.6277322173118591,0.3836320638656616,0.5221064686775208,0.3566477298736572,0.5801888704299927,0.36914870142936707,0.6184181571006775,0.456888347864151,0.6310036182403564,0.3598664700984955,0.5467091798782349,0.3367552161216736,0.6090310215950012,0.3532228469848633,0.643265426158905,0.4235687851905823,0.6391804814338684,0.3415188193321228,0.5955706238746643,0.3260972499847412,0.6425879001617432,0.3432297110557556,0.6720927953720093,SHUTDOWN
0.7137436866760254,1.0537972450256348,0.751538097858429,0.9523842334747314,0.7309173941612244,0.8295268416404724,0.6788982152938843,0.7586632966995239,0.6319186687469482,0.7243545651435852,0.727854311466217,0.8235136270523071,0.710177481174469,0.6749910116195679,0.7003927230834961,0.5913683772087097,0.6977552771568298,0.52192622423172,0.6689253449440002,0.8669486045837402,0.6094303727149963,0.705854594707489,0.5770102143287659,0.609630823135376,0.5473529696464539,0.5352160930633545,0.610892117023468,0.9159883260726929,0.5576564073562622,0.7640856504440308,0.587181806564331,0.7860215902328491,0.6076915264129639,0.8297536969184875,0.5675762891769409,0.9671018123626709,0.5373294353485107,0.8361769318580627,0.5618825554847717,0.8535394668579102,0.5791652202606201,0.8933895826339722,BREAK
0.6820117235183716,1.1262383460998535,0.7267746329307556,1.0111908912658691,0.7096638679504395,0.873095691204071,0.6725919842720032,0.7739980816841125,0.6403009295463562,0.706662654876709,0.7089180946350098,0.8826447129249573,0.7082362174987793,0.7119929194450378,0.7039400339126587,0.617333173751831,0.7031255960464478,0.5365190505981445,0.6436625123023987,0.9299317598342896,0.591354250907898,0.7452597618103027,0.5622429251670837,0.6251463890075684,0.5349669456481934,0.532749354839325,0.580470085144043,0.9799107313156128,0.5334733724594116,0.8058298230171204,0.5646188855171204,0.833322286605835,0.5873117446899414,0.883580207824707,0.5357527136802673,1.022605061531067,0.5097113251686096,0.8910772204399109,0.5376756191253662,0.9152007699012756,0.5563074946403503,0.9590750336647034,BREAK
0.6864701509475708,1.1626346111297607,0.7275601625442505,1.0450794696807861,0.7120527625083923,0.9060972332954407,0.6701481938362122,0.804215133190155,0.6390368938446045,0.7386126518249512,0.7108094692230225,0.9311103224754333,0.7032428979873657,0.7602450847625732,0.6957830786705017,0.660375714302063,0.6898895502090454,0.5723260641098022,0.6471884846687317,0.9756250977516174,0.5849400162696838,0.7947486042976379,0.5496926307678223,0.6767940521240234,0.516852617263794,0.5877162218093872,0.5838021039962769,1.0202609300613403,0.5216439366340637,0.8522470593452454,0.5529233813285828,0.8713725805282593,0.578769326210022,0.9177227020263672,0.5390176773071289,1.0541326999664307,0.4985162615776062,0.9253318905830383,0.5241696834564209,0.9424380660057068,0.5456706881523132,0.9848363995552063,BREAK
0.6845113039016724,1.1679946184158325,0.7254190444946289,1.050856590270996,0.7060250639915466,0.9320382475852966,0.653576672077179,0.8622219562530518,0.6006537675857544,0.8290183544158936,0.7083401679992676,0.9345247745513916,0.6955288648605347,0.7671351432800293,0.6846827268600464,0.6687880754470825,0.6762447357177734,0.5810580253601074,0.6486563086509705,0.9763104319572449,0.5822981595993042,0.7974972128868103,0.5434539914131165,0.6781723499298096,0.5091025233268738,0.5865705013275146,0.5872280597686768,1.0228654146194458,0.5135207772254944,0.8833869695663452,0.5415681600570679,0.8986095190048218,0.5701216459274292,0.93617844581604,0.542341411113739,1.0606067180633545,0.49247831106185913,0.960747241973877,0.5170995593070984,0.9770364761352539,0.5411888360977173,1.0129923820495605,BREAK
0.6668221354484558,1.1403746604919434,0.5986292958259583,1.0767371654510498,0.5615943074226379,1.0017673969268799,0.5353589653968811,0.9598903656005859,0.5267334580421448,0.9202070236206055,0.6585220694541931,0.8478877544403076,0.6561301946640015,0.7187362909317017,0.6343364715576172,0.6398108005523682,0.612243115901947,0.581544041633606,0.68999183177948,0.8689992427825928,0.6637210249900818,0.7232410311698914,0.6185866594314575,0.6363916993141174,0.5778567790985107,0.5777711868286133,0.706866443157196,0.9113035798072815,0.6287736892700195,0.8105287551879883,0.5770788192749023,0.8713855743408203,0.5521100163459778,0.938503623008728,0.7024216055870056,0.9665496945381165,0.6149554252624512,0.884406328201294,0.5633856654167175,0.9118154644966125,0.5353233218193054,0.9555516242980957,BREAK
0.6612409353256226,1.1470215320587158,0.589226245880127,1.0834230184555054,0.5506124496459961,1.0096814632415771,0.5199348330497742,0.9686741232872009,0.5069021582603455,0.9207118153572083,0.6494832634925842,0.8674340844154358,0.6501017808914185,0.7351431846618652,0.6391192078590393,0.6521839499473572,0.6270630359649658,0.5877211093902588,0.6746116876602173,0.8783782124519348,0.6529489159584045,0.7256057262420654,0.6142053008079529,0.6288862228393555,0.576727569103241,0.5595932006835938,0.6878907680511475,0.9079295992851257,0.5986037850379944,0.8129684329032898,0.5465268492698669,0.8831380605697632,0.5250678062438965,0.9500658512115479,0.6823583245277405,0.952099084854126,0.5947607755661011,0.8734197616577148,0.5434268712997437,0.9126968383789062,0.5192250609397888,0.9625216722488403,BREAK
0.6147928833961487,1.1146830320358276,0.5670432448387146,1.0836127996444702,0.5361300110816956,1.0310742855072021,0.513787567615509,0.9922336935997009,0.5160022377967834,0.950019359588623,0.6055371165275574,0.870195746421814,0.6178569197654724,0.7466119527816772,0.6193063855171204,0.662929117679596,0.6241135001182556,0.5955417156219482,0.6414919495582581,0.8721978664398193,0.6600152850151062,0.7320559024810791,0.6578152179718018,0.639379620552063,0.6557734608650208,0.56334388256073,0.6665638089179993,0.9027602672576904,0.667691171169281,0.7683535814285278,0.6471817493438721,0.6894919872283936,0.6399153470993042,0.628997802734375,0.6753513216972351,0.9560002684593201,0.6267107129096985,0.8877284526824951,0.5817707777023315,0.9075140953063965,0.5584949254989624,0.9477518200874329,BREAK
0.7068570256233215,1.0694491863250732,0.6348002552986145,0.9758723974227905,0.5952804088592529,0.8425467610359192,0.5848102569580078,0.7383760213851929,0.5727258920669556,0.6417714953422546,0.6782657504081726,0.8680813312530518,0.6725615859031677,0.7241430878639221,0.6847146153450012,0.6368597745895386,0.6943249702453613,0.5595424771308899,0.736748456954956,0.9008016586303711,0.752631664276123,0.7940693497657776,0.7371212840080261,0.7191682457923889,0.7212913036346436,0.6621512174606323,0.7738502621650696,0.951128363609314,0.7492631077766418,0.8988369107246399,0.7103390693664551,0.911288857460022,0.690057635307312,0.9350335001945496,0.7907350063323975,1.0021660327911377,0.7613812685012817,0.9713047742843628,0.7270601391792297,0.9766308069229126,0.7101960778236389,0.9936982989311218,BREAK
0.7295730113983154,1.0317082405090332,0.6799087524414062,0.9952888488769531,0.6310362815856934,0.9161849617958069,0.6086090803146362,0.8559044599533081,0.5947464108467102,0.8030715584754944,0.6524180173873901,0.8858557939529419,0.6246570348739624,0.7530674934387207,0.6171367764472961,0.6773030161857605,0.6102036833763123,0.6131243705749512,0.7245562672615051,0.8960617184638977,0.7487056851387024,0.7587109804153442,0.76747727394104,0.6675477027893066,0.777853786945343,0.5961177349090576,0.7879930138587952,0.936011016368866,0.822716474533081,0.8614121079444885,0.8214877843856812,0.8707755208015442,0.811915397644043,0.8793737888336182,0.8376367092132568,0.983317494392395,0.8634530901908875,0.955336332321167,0.8516613245010376,0.9775170683860779,0.8330106735229492,0.9990570545196533,BREAK
0.7331644296646118,1.1376911401748657,0.672095000743866,1.1142667531967163,0.6245573163032532,1.0550261735916138,0.6050142049789429,0.9998581409454346,0.6064386367797852,0.9505950212478638,0.630092978477478,0.9552183151245117,0.5939314365386963,0.8176040649414062,0.5776699185371399,0.725890576839447,0.5675158500671387,0.6504094004631042,0.6953921318054199,0.9364650845527649,0.7162359952926636,0.8036933541297913,0.7254210710525513,0.7036288976669312,0.7262324690818787,0.6236879825592041,0.749021053314209,0.9564337134361267,0.7554695010185242,0.8995066285133362,0.7506482601165771,0.9386587738990784,0.74192875623703,0.9691526889801025,0.7889653444290161,0.9929924607276917,0.7846824526786804,0.9588634371757507,0.7692260146141052,0.996540904045105,0.7560533881187439,1.0345934629440308,BREAK
0.7210632562637329,1.1609303951263428,0.6746180057525635,1.1054821014404297,0.6457952260971069,1.0360312461853027,0.6482782363891602,0.9848605990409851,0.6534035205841064,0.9382012486457825,0.6351138949394226,0.9091404676437378,0.6160991191864014,0.7759532332420349,0.6068558096885681,0.6957225799560547,0.6004183888435364,0.6287092566490173,0.6827899217605591,0.9156341552734375,0.6637635231018066,0.7768912315368652,0.6516381502151489,0.6927840709686279,0.6416652202606201,0.6263749003410339,0.7298781871795654,0.9511303305625916,0.7189631462097168,0.8587762117385864,0.6990550756454468,0.7831413149833679,0.6801465749740601,0.7198981046676636,0.7765096426010132,1.0106991529464722,0.7656320929527283,1.0122308731079102,0.7498759627342224,1.0311793088912964,0.7370448708534241,1.0535888671875,BREAK
0.7389240264892578,1.1406805515289307,0.6820494532585144,1.122293472290039,0.6314135193824768,1.0743508338928223,0.6105102300643921,1.0397924184799194,0.5948503017425537,1.0138007402420044,0.6531075239181519,0.9108446836471558,0.6172093152999878,0.7741952538490295,0.6012891530990601,0.6852274537086487,0.5889996886253357,0.6054468154907227,0.7276360392570496,0.9008132219314575,0.7659090757369995,0.7560760974884033,0.789970874786377,0.6536542177200317,0.8069889545440674,0.5662974119186401,0.786027193069458,0.9351930618286133,0.8129225969314575,0.9034827947616577,0.7944038510322571,0.9889070987701416,0.7760950326919556,1.0454484224319458,0.8331970572471619,0.9901992678642273,0.8485152721405029,0.9678049087524414,0.8269425630569458,1.0290385484695435,0.8038432598114014,1.079596996307373,BREAK
0.7214486002922058,0.9545437693595886,0.7177134156227112,0.851473331451416,0.7011796236038208,0.7293396592140198,0.6971690654754639,0.6326730251312256,0.6961433291435242,0.5526384115219116,0.6851304173469543,0.7752366065979004,0.6300495266914368,0.6911980509757996,0.5847307443618774,0.6430181860923767,0.545772910118103,0.6038246154785156,0.6787688732147217,0.835810661315918,0.651982307434082,0.7697762846946716,0.6241563558578491,0.7346137166023254,0.5973670482635498,0.7014694809913635,0.6681188941001892,0.9079900979995728,0.6374468803405762,0.8833475112915039,0.6140255928039551,0.868156373500824,0.5930573344230652,0.8420767784118652,0.6552596688270569,0.9841569662094116,0.6075507402420044,0.9799159169197083,0.5815500020980835,0.9780742526054382,0.5623879432678223,0.9689397811889648,BREAK
0.676342248916626,1.0756592750549316,0.6239264011383057,1.061912178993225,0.5823859572410583,0.9988385438919067,0.554986834526062,0.9279496669769287,0.5450254678726196,0.8768084645271301,0.6300930976867676,0.9518636465072632,0.6033423542976379,0.7957096695899963,0.5797340869903564,0.6968163847923279,0.5619008541107178,0.614410400390625,0.6867308020591736,0.9283976554870605,0.697981059551239,0.7756571769714355,0.7017917037010193,0.6760045289993286,0.7033292055130005,0.5922588109970093,0.7150468826293945,0.9137067198753357,0.7096776962280273,0.7626976370811462,0.706940233707428,0.6656789779663086,0.7022374868392944,0.5959354043006897,0.7186224460601807,0.8993239402770996,0.6873461008071899,0.7882697582244873,0.6640031933784485,0.7395253777503967,0.6420959234237671,0.7107840180397034,BREAK
0.6906561851501465,1.0975992679595947,0.6279284358024597,1.0837724208831787,0.5788224935531616,1.025755524635315,0.5524395704269409,0.9527848958969116,0.5382686257362366,0.8903469443321228,0.6380816698074341,0.9845966696739197,0.6018551588058472,0.8239848613739014,0.5737814903259277,0.7234064936637878,0.5526410341262817,0.6422774791717529,0.6976912021636963,0.9553864598274231,0.710311770439148,0.7899976372718811,0.7101277709007263,0.6824086308479309,0.7060927152633667,0.5946048498153687,0.7265750169754028,0.9300544261932373,0.7217205762863159,0.7752264738082886,0.7171010375022888,0.6738643646240234,0.7106506824493408,0.6022909879684448,0.730127215385437,0.9038860201835632,0.7129911780357361,0.7902145385742188,0.7035772204399109,0.718874454498291,0.6920399069786072,0.6692640781402588,BREAK
0.4557289481163025,1.0630429983139038,0.3940507173538208,0.9695705771446228,0.37512919306755066,0.8287397623062134,0.3926005959510803,0.7107945680618286,0.3955603539943695,0.635070264339447,0.40253299474716187,0.8251080513000488,0.3982102870941162,0.6619398593902588,0.3931092917919159,0.5621033906936646,0.389763742685318,0.4821098744869232,0.46727097034454346,0.8604590892791748,0.505027711391449,0.6747046709060669,0.5241458415985107,0.5456931591033936,0.5462597012519836,0.44475868344306946,0.5252431631088257,0.9168441295623779,0.5579420924186707,0.7778468728065491,0.5301593542098999,0.8190119862556458,0.5101828575134277,0.8747544288635254,0.5784358978271484,0.9747612476348877,0.5928776860237122,0.8614870309829712,0.5702448487281799,0.8920146226882935,0.5536885261535645,0.9368788003921509,BREAK
0.4149283468723297,1.0863423347473145,0.37793105840682983,0.9593878984451294,0.39634960889816284,0.8516250252723694,0.4498668611049652,0.7886903285980225,0.5019516348838806,0.7692345380783081,0.41226089000701904,0.800078272819519,0.4089062809944153,0.663890540599823,0.4073660969734192,0.5762810707092285,0.4091681241989136,0.5074014663696289,0.47663357853889465,0.8253212571144104,0.5349532961845398,0.6731671094894409,0.5691325068473816,0.5741245746612549,0.5991960763931274,0.5038166642189026,0.5295656323432922,0.8771678805351257,0.5728490352630615,0.7734830379486084,0.542293906211853,0.8002521991729736,0.517845094203949,0.8407553434371948,0.5702540874481201,0.9412011504173279,0.5941269993782043,0.8602248430252075,0.5675219893455505,0.878423810005188,0.5501002669334412,0.9140760898590088,BREAK
0.39831429719924927,1.1244189739227295,0.3561628460884094,1.0040580034255981,0.37372100353240967,0.8822678327560425,0.4340439438819885,0.809521496295929,0.48886749148368835,0.7864705920219421,0.3898184299468994,0.8303940296173096,0.3922853171825409,0.6788633465766907,0.39586693048477173,0.5835353136062622,0.40296655893325806,0.5105965733528137,0.4563449025154114,0.8636862635612488,0.5118044018745422,0.6943621039390564,0.5460432767868042,0.5821044445037842,0.5796902775764465,0.5001904964447021,0.5120770335197449,0.9176812767982483,0.5602418780326843,0.7852258086204529,0.5267037153244019,0.813925564289093,0.4997359812259674,0.8619922995567322,0.5572024583816528,0.9764977693557739,0.5794302821159363,0.8750024437904358,0.5521780252456665,0.8959552645683289,0.5357381105422974,0.9362888932228088,BREAK
0.4074074327945709,1.1432037353515625,0.36380696296691895,1.0330641269683838,0.3807609975337982,0.9086582064628601,0.4368496537208557,0.8253280520439148,0.4891807734966278,0.7903202176094055,0.40397608280181885,0.8780620098114014,0.44455671310424805,0.7142693996429443,0.4693740904331207,0.6349880695343018,0.49169278144836426,0.5788459777832031,0.471863329410553,0.917667031288147,0.5277085900306702,0.7440202236175537,0.548816442489624,0.6619267463684082,0.5660877823829651,0.6070684194564819,0.5313307046890259,0.9706673622131348,0.5902976393699646,0.7958849668502808,0.5620601177215576,0.8021346926689148,0.5351018905639648,0.8390671014785767,0.5788849592208862,1.0257587432861328,0.6152086853981018,0.911882221698761,0.5906751155853271,0.9189460873603821,0.570651113986969,0.955890953540802,BREAK
0.5954728126525879,1.0660600662231445,0.641350507736206,0.9819919466972351,0.6434365510940552,0.8728495836257935,0.6134642362594604,0.797446608543396,0.5801976323127747,0.7606310248374939,0.6374417543411255,0.8717195391654968,0.6262397170066833,0.7007816433906555,0.6194326877593994,0.6166054010391235,0.6179079413414001,0.5529764294624329,0.5864382982254028,0.8999055624008179,0.5364348888397217,0.7148357629776001,0.5030503273010254,0.622627317905426,0.4813929498195648,0.5550437569618225,0.5330153703689575,0.9314225316047668,0.5013479590415955,0.7598277926445007,0.490466445684433,0.6835846900939941,0.4870714545249939,0.6347877979278564,0.4843442738056183,0.9657594561576843,0.45489606261253357,0.863442599773407,0.46206820011138916,0.8490793108940125,0.4769846796989441,0.8575059175491333,BREAK
0.5889562368392944,1.1896400451660156,0.6336717009544373,1.0916523933410645,0.6148943901062012,0.9764364361763,0.5589421391487122,0.9066279530525208,0.5059893727302551,0.8696744441986084,0.6111522912979126,0.9540265202522278,0.6083104014396667,0.7792285680770874,0.6007535457611084,0.6767494082450867,0.5983725190162659,0.5936053991317749,0.5489851832389832,0.9882291555404663,0.4881475865840912,0.8080743551254272,0.4543061852455139,0.6911256313323975,0.4291248321533203,0.598575234413147,0.48993414640426636,1.0327847003936768,0.44213926792144775,0.9053555727005005,0.46388113498687744,0.9311631917953491,0.48151183128356934,0.9723541736602783,0.4465596079826355,1.075502634048462,0.41827934980392456,0.9741480350494385,0.43953564763069153,0.9949079751968384,0.4549313187599182,1.0314885377883911,BREAK
0.6103888750076294,1.132388949394226,0.5499020218849182,1.0704736709594727,0.5035500526428223,1.0088446140289307,0.46223145723342896,0.9669195413589478,0.4433046281337738,0.9191228747367859,0.6018441915512085,0.8311785459518433,0.5906511545181274,0.7012566328048706,0.5711413621902466,0.6112689971923828,0.5520455837249756,0.5429674983024597,0.6243064403533936,0.8535509705543518,0.6191501021385193,0.7276122570037842,0.5957813262939453,0.661189079284668,0.5712141394615173,0.6200304627418518,0.6303565502166748,0.8994329571723938,0.5530407428741455,0.8384006023406982,0.49318695068359375,0.8868708610534668,0.46342694759368896,0.9359327554702759,0.6168801188468933,0.9630259275436401,0.5368967056274414,0.9298029541969299,0.48961958289146423,0.9618450403213501,0.4706452786922455,0.998441219329834,BREAK
0.6217893362045288,1.0682531595230103,0.5968408584594727,1.0230193138122559,0.5501470565795898,0.9737871289253235,0.491506963968277,0.972642183303833,0.4536464810371399,0.9547094702720642,0.6061232089996338,0.8257802128791809,0.5891038179397583,0.7078143358230591,0.5755192637443542,0.6332606673240662,0.5659359097480774,0.5704653859138489,0.6078580617904663,0.8372645378112793,0.586139976978302,0.7106412649154663,0.5542713403701782,0.6304352283477783,0.5237879753112793,0.5617218017578125,0.5997556447982788,0.88196861743927,0.5227261185646057,0.8336525559425354,0.4818975031375885,0.9062141180038452,0.46381527185440063,0.9562886357307434,0.5866066217422485,0.9450021982192993,0.5095025300979614,0.9649555087089539,0.4754166603088379,1.0132352113723755,0.4629388153553009,1.0441731214523315,BREAK
0.6441164612770081,1.010107398033142,0.6346460580825806,0.9501672983169556,0.6028392314910889,0.9001173377037048,0.5587295889854431,0.8914169669151306,0.5247602462768555,0.8802992105484009,0.6125376224517822,0.8134549856185913,0.5957617163658142,0.7044723033905029,0.5813425779342651,0.6359617710113525,0.571757972240448,0.5775595903396606,0.5984839797019958,0.8288914561271667,0.5598063468933105,0.7260503172874451,0.5196818113327026,0.6572973728179932,0.48454898595809937,0.6004300117492676,0.5865217447280884,0.8674437403678894,0.5217111110687256,0.8568956255912781,0.4953256845474243,0.9170219302177429,0.48450666666030884,0.9605922698974609,0.5783873200416565,0.9183368682861328,0.5236057043075562,0.9377126693725586,0.5038765668869019,0.9847503304481506,0.49899470806121826,1.0206841230392456,BREAK
0.6439433693885803,0.928336501121521,0.6124435067176819,0.9397295713424683,0.5766904950141907,0.9346359968185425,0.5422151684761047,0.9462754726409912,0.5138309001922607,0.9635326862335205,0.5933972597122192,0.7917145490646362,0.5918235182762146,0.6964408755302429,0.5916563868522644,0.634390115737915,0.5950101613998413,0.582685649394989,0.6107083559036255,0.7732225656509399,0.645852267742157,0.711560070514679,0.6812050938606262,0.6900854706764221,0.7076584100723267,0.671700119972229,0.6223607063293457,0.7670514583587646,0.6312457919120789,0.6984667778015137,0.6265610456466675,0.648368775844574,0.6224637031555176,0.6050705909729004,0.6219303011894226,0.7696006298065186,0.6301131844520569,0.7185945510864258,0.6389963030815125,0.696351945400238,0.6497820615768433,0.6770743131637573,BREAK
0.715289294719696,1.0600919723510742,0.6528331637382507,1.0542393922805786,0.6092915534973145,0.9988186359405518,0.6266762614250183,0.9550740718841553,0.6564892530441284,0.9178000688552856,0.625751793384552,0.8386394381523132,0.5804243087768555,0.709486186504364,0.5588152408599854,0.6292064785957336,0.541478157043457,0.5580466985702515,0.7077577114105225,0.8207283020019531,0.7126367688179016,0.6484016180038452,0.7177937626838684,0.546292245388031,0.7191958427429199,0.45796623826026917,0.7782773375511169,0.8571794033050537,0.8074344992637634,0.7395642995834351,0.7952688336372375,0.8422337174415588,0.7803683280944824,0.9253717660903931,0.8378318548202515,0.9247801303863525,0.8674455881118774,0.8930082321166992,0.8472711443901062,0.9578286409378052,0.8258432149887085,1.0126326084136963,BREAK
0.7189341187477112,1.1264175176620483,0.6782169342041016,1.1140937805175781,0.6536683440208435,1.0572810173034668,0.6796282529830933,0.9908785820007324,0.713817834854126,0.9262089133262634,0.6694650053977966,0.8805484771728516,0.6426869034767151,0.7654111385345459,0.6268172264099121,0.7354244589805603,0.6108924746513367,0.7122892141342163,0.7247108817100525,0.8438367247581482,0.7430534362792969,0.6842493414878845,0.7498572468757629,0.568783164024353,0.7522549033164978,0.46681782603263855,0.7679463624954224,0.8582218289375305,0.7852620482444763,0.7533724904060364,0.7856555581092834,0.8144747018814087,0.7833936810493469,0.8638975620269775,0.8021926879882812,0.8918401598930359,0.7983788847923279,0.7984374761581421,0.7769287824630737,0.7707980871200562,0.7494729161262512,0.7532274723052979,BREAK
0.8194621801376343,0.998941957950592,0.7991371154785156,0.8604086637496948,0.7332518100738525,0.7746163010597229,0.6663864850997925,0.758323609828949,0.6060307621955872,0.7769703269004822,0.7330374717712402,0.7527059316635132,0.6773363351821899,0.6278746724128723,0.633005678653717,0.5502682328224182,0.5964584350585938,0.48385149240493774,0.7191487550735474,0.8440893292427063,0.5691406726837158,0.782096266746521,0.46673914790153503,0.7455198764801025,0.38861510157585144,0.721056342124939,0.6986647248268127,0.9432182312011719,0.5387669801712036,0.8873187303543091,0.5616297721862793,0.8811285495758057,0.6108986139297485,0.8985335826873779,0.6807984709739685,1.0274908542633057,0.5629005432128906,0.9720227718353271,0.5852310061454773,0.9688499569892883,0.6314647793769836,0.9835918545722961,BREAK
0.8540361523628235,0.9961609840393066,0.8146944046020508,0.8651361465454102,0.726161003112793,0.8029458522796631,0.635270357131958,0.8040773272514343,0.5662053227424622,0.8305196762084961,0.7142630219459534,0.7931703925132751,0.6259375214576721,0.6858415603637695,0.5588671565055847,0.6228189468383789,0.5041913390159607,0.5715636610984802,0.692851722240448,0.8842200636863708,0.5516646504402161,0.8688083291053772,0.4535462260246277,0.857446014881134,0.38126376271247864,0.841452419757843,0.6719574928283691,0.9790602922439575,0.5254437327384949,0.9592835903167725,0.44277337193489075,0.9213663339614868,0.3903104364871979,0.886806309223175,0.6564939618110657,1.0569939613342285,0.5396453142166138,1.0338059663772583,0.4814057946205139,1.0024420022964478,0.44300559163093567,0.9705249667167664,BREAK
0.794163167476654,1.0588934421539307,0.8117031455039978,0.9199355244636536,0.762574315071106,0.8068917393684387,0.6930525302886963,0.7641120553016663,0.6314764618873596,0.7672460079193115,0.7622966766357422,0.777937650680542,0.7218870520591736,0.6237246990203857,0.6956695318222046,0.535919189453125,0.6737438440322876,0.4663577973842621,0.7024711966514587,0.8349515199661255,0.6122658252716064,0.6857417821884155,0.5659586191177368,0.5925602912902832,0.5270427465438843,0.5235490798950195,0.6454595923423767,0.9069175720214844,0.5568352937698364,0.768730640411377,0.5894455313682556,0.7888076305389404,0.62204909324646,0.8328940272331238,0.6030676364898682,0.9744328856468201,0.5580489635467529,0.8750746250152588,0.5881437063217163,0.886121392250061,0.6151196360588074,0.9171783328056335,BREAK
0.6764129996299744,1.205962896347046,0.7523748874664307,1.0994154214859009,0.7603955864906311,0.9659016132354736,0.7218688726425171,0.871222734451294,0.677800178527832,0.8080193400382996,0.7505509853363037,0.9380443096160889,0.7658125162124634,0.7562748789787292,0.7712266445159912,0.6556017398834229,0.7752113342285156,0.575447142124176,0.6698443293571472,0.9605929255485535,0.6454113721847534,0.7506546378135681,0.6342358589172363,0.6249364614486694,0.6184508204460144,0.5333907604217529,0.5935779809951782,0.995246946811676,0.5718359351158142,0.7894973158836365,0.6003917455673218,0.820041835308075,0.616129994392395,0.8794033527374268,0.5413297414779663,1.031435489654541,0.5367382764816284,0.8936883807182312,0.5625048279762268,0.9158710241317749,0.5754942893981934,0.9610399603843689,BREAK
0.7124404907226562,1.2101221084594727,0.764818549156189,1.0920268297195435,0.7543978095054626,0.967529296875,0.705285906791687,0.900295078754425,0.6481355428695679,0.8664491176605225,0.7425140738487244,0.9389674067497253,0.7439067959785461,0.7552187442779541,0.7411521077156067,0.6566735506057739,0.7399090528488159,0.5796992182731628,0.6719719767570496,0.9716864824295044,0.6245456337928772,0.7626399993896484,0.6043059825897217,0.6427546739578247,0.5836138725280762,0.5546350479125977,0.6043789982795715,1.0135747194290161,0.5523693561553955,0.8300824165344238,0.5800973773002625,0.8548372387886047,0.6006955504417419,0.9050126671791077,0.555317759513855,1.0569087266921997,0.5268597602844238,0.9345247745513916,0.5526050925254822,0.9534509778022766,0.5709420442581177,0.9949656128883362,BREAK
0.7398009300231934,1.1200873851776123,0.7209253311157227,1.0064160823822021,0.667775571346283,0.9377686977386475,0.5995296239852905,0.9381813406944275,0.546520471572876,0.9466029405593872,0.7069740295410156,0.83433598279953,0.6712673902511597,0.7003713846206665,0.6525326371192932,0.6223552227020264,0.6396652460098267,0.5563492774963379,0.7051267623901367,0.8599037528038025,0.678693950176239,0.7323866486549377,0.6507301330566406,0.6488463282585144,0.6274923086166382,0.5847152471542358,0.6878978610038757,0.9108270406723022,0.6060903668403625,0.8763273358345032,0.5600257515907288,0.9100802540779114,0.5369398593902588,0.9429512023925781,0.6597478985786438,0.9722049236297607,0.5855618715286255,0.9586635231971741,0.5508576035499573,0.9770097136497498,0.5336911678314209,0.9975388646125793,BREAK
0.6830507516860962,1.157717227935791,0.6093809604644775,1.1302579641342163,0.5650482773780823,1.0772169828414917,0.558147668838501,1.0458847284317017,0.5603520274162292,1.0125353336334229,0.583853006362915,0.8721491098403931,0.5492540597915649,0.7370662689208984,0.5318157076835632,0.6539725661277771,0.519743025302887,0.5769758224487305,0.6594976782798767,0.8645095825195312,0.674889862537384,0.7090154886245728,0.6736027002334595,0.6018067002296448,0.6702101826667786,0.5165706872940063,0.7226805686950684,0.9054121375083923,0.727540135383606,0.8125067353248596,0.6936594843864441,0.8764445185661316,0.6669703125953674,0.9410610795021057,0.7717234492301941,0.9753865003585815,0.7611750364303589,0.9798239469528198,0.7309565544128418,1.019692301750183,0.7084974646568298,1.056289792060852,BREAK
0.6676070690155029,1.223103404045105,0.5956370830535889,1.1808855533599854,0.5603399276733398,1.0969072580337524,0.5769408941268921,1.0256671905517578,0.6147539019584656,0.9749248027801514,0.5856543183326721,0.9046615958213806,0.5571125149726868,0.7601771354675293,0.5411751866340637,0.6699025630950928,0.5287238955497742,0.5900250673294067,0.6571816205978394,0.8970519304275513,0.6633390188217163,0.7357299327850342,0.6626031398773193,0.6350747346878052,0.6613894701004028,0.5475667715072632,0.7159934639930725,0.9378564953804016,0.7319175601005554,0.820956289768219,0.7097706198692322,0.8942845463752747,0.6917569041252136,0.9605237245559692,0.7629736661911011,1.0073766708374023,0.7677580714225769,0.9533129334449768,0.7397828698158264,0.9966614842414856,0.7173329591751099,1.04471755027771,BREAK
0.6095476746559143,1.0719034671783447,0.6687730550765991,0.998205304145813,0.6928011178970337,0.8896337747573853,0.6915503144264221,0.8057076334953308,0.6819702386856079,0.7429925799369812,0.6720492243766785,0.8536013960838318,0.6832135319709778,0.7103920578956604,0.6833769083023071,0.6242246627807617,0.6838053464889526,0.5598706007003784,0.6080958247184753,0.8702222108840942,0.5802319049835205,0.7134543657302856,0.5634227991104126,0.6233503222465515,0.5480268597602844,0.553785502910614,0.550645112991333,0.9063165187835693,0.5373222827911377,0.7979784607887268,0.5572035908699036,0.8374788761138916,0.5704200267791748,0.878970742225647,0.509425163269043,0.9545639157295227,0.5095743536949158,0.8782557845115662,0.5255743265151978,0.9049696922302246,0.5351585149765015,0.9396215677261353,BREAK
0.6456586122512817,1.0671591758728027,0.5981512069702148,1.0385984182357788,0.5586656928062439,0.9595187902450562,0.5330151319503784,0.8858581781387329,0.5379725098609924,0.8444535732269287,0.5946242809295654,0.9416676163673401,0.5578857660293579,0.7783072590827942,0.5341672897338867,0.6725584268569946,0.5197727084159851,0.5889179706573486,0.6500081419944763,0.9259991645812988,0.6599453687667847,0.7547564506530762,0.6600109934806824,0.643635094165802,0.6598310470581055,0.5555577278137207,0.6815958023071289,0.9116317629814148,0.6899045705795288,0.749524712562561,0.6874908208847046,0.6421148180961609,0.6819441318511963,0.566363513469696,0.6911293268203735,0.8943262100219727,0.6889388561248779,0.761600136756897,0.6900719404220581,0.6857150793075562,0.6888639330863953,0.6341627836227417,BREAK
0.61732017993927,1.0433299541473389,0.6537380218505859,0.9531890153884888,0.6461992859840393,0.8407124876976013,0.6197028756141663,0.758516252040863,0.5967556834220886,0.6973254084587097,0.6432530283927917,0.8332002758979797,0.624518632888794,0.6930183172225952,0.6074108481407166,0.5992618799209595,0.593328595161438,0.5256437659263611,0.5907710194587708,0.8782454133033752,0.5214471220970154,0.7247530817985535,0.4798470437526703,0.6245868802070618,0.447547048330307,0.5496091246604919,0.5353498458862305,0.9365617632865906,0.4607643485069275,0.8157946467399597,0.47953036427497864,0.8398439288139343,0.5054861903190613,0.8769455552101135,0.4877754747867584,0.9968534111976624,0.43418994545936584,0.9143387675285339,0.45184165239334106,0.9272001385688782,0.4757830798625946,0.9546841979026794,BREAK
0.6607074737548828,1.1078026294708252,0.6925183534622192,0.9921238422393799,0.6673210263252258,0.8808417916297913,0.6129255294799805,0.8280730247497559,0.5571275949478149,0.809289813041687,0.6825734972953796,0.833034873008728,0.6679497957229614,0.6717016696929932,0.6568471193313599,0.5768295526504517,0.6469364762306213,0.4987441301345825,0.6306867003440857,0.8717371821403503,0.5693662166595459,0.6959673166275024,0.527087926864624,0.5864785313606262,0.4903069734573364,0.49951356649398804,0.5715551972389221,0.9276071190834045,0.4835122227668762,0.7885646820068359,0.5017808675765991,0.8286777138710022,0.529538094997406,0.8736895322799683,0.5212472081184387,0.9870611429214478,0.45975255966186523,0.8933510184288025,0.4790973365306854,0.9210731983184814,0.5065610408782959,0.9540518522262573,BREAK
0.6776208281517029,1.1503610610961914,0.7110959887504578,1.0250205993652344,0.6800420880317688,0.8991467952728271,0.6156808137893677,0.8474663496017456,0.5561100840568542,0.8314810395240784,0.6859330534934998,0.8686991930007935,0.6566078066825867,0.7023230195045471,0.6358138918876648,0.6104692220687866,0.6185908913612366,0.5357991456985474,0.6238738298416138,0.9233538508415222,0.5559085607528687,0.7588031888008118,0.5157774686813354,0.6495258212089539,0.47851502895355225,0.5621132850646973,0.5609591007232666,0.9827716946601868,0.4853040874004364,0.8267490863800049,0.5151336789131165,0.8511149883270264,0.5428799986839294,0.895028293132782,0.5122615098953247,1.0369458198547363,0.46606355905532837,0.9271053075790405,0.4931735694408417,0.9443554878234863,0.5199011564254761,0.9804478287696838,BREAK
0.6902884840965271,1.1575040817260742,0.6316718459129333,1.139772653579712,0.5840227603912354,1.086495041847229,0.5768752098083496,1.022931694984436,0.5885719656944275,0.9602506160736084,0.5850049257278442,0.9064648747444153,0.5471471548080444,0.7587409019470215,0.5327059030532837,0.6640031337738037,0.5248137712478638,0.5836991667747498,0.6570210456848145,0.8826603889465332,0.666050374507904,0.7262037396430969,0.6699042320251465,0.6295503973960876,0.6713250875473022,0.5452406406402588,0.7140577435493469,0.9040423631668091,0.7236802577972412,0.8549222946166992,0.6950921416282654,0.9276455640792847,0.6706113219261169,0.9796873331069946,0.756714940071106,0.952274739742279,0.7481499314308167,0.9318130016326904,0.718134880065918,0.9774867296218872,0.693767249584198,1.016904592514038,BREAK
0.7314765453338623,1.1557769775390625,0.6712295413017273,1.0872505903244019,0.6394928693771362,0.988019585609436,0.6413993835449219,0.8932206630706787,0.6609553098678589,0.816183865070343,0.6573382616043091,0.9465070962905884,0.6137205958366394,0.7878850102424622,0.5975512862205505,0.6845427751541138,0.5916332006454468,0.5984674692153931,0.7388703227043152,0.9424426555633545,0.7856683731079102,0.7807866930961609,0.8109064698219299,0.653834879398346,0.8350268602371216,0.561523973941803,0.7942306995391846,0.9724125862121582,0.8187788724899292,0.8796327710151672,0.7850961685180664,0.9454162120819092,0.7607674598693848,0.9963659048080444,0.8384618759155273,1.0078542232513428,0.8463510274887085,0.9516807198524475,0.8200448155403137,0.9940285086631775,0.7949970960617065,1.0345923900604248,BREAK
0.6044732928276062,1.1162766218185425,0.5588151812553406,1.0816584825515747,0.5120236277580261,1.0079880952835083,0.4830660820007324,0.9752650260925293,0.4744580388069153,0.9577005505561829,0.5680666565895081,0.8782263994216919,0.5485824346542358,0.726734459400177,0.5399872064590454,0.6374980807304382,0.5396279096603394,0.5583674907684326,0.6507264971733093,0.8959663510322571,0.6976301670074463,0.7434129118919373,0.7325416207313538,0.65267014503479,0.7672497034072876,0.572951078414917,0.7090101838111877,0.9532301425933838,0.7576166391372681,0.8777160048484802,0.7215496301651001,0.9538977742195129,0.6897212862968445,1.0181427001953125,0.7470107078552246,1.0256427526474,0.765938937664032,0.9895774126052856,0.7354914546012878,1.040808081626892,0.7085638642311096,1.0875202417373657,BREAK
0.6264709830284119,0.988645613193512,0.5806494951248169,0.9274687767028809,0.5515927076339722,0.86024409532547,0.5463414192199707,0.8174039125442505,0.5557752847671509,0.7919550538063049,0.5883148908615112,0.8350570797920227,0.5616521239280701,0.733925998210907,0.5568888187408447,0.6645232439041138,0.5540419816970825,0.6078135371208191,0.6503943800926208,0.8554830551147461,0.6969678401947021,0.7615290880203247,0.7207489609718323,0.6773661971092224,0.736625075340271,0.617674708366394,0.6913644671440125,0.9056276082992554,0.697140634059906,0.8588978052139282,0.6615496873855591,0.8956621289253235,0.6363301277160645,0.9247719049453735,0.7231793403625488,0.962652325630188,0.7162722945213318,0.9370986223220825,0.6841484308242798,0.9554295539855957,0.6563957333564758,0.9705938100814819,BREAK
0.630536675453186,1.0070574283599854,0.588904619216919,0.9424008131027222,0.567254364490509,0.8467551469802856,0.5635628700256348,0.7783466577529907,0.5590366721153259,0.7186341285705566,0.5883157849311829,0.8507934808731079,0.5678241848945618,0.7358247637748718,0.5611677169799805,0.6744739413261414,0.557611346244812,0.620074987411499,0.6438312530517578,0.8962721824645996,0.6852679252624512,0.7976365089416504,0.7101239562034607,0.7290034294128418,0.7254230976104736,0.6751294732093811,0.6838763356208801,0.9641926288604736,0.7017154097557068,0.9339273571968079,0.6893768310546875,0.9516884684562683,0.6770499348640442,0.9703662395477295,0.7145605683326721,1.0305813550949097,0.7215095162391663,1.0173707008361816,0.7044501304626465,1.0312142372131348,0.684444010257721,1.0431960821151733,BREAK
0.5292147397994995,1.1388905048370361,0.47433218359947205,1.0973209142684937,0.44922253489494324,1.0350993871688843,0.45551925897598267,0.9843964576721191,0.4751704931259155,0.9432605504989624,0.4748523235321045,0.9242367148399353,0.44757866859436035,0.7863234281539917,0.4373384714126587,0.697577714920044,0.4362785816192627,0.6270051598548889,0.5373732447624207,0.9308708906173706,0.5737730860710144,0.8030725717544556,0.5969967842102051,0.7123313546180725,0.6175786852836609,0.6408646106719971,0.5783637166023254,0.9690098762512207,0.5711582899093628,0.924764096736908,0.5363825559616089,0.9702534675598145,0.5173327326774597,1.0050044059753418,0.6021521091461182,1.016841173171997,0.5855729579925537,0.994645357131958,0.5586429834365845,1.0206634998321533,0.5432438254356384,1.0474838018417358,BREAK
0.49709460139274597,1.1175402402877808,0.4509909451007843,1.0965276956558228,0.414162814617157,1.0616141557693481,0.40035581588745117,1.0495798587799072,0.4004502296447754,1.030678153038025,0.4383454918861389,0.9125843644142151,0.41303566098213196,0.7895110249519348,0.4040789008140564,0.7060893774032593,0.39975929260253906,0.6357976198196411,0.502326488494873,0.9240688681602478,0.5509985685348511,0.8026820421218872,0.5710084438323975,0.7224483489990234,0.5859671235084534,0.6518769264221191,0.5465579032897949,0.9716061949729919,0.5580839514732361,0.9247830510139465,0.5228513479232788,0.975689172744751,0.5032727122306824,1.0059221982955933,0.5779900550842285,1.0333333015441895,0.5712313055992126,1.007303237915039,0.5372580885887146,1.0381089448928833,0.5149264335632324,1.063954472541809,BREAK
0.555972695350647,1.0903078317642212,0.49868762493133545,1.0666236877441406,0.4546433389186859,1.0267449617385864,0.4298481047153473,0.9988827109336853,0.42639192938804626,0.9568080902099609,0.5002545714378357,0.892400324344635,0.48154526948928833,0.7766056656837463,0.4729456603527069,0.7014018893241882,0.46454519033432007,0.6428894996643066,0.5489769577980042,0.8989193439483643,0.5741177201271057,0.7827897071838379,0.5601727962493896,0.7106296420097351,0.5401044487953186,0.6540638208389282,0.5832095146179199,0.9385423064231873,0.5523626804351807,0.8909817337989807,0.5118780136108398,0.9344716668128967,0.49098822474479675,0.9705155491828918,0.6014228463172913,0.9985809922218323,0.5551912188529968,0.991445004940033,0.5133796334266663,1.0157194137573242,0.4907890558242798,1.038129210472107,BREAK
0.5485894680023193,1.1001243591308594,0.5002396106719971,1.061543583869934,0.4704130291938782,1.0013806819915771,0.4467564821243286,0.9706637859344482,0.44243061542510986,0.9247958660125732,0.5552858710289001,0.8576297163963318,0.5499007105827332,0.7535912990570068,0.5336109399795532,0.6798417568206787,0.5175393223762512,0.6219378709793091,0.5895935297012329,0.8713181614875793,0.5793343782424927,0.7477210760116577,0.5442387461662292,0.6697841882705688,0.5101574659347534,0.6134071350097656,0.6087952256202698,0.9104395508766174,0.526435136795044,0.8451856374740601,0.47431501746177673,0.9052319526672363,0.45265352725982666,0.9597030282020569,0.6084772348403931,0.9690060019493103,0.5265591144561768,0.9488961696624756,0.48685187101364136,0.9843786954879761,0.47321638464927673,1.01904296875,BREAK
0.6541453003883362,1.0999802350997925,0.6871042251586914,0.9928547143936157,0.6743680834770203,0.8805497884750366,0.6375516057014465,0.8047493696212769,0.6018524169921875,0.762669563293457,0.6931901574134827,0.8652705550193787,0.6869149804115295,0.7290684580802917,0.6829168200492859,0.64384925365448,0.6780458092689514,0.5713714957237244,0.648655354976654,0.9054874181747437,0.5982929468154907,0.7494378089904785,0.5590986013412476,0.6561188101768494,0.5245857834815979,0.5860152244567871,0.5936278700828552,0.950716495513916,0.5207408666610718,0.8040108680725098,0.5338340401649475,0.8396091461181641,0.5567236542701721,0.8872179388999939,0.545094907283783,0.9923642873764038,0.49516385793685913,0.8922554850578308,0.5112234354019165,0.9176527261734009,0.5340779423713684,0.9505012631416321,BREAK
0.6159671545028687,1.1230164766311646,0.6688414812088013,1.0260136127471924,0.6632571220397949,0.9096410870552063,0.6251906752586365,0.8371034264564514,0.5767319798469543,0.797636091709137,0.6602241396903992,0.9023183584213257,0.6647144556045532,0.7533281445503235,0.6666117310523987,0.6678017377853394,0.6712328791618347,0.5950459241867065,0.5992394685745239,0.9393490552902222,0.548617422580719,0.7694352865219116,0.5213402509689331,0.6680947542190552,0.49842432141304016,0.5885782837867737,0.5388754606246948,0.9785912036895752,0.49936288595199585,0.8101694583892822,0.526624321937561,0.8286929130554199,0.5472588539123535,0.8728686571121216,0.49573981761932373,1.0138862133026123,0.4858023524284363,0.8985764384269714,0.5092353224754333,0.9184516668319702,0.5247855186462402,0.9565048217773438,BREAK
0.49111369252204895,1.115304708480835,0.5732123851776123,1.0589356422424316,0.5995627641677856,0.958480715751648,0.592626690864563,0.8743793964385986,0.5528684258460999,0.853361189365387,0.49023890495300293,0.8949002623558044,0.4730970561504364,0.7640237212181091,0.4726885259151459,0.6772556304931641,0.47243428230285645,0.6031795144081116,0.445909708738327,0.9005126357078552,0.4387049376964569,0.7564562559127808,0.4549722671508789,0.6667845249176025,0.467353880405426,0.598359227180481,0.4188198447227478,0.9115422964096069,0.46642783284187317,0.8149471879005432,0.5082128047943115,0.8370141983032227,0.5323277115821838,0.865909993648529,0.4098442792892456,0.9232116341590881,0.4541254937648773,0.8536035418510437,0.4864776134490967,0.8633515238761902,0.5045453310012817,0.8896934986114502,BREAK
0.4307112991809845,1.032270908355713,0.3883659839630127,0.9901854991912842,0.3777676820755005,0.9035831689834595,0.4389593303203583,0.8465787768363953,0.5012767314910889,0.8167369365692139,0.40001145005226135,0.7609292268753052,0.3732447326183319,0.6291192173957825,0.3649692237377167,0.5440793037414551,0.35946229100227356,0.4705567955970764,0.45625919103622437,0.7758552432060242,0.4900261461734772,0.6420681476593018,0.5158303380012512,0.5551632642745972,0.5366507768630981,0.4834434390068054,0.4967538118362427,0.8241546154022217,0.5198647379875183,0.8058056831359863,0.4891585409641266,0.8784048557281494,0.4669662415981293,0.930036723613739,0.5243878364562988,0.8874261379241943,0.5320467352867126,0.8715613484382629,0.5032761096954346,0.9226623773574829,0.479449063539505,0.9663205146789551,BREAK
0.4200524687767029,1.0666096210479736,0.3668256103992462,1.0232102870941162,0.34722068905830383,0.9426717758178711,0.4102998375892639,0.8848193287849426,0.47506004571914673,0.8426579236984253,0.3518080711364746,0.759904682636261,0.31518688797950745,0.6232202053070068,0.2979758679866791,0.5371377468109131,0.28581124544143677,0.4607422947883606,0.41526517271995544,0.7609876990318298,0.44595348834991455,0.6190293431282043,0.469171404838562,0.5268938541412354,0.48837488889694214,0.44946616888046265,0.4622251093387604,0.8049351572990417,0.47586339712142944,0.8003181219100952,0.45297273993492126,0.8860604166984558,0.44056248664855957,0.936825156211853,0.49779337644577026,0.8676576614379883,0.5081679821014404,0.8604530692100525,0.4833035171031952,0.9151254296302795,0.46684759855270386,0.9527488946914673,BREAK
0.3956563174724579,1.0552589893341064,0.34863078594207764,1.0226233005523682,0.33048170804977417,0.9547730088233948,0.3907836973667145,0.9021610617637634,0.4480915069580078,0.858229398727417,0.33134233951568604,0.7865274548530579,0.2974207401275635,0.6549844145774841,0.2798228859901428,0.5705472230911255,0.26648131012916565,0.4939347505569458,0.39076685905456543,0.7839661836624146,0.4198307394981384,0.6445193886756897,0.444974422454834,0.5563879013061523,0.46547946333885193,0.4781205356121063,0.43468478322029114,0.824139416217804,0.4498275816440582,0.8037362098693848,0.42888396978378296,0.8846662640571594,0.4170747995376587,0.930615246295929,0.4683133363723755,0.8835586905479431,0.48011136054992676,0.8612828850746155,0.45917394757270813,0.9137911200523376,0.4463684856891632,0.9500836730003357,BREAK
0.37338048219680786,1.0334680080413818,0.32668188214302063,0.9900012016296387,0.30535733699798584,0.9078984260559082,0.3547379970550537,0.8412465453147888,0.40927982330322266,0.8013604283332825,0.3015582859516144,0.7519227266311646,0.26424461603164673,0.6278867721557617,0.2462606579065323,0.5493797659873962,0.23021860420703888,0.4806644320487976,0.3557787239551544,0.7514669299125671,0.3757633864879608,0.6140960454940796,0.39440691471099854,0.5241866111755371,0.4096693992614746,0.44838419556617737,0.3997560143470764,0.7878615856170654,0.41657111048698425,0.7698384523391724,0.4000189006328583,0.8459631204605103,0.3897601068019867,0.8953168988227844,0.43462681770324707,0.8414661288261414,0.4428062438964844,0.8218755125999451,0.42348289489746094,0.8777942657470703,0.4091549515724182,0.92146235704422,BREAK
0.3088444769382477,0.9822317361831665,0.27969032526016235,0.8873421549797058,0.261743426322937,0.8153272271156311,0.23481640219688416,0.778526782989502,0.21550244092941284,0.7641249895095825,0.33052632212638855,0.7190732955932617,0.31918057799339294,0.5976662635803223,0.31007787585258484,0.513481855392456,0.3071593642234802,0.44733068346977234,0.3532335162162781,0.7501721382141113,0.3215622305870056,0.6278674006462097,0.31318601965904236,0.5370292663574219,0.3116626441478729,0.45420777797698975,0.36038780212402344,0.8029806613922119,0.24749988317489624,0.7868117094039917,0.24013420939445496,0.8244011998176575,0.261085569858551,0.8463910818099976,0.3487633168697357,0.8654281497001648,0.2507854104042053,0.8575868010520935,0.2503260374069214,0.8812972903251648,0.27690431475639343,0.895165205001831,BREAK
0.3739120066165924,1.0840249061584473,0.38184863328933716,0.9868455529212952,0.34022876620292664,0.9025548696517944,0.2673351466655731,0.8760355114936829,0.20720688998699188,0.8722953200340271,0.3698556423187256,0.8447566628456116,0.3840857446193695,0.7046446800231934,0.3952190577983856,0.6233940720558167,0.4071177840232849,0.558227002620697,0.3363945186138153,0.8818184733390808,0.26003968715667725,0.7414747476577759,0.21469689905643463,0.6573129892349243,0.17906035482883453,0.5885429382324219,0.3031364679336548,0.9351797699928284,0.222293421626091,0.8785548806190491,0.2341172695159912,0.9054561257362366,0.2536504864692688,0.9299964904785156,0.27480608224868774,0.9880682826042175,0.2247193306684494,0.9492010474205017,0.2396988868713379,0.9708049893379211,0.26112911105155945,0.9893208146095276,BREAK
0.3627314269542694,1.0890357494354248,0.37041205167770386,0.9922714233398438,0.32460466027259827,0.9091312289237976,0.24798241257667542,0.8844559788703918,0.18715593218803406,0.8777778744697571,0.3592662215232849,0.85838782787323,0.3754329979419708,0.7128863334655762,0.3874267041683197,0.629431962966919,0.3994271457195282,0.5635536313056946,0.3215218782424927,0.8933397531509399,0.25025150179862976,0.745995044708252,0.20770633220672607,0.655845046043396,0.17460377514362335,0.5812562108039856,0.2844984233379364,0.9440028667449951,0.21223710477352142,0.8853783011436462,0.224310040473938,0.9143174290657043,0.2418767511844635,0.9402964115142822,0.25263145565986633,0.9922196865081787,0.20667317509651184,0.9411713480949402,0.22159099578857422,0.9625133275985718,0.24095983803272247,0.9833011627197266,BREAK
0.36588263511657715,1.0970944166183472,0.3711174726486206,0.9992220997810364,0.3221714198589325,0.9135441184043884,0.24530421197414398,0.891369104385376,0.18593955039978027,0.8856332302093506,0.3562985956668854,0.8605173826217651,0.3670172095298767,0.7139646410942078,0.3735176622867584,0.6284033060073853,0.3822683095932007,0.5614554286003113,0.3187965452671051,0.8987619876861572,0.24469496309757233,0.7537273168563843,0.19813668727874756,0.6645153760910034,0.16257096827030182,0.5909364223480225,0.28236082196235657,0.9528506398200989,0.20551466941833496,0.8980715274810791,0.22012317180633545,0.9289617538452148,0.24135293066501617,0.9538369178771973,0.25139933824539185,1.0053389072418213,0.2011559009552002,0.9599876403808594,0.21784764528274536,0.9842418432235718,0.23956158757209778,1.0036922693252563,BREAK
0.2810787260532379,1.0624696016311646,0.2784397304058075,0.9729467630386353,0.2566986083984375,0.8798756003379822,0.21209314465522766,0.8226681351661682,0.1746821403503418,0.7950373888015747,0.32311514019966125,0.796177864074707,0.3000178337097168,0.6651122570037842,0.28911542892456055,0.5825275778770447,0.28435230255126953,0.5132927298545837,0.32464858889579773,0.829059362411499,0.21076209843158722,0.8013396263122559,0.19885395467281342,0.8548908829689026,0.2225067913532257,0.8774953484535217,0.3023522198200226,0.8763048052787781,0.19396652281284332,0.8479939699172974,0.1888653039932251,0.8913363814353943,0.21289736032485962,0.9101942181587219,0.27051109075546265,0.9221143126487732,0.18251767754554749,0.8894744515419006,0.173850417137146,0.9250117540359497,0.18969202041625977,0.9441730976104736,BREAK
0.24061590433120728,1.1202898025512695,0.21535877883434296,1.0186563730239868,0.19495415687561035,0.9335564970970154,0.1625734567642212,0.8957199454307556,0.13946200907230377,0.8905907273292542,0.29357388615608215,0.8472554683685303,0.269162118434906,0.6975909471511841,0.25140658020973206,0.60421222448349,0.24253211915493011,0.5296943187713623,0.31473350524902344,0.8770332336425781,0.2689101994037628,0.7152615189552307,0.24499109387397766,0.6161726713180542,0.23143023252487183,0.5348660349845886,0.31297171115875244,0.9293900728225708,0.18205462396144867,0.8772314786911011,0.15466246008872986,0.9239811301231384,0.16265860199928284,0.9634073376655579,0.28861045837402344,0.9849467277526855,0.17824777960777283,0.9447986483573914,0.15865060687065125,0.9744622707366943,0.16983181238174438,1.004020094871521,BREAK
0.2436540275812149,1.1211482286453247,0.21973884105682373,1.0206815004348755,0.20242975652217865,0.9330881237983704,0.1669912040233612,0.8918089866638184,0.13992109894752502,0.8793194890022278,0.3008911907672882,0.843700110912323,0.284757137298584,0.6898907423019409,0.2710868716239929,0.5952625274658203,0.264600932598114,0.5205574631690979,0.32189834117889404,0.8722151517868042,0.2728322446346283,0.712431013584137,0.24702785909175873,0.6168304085731506,0.2306651771068573,0.538049578666687,0.3210516571998596,0.924588680267334,0.1850842833518982,0.8818961977958679,0.1615746021270752,0.9307582378387451,0.17211227118968964,0.9665803909301758,0.2976778447628021,0.9817070960998535,0.182267963886261,0.952553927898407,0.16667327284812927,0.9869071245193481,0.18091154098510742,1.016076922416687,BREAK
0.23242132365703583,1.0619009733200073,0.1809064745903015,1.0072041749954224,0.15874171257019043,0.9150727391242981,0.193080335855484,0.8351733684539795,0.23729510605335236,0.7863472104072571,0.17972983419895172,0.7838457226753235,0.1545695662498474,0.6511806845664978,0.14092770218849182,0.577994704246521,0.13133504986763,0.5176369547843933,0.23292624950408936,0.7913510203361511,0.2423342913389206,0.6404686570167542,0.24886539578437805,0.5534617900848389,0.25594547390937805,0.4869358539581299,0.27768272161483765,0.831017792224884,0.2718055546283722,0.7937245965003967,0.24664665758609772,0.8482999205589294,0.2317562848329544,0.890453040599823,0.3137308955192566,0.8879250884056091,0.2995522618293762,0.8692693114280701,0.26975712180137634,0.9128725528717041,0.2501097619533539,0.9511243104934692,BREAK
0.2522013187408447,1.1338386535644531,0.19830915331840515,1.0843273401260376,0.1818634420633316,0.9971291422843933,0.23642097413539886,0.9197967052459717,0.2862668037414551,0.8640734553337097,0.15476299822330475,0.856976330280304,0.10526330769062042,0.7332485318183899,0.076210618019104,0.653346061706543,0.050535425543785095,0.5833920836448669,0.21528825163841248,0.8467572331428528,0.21613755822181702,0.6979790329933167,0.22273260354995728,0.6033083200454712,0.22978264093399048,0.5217294692993164,0.26804468035697937,0.8799030780792236,0.28928807377815247,0.8553037643432617,0.2745140492916107,0.9232771396636963,0.2637636065483093,0.9648642539978027,0.30922210216522217,0.9350380897521973,0.32138726115226746,0.9248395562171936,0.3008623719215393,0.972448468208313,0.2855187952518463,1.0055840015411377,BREAK
0.2405250370502472,1.1189239025115967,0.20119720697402954,1.0620355606079102,0.19697386026382446,0.9709336757659912,0.2595564126968384,0.8915000557899475,0.31134849786758423,0.8354876637458801,0.16643062233924866,0.8309373259544373,0.1284765899181366,0.702123761177063,0.10782173275947571,0.6200771331787109,0.08974681794643402,0.5502122640609741,0.22093184292316437,0.8240737915039062,0.2316669523715973,0.6766250729560852,0.24579928815364838,0.5852279663085938,0.2595353126525879,0.5065059661865234,0.26867789030075073,0.8603318929672241,0.30821892619132996,0.8338333368301392,0.2902647852897644,0.9100572466850281,0.27449384331703186,0.9544724225997925,0.3044831454753876,0.919655978679657,0.33224669098854065,0.9086109399795532,0.3102252185344696,0.9617101550102234,0.2895840108394623,0.9960907697677612,BREAK
0.47917354106903076,0.8714295029640198,0.5088595747947693,0.8240216374397278,0.523122251033783,0.756455659866333,0.5283957123756409,0.7014358639717102,0.5283705592155457,0.654338538646698,0.5263421535491943,0.6963205337524414,0.5455825924873352,0.6069892644882202,0.555229127407074,0.5462285876274109,0.5616645216941833,0.49795520305633545,0.5118823051452637,0.6861582398414612,0.5235192179679871,0.5909568667411804,0.5256320834159851,0.5283417105674744,0.5250455737113953,0.48181188106536865,0.49341678619384766,0.6863412261009216,0.49311521649360657,0.5969547629356384,0.48951834440231323,0.5371137857437134,0.48530733585357666,0.49262022972106934,0.472258985042572,0.6960271000862122,0.4663063883781433,0.6271988749504089,0.4610740840435028,0.5794321894645691,0.4569750726222992,0.5432543754577637,BREAK
0.4585331678390503,0.879619300365448,0.4934641420841217,0.8344394564628601,0.5107168555259705,0.7764960527420044,0.5211589932441711,0.7252427935600281,0.5287007093429565,0.6727393865585327,0.5054928660392761,0.7177137136459351,0.5333164930343628,0.6321240067481995,0.5480155348777771,0.56809401512146,0.5597003698348999,0.5158233642578125,0.4932304620742798,0.7148240208625793,0.5142127275466919,0.6264894604682922,0.5241138935089111,0.5566893815994263,0.5310502052307129,0.5003858208656311,0.47670120000839233,0.7243033647537231,0.4861498475074768,0.6423181295394897,0.49097108840942383,0.5828210115432739,0.4942324459552765,0.5361016988754272,0.45756134390830994,0.7439554929733276,0.4597274363040924,0.6890755891799927,0.46472129225730896,0.649786114692688,0.4692384600639343,0.6203402876853943,BREAK
0.44311457872390747,0.8586190938949585,0.4730467200279236,0.8291964530944824,0.4959076941013336,0.7896058559417725,0.5161623954772949,0.7661192417144775,0.5331209897994995,0.740243673324585,0.4868026375770569,0.6947439312934875,0.517244279384613,0.61068195104599,0.5350829362869263,0.5514397621154785,0.5496987104415894,0.5024857521057129,0.4748010039329529,0.6904431581497192,0.4923925995826721,0.6003180742263794,0.5030539035797119,0.5330349206924438,0.5104082226753235,0.47833096981048584,0.45913344621658325,0.7012991905212402,0.4642307162284851,0.6155586838722229,0.469547837972641,0.5570643544197083,0.47400155663490295,0.509691596031189,0.4412437677383423,0.7243837714195251,0.4402477443218231,0.6700079441070557,0.44417431950569153,0.6343487501144409,0.4477812349796295,0.6075450778007507,BREAK
0.29489219188690186,0.9817105531692505,0.25553199648857117,0.8864212036132812,0.24637538194656372,0.7972363829612732,0.2623140513896942,0.7360492944717407,0.30458658933639526,0.7273632884025574,0.32405054569244385,0.6892514228820801,0.3231152892112732,0.5583470463752747,0.3196808397769928,0.474264532327652,0.32572823762893677,0.4102883040904999,0.3740129768848419,0.7106153964996338,0.37757495045661926,0.5708338618278503,0.3862326443195343,0.47931548953056335,0.4048878252506256,0.3991817235946655,0.4066178798675537,0.7581843733787537,0.3191772699356079,0.7410915493965149,0.28510430455207825,0.7873818278312683,0.2858385145664215,0.8139058947563171,0.4120001196861267,0.8151252865791321,0.31661221385002136,0.8173890113830566,0.29329705238342285,0.8518456220626831,0.3016212582588196,0.8736684322357178,BREAK
0.3514714241027832,1.1487512588500977,0.3246585428714752,1.050745964050293,0.30793631076812744,0.9636666774749756,0.2760195732116699,0.9197477102279663,0.24871686100959778,0.9163821339607239,0.39862170815467834,0.8886871933937073,0.40439051389694214,0.7460916042327881,0.40960705280303955,0.655560314655304,0.41750839352607727,0.5874460935592651,0.4143410623073578,0.9007783532142639,0.41546469926834106,0.7405074834823608,0.41882866621017456,0.6502370834350586,0.4265974462032318,0.5842083096504211,0.4109354615211487,0.9297099709510803,0.37094026803970337,0.8048280477523804,0.36750391125679016,0.7408654689788818,0.38054510951042175,0.6958518028259277,0.3920011818408966,0.967748761177063,0.32529890537261963,0.9109541773796082,0.2947402000427246,0.903770387172699,0.28530973196029663,0.9137710928916931,BREAK
0.39938363432884216,0.934525191783905,0.36722829937934875,0.9400286674499512,0.31850069761276245,0.9131295680999756,0.2635533809661865,0.8946755528450012,0.22522136569023132,0.8914940357208252,0.3630208969116211,0.7927623987197876,0.3531838059425354,0.6979185342788696,0.34701332449913025,0.6236497163772583,0.34405845403671265,0.5641950368881226,0.3826819360256195,0.7688114047050476,0.37058308720588684,0.6675719022750854,0.362179696559906,0.5880911350250244,0.3568178713321686,0.5214371681213379,0.3934570550918579,0.7567303776741028,0.3806437849998474,0.6653404235839844,0.3750830590724945,0.5946887135505676,0.37374287843704224,0.5356265902519226,0.3935105800628662,0.7503735423088074,0.38635939359664917,0.6794491410255432,0.38374534249305725,0.6250653266906738,0.3851480782032013,0.5783320665359497,BREAK
0.3880627155303955,0.9414833784103394,0.34829968214035034,0.947734534740448,0.29708898067474365,0.9279191493988037,0.2448287159204483,0.9103748798370361,0.21431170403957367,0.894822895526886,0.35170778632164,0.809025764465332,0.342292845249176,0.7000449299812317,0.3341057002544403,0.6228068470954895,0.3302426338195801,0.5596010684967041,0.3741894066333771,0.7838512659072876,0.3663526773452759,0.6699314117431641,0.36125606298446655,0.5903679132461548,0.3580285310745239,0.5206252336502075,0.38390907645225525,0.769425094127655,0.36564764380455017,0.6679608225822449,0.3569665253162384,0.5964311361312866,0.3524963855743408,0.5374305844306946,0.37896132469177246,0.7604154348373413,0.363787978887558,0.6819211840629578,0.35771510004997253,0.624539315700531,0.3561853766441345,0.5743682384490967,BREAK
0.3772502839565277,0.9100453853607178,0.325901597738266,0.9190214276313782,0.2757032513618469,0.8997646570205688,0.23179087042808533,0.8761419057846069,0.20243272185325623,0.864719569683075,0.3411477208137512,0.781758725643158,0.33424943685531616,0.6724054217338562,0.3263566493988037,0.5968514680862427,0.3231058120727539,0.5359725952148438,0.3697201609611511,0.7537737488746643,0.363569438457489,0.6410804390907288,0.3590318560600281,0.5651420950889587,0.3572959303855896,0.5027992725372314,0.3827543258666992,0.7384315133094788,0.36669617891311646,0.6372153759002686,0.35838472843170166,0.569403886795044,0.3551013469696045,0.5162221789360046,0.3801928162574768,0.7278866767883301,0.3674720823764801,0.6540237069129944,0.3609286844730377,0.6002845168113708,0.3593100905418396,0.5546020865440369,BREAK
0.2857767343521118,1.0909613370895386,0.25028809905052185,1.0328648090362549,0.24147365987300873,0.9524210691452026,0.2670145630836487,0.8987979292869568,0.30664193630218506,0.8607237339019775,0.29892581701278687,0.8086398243904114,0.3052062392234802,0.6658718585968018,0.3089756667613983,0.5843163132667542,0.30858999490737915,0.5144209265708923,0.3420884311199188,0.8416765332221985,0.3795064389705658,0.6892491579055786,0.39809054136276245,0.5994835495948792,0.4131438732147217,0.5269442796707153,0.37258774042129517,0.9030537605285645,0.37688836455345154,0.8736156225204468,0.3374885022640228,0.9203016757965088,0.31115442514419556,0.95253586769104,0.39313656091690063,0.980298638343811,0.40327945351600647,0.9608957171440125,0.36934393644332886,0.9853045344352722,0.3409288227558136,1.0061720609664917,BREAK
0.3018452823162079,1.1510149240493774,0.2784326672554016,1.10756254196167,0.276780903339386,1.0486217737197876,0.3196682333946228,1.0039005279541016,0.3583802580833435,0.9680954813957214,0.22700919210910797,0.9408903121948242,0.1692110002040863,0.8099297881126404,0.1413268744945526,0.7255590558052063,0.11521182954311371,0.6506468653678894,0.25958549976348877,0.9369967579841614,0.2822994291782379,0.7803061604499817,0.30888035893440247,0.6764345765113831,0.32579055428504944,0.5925813913345337,0.2906284034252167,0.9708603620529175,0.3438393771648407,0.9420951008796692,0.3624248504638672,0.9951119422912598,0.36646103858947754,1.034977674484253,0.3264394700527191,1.021120309829712,0.3773370385169983,0.9918402433395386,0.3919323682785034,1.020736813545227,0.3897165358066559,1.0470842123031616,BREAK
0.29277464747428894,1.1248575448989868,0.24730472266674042,1.0960971117019653,0.2144526094198227,1.0516042709350586,0.2020675390958786,1.016040563583374,0.19058957695960999,0.9987369775772095,0.21798305213451385,0.9378622770309448,0.169520765542984,0.8152403831481934,0.14278653264045715,0.7365159392356873,0.12128594517707825,0.6647926568984985,0.27684035897254944,0.9330956339836121,0.2985559105873108,0.7865590453147888,0.319865345954895,0.6813017725944519,0.33875197172164917,0.5933228731155396,0.3279741108417511,0.9676771759986877,0.36180001497268677,0.9492712616920471,0.3553659915924072,1.009582281112671,0.348024845123291,1.0567842721939087,0.3725651800632477,1.016170620918274,0.40449583530426025,0.9935694932937622,0.39783966541290283,1.0307986736297607,0.3866579234600067,1.06846284866333,BREAK
0.31528931856155396,0.9374343752861023,0.2780552804470062,0.9678919315338135,0.22392264008522034,0.9610588550567627,0.16706210374832153,0.9414779543876648,0.11775735020637512,0.934259295463562,0.2739422917366028,0.8409345746040344,0.2623665928840637,0.78954017162323,0.2476382702589035,0.7541598677635193,0.23414142429828644,0.7176125049591064,0.28969261050224304,0.7935712337493896,0.2826278805732727,0.6904618144035339,0.27444490790367126,0.6133030652999878,0.2707161605358124,0.5444654226303101,0.2933324873447418,0.7652373313903809,0.2792809307575226,0.6685281991958618,0.27072370052337646,0.6007606387138367,0.2659529745578766,0.5438262820243835,0.28818991780281067,0.750537633895874,0.27342551946640015,0.6761261224746704,0.26422297954559326,0.6202608346939087,0.2602190673351288,0.5724397301673889,BREAK
0.24765761196613312,1.0717822313308716,0.3037567138671875,1.0017049312591553,0.3050138056278229,0.9100257754325867,0.2524976134300232,0.8447421789169312,0.1981852650642395,0.8144257068634033,0.31173405051231384,0.8812764286994934,0.35177525877952576,0.7253422737121582,0.36180973052978516,0.6279388666152954,0.3664357364177704,0.5502090454101562,0.24628929793834686,0.9016345143318176,0.22117912769317627,0.7234780192375183,0.19561494886875153,0.6163451075553894,0.1717604398727417,0.5336904525756836,0.18645644187927246,0.9363552331924438,0.15073388814926147,0.8411810994148254,0.1666172742843628,0.8648145794868469,0.18190012872219086,0.8963072896003723,0.14260661602020264,0.9761347770690918,0.12967437505722046,0.9124712944030762,0.14885485172271729,0.9372591376304626,0.16246375441551208,0.9645081758499146,BREAK
0.26464158296585083,1.126906394958496,0.3165270686149597,1.0396474599838257,0.31018924713134766,0.9351001381874084,0.25446584820747375,0.8735808730125427,0.19345413148403168,0.8442508578300476,0.3340968191623688,0.8909933567047119,0.3761988580226898,0.7263242602348328,0.3881021738052368,0.6263516545295715,0.3930034637451172,0.5474007725715637,0.27533310651779175,0.9086374044418335,0.24158960580825806,0.7086631059646606,0.21656905114650726,0.5905196070671082,0.19278497993946075,0.5002816915512085,0.21549230813980103,0.9393686056137085,0.1613847017288208,0.8295981287956238,0.17686817049980164,0.8671715259552002,0.1936602145433426,0.9083933234214783,0.1661926805973053,0.9723095297813416,0.14087094366550446,0.8929134011268616,0.15848636627197266,0.9249059557914734,0.17674440145492554,0.9606165289878845,BREAK
0.2977777123451233,1.1469324827194214,0.3435041904449463,1.0677945613861084,0.33326053619384766,0.9608892202377319,0.27072805166244507,0.8884384632110596,0.21120613813400269,0.8472517728805542,0.3744139075279236,0.9093443155288696,0.4155234694480896,0.7431016564369202,0.4254661202430725,0.6446343064308167,0.4282445013523102,0.5658918619155884,0.31829747557640076,0.9213341474533081,0.28270068764686584,0.719820499420166,0.2555265426635742,0.6066051125526428,0.23175126314163208,0.5166501402854919,0.26104238629341125,0.9447081089019775,0.20309118926525116,0.8427904844284058,0.21364301443099976,0.8814584016799927,0.2280063033103943,0.9184620380401611,0.21250206232070923,0.9696909785270691,0.18735834956169128,0.8883673548698425,0.20167188346385956,0.9220016002655029,0.21884089708328247,0.9566829800605774,BREAK
0.3193444609642029,1.149893879890442,0.3619399964809418,1.0696583986282349,0.3556322753429413,0.9777395725250244,0.3029506206512451,0.9005079865455627,0.2499086558818817,0.8498439788818359,0.3854048252105713,0.9260884523391724,0.4233795702457428,0.7699030041694641,0.4357764720916748,0.6743444204330444,0.4422513246536255,0.5979549884796143,0.34439969062805176,0.9396894574165344,0.29751643538475037,0.7449406385421753,0.26200684905052185,0.6417399644851685,0.2351139783859253,0.5623816251754761,0.29651784896850586,0.9647858142852783,0.2420375645160675,0.8381391763687134,0.24016687273979187,0.8670647144317627,0.25014206767082214,0.9037411212921143,0.248073548078537,0.9865762591362,0.19768014550209045,0.900833010673523,0.19303607940673828,0.9151543974876404,0.2029765546321869,0.9353123903274536,BREAK
0.39977484941482544,1.1348094940185547,0.41340622305870056,1.0574485063552856,0.3918883800506592,0.9872446656227112,0.34213685989379883,0.9309952855110168,0.30444198846817017,0.879696249961853,0.47440558671951294,0.9193986058235168,0.5097501277923584,0.7827457189559937,0.5186482667922974,0.689228892326355,0.5234408378601074,0.6188899278640747,0.461529940366745,0.9203112125396729,0.4989219307899475,0.7748607993125916,0.4976774752140045,0.6753922700881958,0.4930514693260193,0.5958421230316162,0.42793840169906616,0.9472418427467346,0.4185335636138916,0.7963717579841614,0.39511337876319885,0.7053344249725342,0.37909290194511414,0.6366751790046692,0.37956011295318604,0.9883960485458374,0.3240765631198883,0.9170495867729187,0.291745662689209,0.8838568925857544,0.2702210247516632,0.8618987798690796,BREAK
0.5442150831222534,1.1405160427093506,0.5584360957145691,1.0482628345489502,0.5347480773925781,0.9566126465797424,0.4781172573566437,0.8978800177574158,0.44101613759994507,0.8552942276000977,0.6102242469787598,0.9176966547966003,0.6461004614830017,0.7840430736541748,0.6591664552688599,0.7033988237380981,0.6676356792449951,0.6372170448303223,0.5929704308509827,0.9430336952209473,0.5648050308227539,0.7786941528320312,0.5336759090423584,0.6865683794021606,0.5062494277954102,0.619524359703064,0.5599840879440308,0.9762603044509888,0.5107936859130859,0.8883128762245178,0.4848984479904175,0.8686208724975586,0.4677169919013977,0.8559540510177612,0.5178308486938477,1.0058406591415405,0.4636158049106598,0.9393784999847412,0.4409586191177368,0.9222275018692017,0.4263152778148651,0.9114322066307068,BREAK
0.5262339115142822,1.2102850675582886,0.5413579344749451,1.1200977563858032,0.5185977220535278,1.0360738039016724,0.4603479504585266,0.9716519117355347,0.4235098361968994,0.9194835424423218,0.600152850151062,0.9736629128456116,0.6379175186157227,0.8377339839935303,0.6531455516815186,0.757732093334198,0.661143958568573,0.6923668384552002,0.5741571187973022,0.9779517650604248,0.5511530041694641,0.8156659603118896,0.5221752524375916,0.7238820195198059,0.4977407455444336,0.6540728807449341,0.5346160531044006,1.005911946296692,0.5223398804664612,0.8688840866088867,0.5135443806648254,0.8093963861465454,0.505936861038208,0.765629231929779,0.4914737939834595,1.0419156551361084,0.43938249349594116,0.9865249991416931,0.41565874218940735,0.9726009368896484,0.4027028977870941,0.9628991484642029,BREAK
0.5073010325431824,1.1853318214416504,0.49772900342941284,1.1016476154327393,0.46937084197998047,1.0214649438858032,0.41227447986602783,0.964641273021698,0.3693505525588989,0.910050630569458,0.563955545425415,0.9404138922691345,0.5342931151390076,0.8087172508239746,0.5067436099052429,0.7253236770629883,0.4809156656265259,0.6576535701751709,0.5577608942985535,0.9466138482093811,0.594681978225708,0.8161711692810059,0.6058769226074219,0.7340797781944275,0.6113442182540894,0.6654775142669678,0.5264460444450378,0.9782269597053528,0.5231761932373047,0.8447358012199402,0.515636146068573,0.7521258592605591,0.5086066722869873,0.6819025278091431,0.4753594696521759,1.0172343254089355,0.41534891724586487,0.9596487283706665,0.38056135177612305,0.9217822551727295,0.3520697355270386,0.8970133066177368,BREAK
0.39868512749671936,1.1249401569366455,0.4229584336280823,1.0470303297042847,0.40517565608024597,0.9609630703926086,0.34777459502220154,0.9020878672599792,0.29839402437210083,0.8728190660476685,0.43546614050865173,0.8944283723831177,0.4553998112678528,0.766886293888092,0.4633711874485016,0.6918177604675293,0.46706828474998474,0.6324219703674316,0.4029960334300995,0.9105862379074097,0.35772907733917236,0.7533403038978577,0.3269370198249817,0.6680251359939575,0.3004899024963379,0.6026097536087036,0.36600035429000854,0.9429366588592529,0.3025437593460083,0.8742122650146484,0.2976529002189636,0.8973502516746521,0.3006735146045685,0.9182174801826477,0.33166229724884033,0.9803070425987244,0.29542338848114014,0.938895583152771,0.2977644205093384,0.9613419771194458,0.3039554953575134,0.9828802943229675,BREAK
0.4017372727394104,1.1152515411376953,0.43022778630256653,1.03965163230896,0.41220635175704956,0.9576756358146667,0.35106605291366577,0.9007794260978699,0.2995695471763611,0.8725447654724121,0.4475303292274475,0.897651731967926,0.46558505296707153,0.7715485095977783,0.4736323952674866,0.6923511028289795,0.47700995206832886,0.6316527128219604,0.4112260639667511,0.9122279286384583,0.3703547418117523,0.7588183283805847,0.34313294291496277,0.6681143641471863,0.3192282021045685,0.5967782735824585,0.37023112177848816,0.9432620406150818,0.3079666793346405,0.8813254833221436,0.2981247901916504,0.8981846570968628,0.2960609197616577,0.9122302532196045,0.33154356479644775,0.9807228446006775,0.2955296039581299,0.9518105983734131,0.29810214042663574,0.9749601483345032,0.3047507405281067,0.9945840239524841,BREAK
0.3938550651073456,1.1239783763885498,0.42703020572662354,1.0450650453567505,0.41343697905540466,0.9526137113571167,0.3577152192592621,0.9017908573150635,0.30690208077430725,0.8754967451095581,0.4502781331539154,0.910624086856842,0.4765920341014862,0.7755622267723083,0.4806137681007385,0.6932487487792969,0.4828849136829376,0.6295212507247925,0.4092835783958435,0.9306650757789612,0.37356963753700256,0.7670940160751343,0.3453160226345062,0.6676973104476929,0.32362985610961914,0.5890778303146362,0.36114585399627686,0.9681217670440674,0.29664453864097595,0.8886169791221619,0.295559287071228,0.9123698472976685,0.30598291754722595,0.9329319000244141,0.3141323924064636,1.009812593460083,0.27456745505332947,0.9683252573013306,0.28431516885757446,0.9902209639549255,0.30163028836250305,1.0098142623901367,BREAK
0.27744343876838684,1.1098741292953491,0.2552971839904785,1.0317223072052002,0.26022547483444214,0.9419122338294983,0.2808431386947632,0.8780996799468994,0.3204740881919861,0.8466448783874512,0.35700634121894836,0.8808311223983765,0.40327689051628113,0.7828459739685059,0.430332213640213,0.7114888429641724,0.4507066011428833,0.6573043465614319,0.37649136781692505,0.9128921627998352,0.4101373851299286,0.8325482606887817,0.4080456495285034,0.7926400303840637,0.4095604121685028,0.7626421451568604,0.38748234510421753,0.958200216293335,0.3641907572746277,0.9045330286026001,0.32185670733451843,0.935879647731781,0.30347180366516113,0.96964430809021,0.3915247619152069,1.0106334686279297,0.3660491108894348,0.959747314453125,0.33231809735298157,0.9726689457893372,0.31763574481010437,0.9968408942222595,BREAK
0.26362061500549316,1.1262712478637695,0.22776679694652557,1.0825414657592773,0.22782088816165924,0.9929481148719788,0.29081082344055176,0.9097784757614136,0.3460788428783417,0.8397220969200134,0.20274674892425537,0.856086015701294,0.16650795936584473,0.7208670377731323,0.15068267285823822,0.6348782181739807,0.13965003192424774,0.5579403638839722,0.2645096182823181,0.8471738696098328,0.279806524515152,0.6960688233375549,0.29863107204437256,0.6068049669265747,0.3176279067993164,0.5234280228614807,0.3150867223739624,0.882011353969574,0.34616804122924805,0.8644063472747803,0.32014188170433044,0.9406156539916992,0.3014335334300995,0.9786691069602966,0.3543810248374939,0.9381925463676453,0.3736051917076111,0.9386036992073059,0.34563905000686646,0.988800585269928,0.32350578904151917,1.014382004737854,BREAK
0.2936652898788452,1.1490888595581055,0.25668150186538696,1.1050825119018555,0.25514891743659973,1.0201120376586914,0.318817675113678,0.9477348923683167,0.3815303146839142,0.8948376774787903,0.22893792390823364,0.8731607794761658,0.20193834602832794,0.7371749877929688,0.1906401515007019,0.6512097716331482,0.183167964220047,0.5768272876739502,0.28926366567611694,0.8698378801345825,0.316180944442749,0.725459098815918,0.34034454822540283,0.6338925361633301,0.3613653779029846,0.5518703460693359,0.3364051878452301,0.9095537662506104,0.37300562858581543,0.8764685988426208,0.35163742303848267,0.9456031918525696,0.3336162865161896,0.9892692565917969,0.36794063448905945,0.9700887203216553,0.3869064748287201,0.9583303332328796,0.36404430866241455,1.005554437637329,0.34494835138320923,1.0393346548080444,BREAK
0.3565225601196289,1.1006858348846436,0.3632178008556366,1.0442744493484497,0.38881030678749084,0.9824985265731812,0.4454456567764282,0.9598711133003235,0.5049809217453003,0.9568831324577332,0.341338187456131,0.8661907315254211,0.36535176634788513,0.7077165842056274,0.40084853768348694,0.6040555834770203,0.43210434913635254,0.5159964561462402,0.36235591769218445,0.8974228501319885,0.4269472360610962,0.7449373006820679,0.4792652428150177,0.6334553956985474,0.5151637196540833,0.5460195541381836,0.3842432200908661,0.9681801795959473,0.43467894196510315,0.9335484504699707,0.4308567941188812,0.9597107768058777,0.41908037662506104,0.9860859513282776,0.4071178138256073,1.0513403415679932,0.47059184312820435,1.0475925207138062,0.4869174063205719,1.0712599754333496,0.4895133078098297,1.0945061445236206,BREAK
0.2076643854379654,1.0088273286819458,0.1384466141462326,0.9687066078186035,0.07962338626384735,0.9103485345840454,0.07407914102077484,0.9100931882858276,0.1048072874546051,0.9122865796089172,0.19094258546829224,0.7364166378974915,0.18283173441886902,0.5513602495193481,0.1764129400253296,0.4390600919723511,0.1798437386751175,0.3474727272987366,0.2546475827693939,0.7616513967514038,0.2608082890510559,0.5773770213127136,0.2635480761528015,0.4474320709705353,0.280536949634552,0.3325112760066986,0.29020461440086365,0.8299258351325989,0.20132514834403992,0.8275431394577026,0.1436060070991516,0.9036983251571655,0.13207662105560303,0.9443385601043701,0.3005524277687073,0.9077221751213074,0.19489622116088867,0.9227099418640137,0.14496049284934998,0.963725209236145,0.1304626613855362,0.9860131740570068,BREAK
0.27537649869918823,1.0573738813400269,0.26536986231803894,0.939422070980072,0.23909325897693634,0.8404767513275146,0.19072455167770386,0.7851923704147339,0.16575153172016144,0.7591587901115417,0.36832764744758606,0.7817375659942627,0.377174437046051,0.5905645489692688,0.37943917512893677,0.4612717032432556,0.3845450282096863,0.3579694330692291,0.38046175241470337,0.8409051299095154,0.3819224536418915,0.6520405411720276,0.40781211853027344,0.5148552656173706,0.4406763017177582,0.40097174048423767,0.363147497177124,0.9174196124076843,0.22064651548862457,0.8223275542259216,0.19286857545375824,0.8669169545173645,0.21100223064422607,0.9162760972976685,0.32398056983947754,0.9955505132675171,0.1907355785369873,0.9159900546073914,0.1693117320537567,0.9428263902664185,0.18637019395828247,0.9767605066299438,BREAK
0.40054434537887573,0.6349102258682251,0.42631205916404724,0.5926915407180786,0.4399350881576538,0.5181335806846619,0.44703343510627747,0.4563865661621094,0.4537232220172882,0.40686243772506714,0.4063819348812103,0.5136724710464478,0.3980207145214081,0.44897037744522095,0.4052183926105499,0.3965274393558502,0.41420334577560425,0.3554745614528656,0.39206287264823914,0.5150100588798523,0.3883070647716522,0.44888290762901306,0.3963562846183777,0.3954356908798218,0.40742480754852295,0.354790061712265,0.3838188350200653,0.5193477272987366,0.38363057374954224,0.45636579394340515,0.3914931118488312,0.4075760841369629,0.40202754735946655,0.37114518880844116,0.3797885775566101,0.5261537432670593,0.3788725733757019,0.47133868932724,0.38459599018096924,0.42984941601753235,0.3926495909690857,0.39691269397735596,BREAK
0.2569163143634796,1.133477807044983,0.24319210648536682,1.008589744567871,0.22665557265281677,0.8966540694236755,0.19084908068180084,0.831438422203064,0.1672036498785019,0.8125671148300171,0.372339129447937,0.8093740940093994,0.38588306307792664,0.6165561079978943,0.3902358412742615,0.48617005348205566,0.3990913927555084,0.3869343400001526,0.4033885896205902,0.8701842427253723,0.3892081379890442,0.6696975231170654,0.3910127878189087,0.5305157899856567,0.405201256275177,0.41665327548980713,0.40078699588775635,0.9547154307365417,0.23438984155654907,0.8513264656066895,0.18960466980934143,0.8993966579437256,0.19636741280555725,0.9583181142807007,0.3670710623264313,1.0379722118377686,0.21528246998786926,0.9565597772598267,0.18488454818725586,0.9883295297622681,0.19793371856212616,1.0337965488433838,BREAK
0.26384446024894714,1.0947082042694092,0.25031912326812744,0.9674785137176514,0.23660022020339966,0.8614747524261475,0.20742882788181305,0.7968542575836182,0.20119790732860565,0.8103671669960022,0.39076077938079834,0.7879668474197388,0.41140177845954895,0.6056213974952698,0.4189900755882263,0.4759882092475891,0.42496567964553833,0.37470442056655884,0.42235231399536133,0.8570669889450073,0.3957916796207428,0.6686831712722778,0.40209072828292847,0.5393093228340149,0.42264312505722046,0.4256686866283417,0.4161459803581238,0.9483422040939331,0.24933910369873047,0.844023585319519,0.2196742445230484,0.8879134654998779,0.23851442337036133,0.941778838634491,0.37737080454826355,1.0355842113494873,0.22693097591400146,0.9512512683868408,0.20600508153438568,0.9818515777587891,0.22794048488140106,1.0233548879623413,BREAK
0.28374719619750977,1.129711389541626,0.2583007216453552,1.0096334218978882,0.23866312205791473,0.9053166508674622,0.20763172209262848,0.8371708989143372,0.21669790148735046,0.8392369151115417,0.3972724974155426,0.8234080672264099,0.41697901487350464,0.6353455185890198,0.42482197284698486,0.5012067556381226,0.4293699860572815,0.3957112431526184,0.430428147315979,0.8966184258460999,0.3776840269565582,0.7378818392753601,0.37036222219467163,0.6906087398529053,0.3960079252719879,0.6371381878852844,0.42655444145202637,0.9859908223152161,0.2657334506511688,0.8814169764518738,0.2425122857093811,0.9369682669639587,0.2737267315387726,0.990226149559021,0.3884567618370056,1.0697001218795776,0.24766021966934204,0.9756431579589844,0.22803711891174316,1.0173912048339844,0.25551939010620117,1.0643360614776611,BREAK
0.3256797790527344,1.159180760383606,0.28822049498558044,1.0692640542984009,0.29943469166755676,0.9703119397163391,0.37733733654022217,0.9316051602363586,0.4488883912563324,0.9242624640464783,0.3289879560470581,0.8161289095878601,0.3119933605194092,0.6368588805198669,0.31216102838516235,0.5280013680458069,0.31220000982284546,0.43571725487709045,0.39120563864707947,0.8411957621574402,0.43386879563331604,0.6626403331756592,0.47200819849967957,0.5501463413238525,0.5008525848388672,0.4556761085987091,0.4328308403491974,0.9059814214706421,0.46450674533843994,0.8880458474159241,0.4393995404243469,0.9558578133583069,0.4136447608470917,1.003671407699585,0.4569242596626282,0.986059844493866,0.4845831096172333,0.9729470014572144,0.4641870856285095,1.0107920169830322,0.442717045545578,1.0429030656814575,BREAK
0.5943875908851624,1.0822513103485107,0.5500385761260986,1.0503329038619995,0.5018343329429626,0.9958417415618896,0.4569357633590698,0.9667695760726929,0.4135288596153259,0.9563899040222168,0.5149034261703491,0.8641400337219238,0.44781988859176636,0.8415428996086121,0.41314685344696045,0.8854638338088989,0.3913148045539856,0.9267672896385193,0.5640150308609009,0.8446722626686096,0.5215824246406555,0.7117670774459839,0.48857393860816956,0.6334442496299744,0.4604858160018921,0.5657492280006409,0.6186425685882568,0.8619581460952759,0.6124075651168823,0.7160438895225525,0.5955000519752502,0.6295526623725891,0.5788916945457458,0.5559141635894775,0.6763066053390503,0.907432496547699,0.7121529579162598,0.8054836392402649,0.7276108860969543,0.7352021932601929,0.7322292923927307,0.6661989688873291,RESET
0.5777119398117065,1.2212474346160889,0.503221333026886,1.186751365661621,0.4418376684188843,1.104080080986023,0.40734681487083435,1.0424150228500366,0.382935106754303,0.9880639910697937,0.48365285992622375,0.9300805330276489,0.41946664452552795,0.8641605377197266,0.38665634393692017,0.9068300724029541,0.3772171139717102,0.9543169736862183,0.5436071753501892,0.8997839689254761,0.5137090086936951,0.7536119222640991,0.488031804561615,0.6594699621200562,0.46669328212738037,0.5743796825408936,0.6031778454780579,0.9203722476959229,0.6046015620231628,0.7678217887878418,0.5946986079216003,0.6739791035652161,0.5794311761856079,0.5860326290130615,0.6593312621116638,0.9783711433410645,0.696209192276001,0.869434654712677,0.7127360701560974,0.7899672985076904,0.720863401889801,0.7136563658714294,RESET
0.5767106413841248,1.2504183053970337,0.49882155656814575,1.1909617185592651,0.4351762533187866,1.088344693183899,0.3955309987068176,1.0145964622497559,0.36961424350738525,0.961177408695221,0.4971560835838318,0.9389206767082214,0.42797374725341797,0.8776216506958008,0.3899229168891907,0.919392466545105,0.37678050994873047,0.9692447781562805,0.5530007481575012,0.914318323135376,0.5235123038291931,0.7657636404037476,0.49788448214530945,0.6751787662506104,0.4780307114124298,0.5925571918487549,0.610053300857544,0.9338399767875671,0.613467276096344,0.7842530608177185,0.6021862626075745,0.695216178894043,0.5862748622894287,0.6104387640953064,0.664890468120575,0.9920806288719177,0.7047351002693176,0.8830415606498718,0.7215182781219482,0.8048854470252991,0.7265651226043701,0.7267812490463257,RESET
0.5960183143615723,1.1635267734527588,0.5471318364143372,1.0437705516815186,0.50626540184021,0.9576810598373413,0.4637978971004486,0.9244325160980225,0.41982316970825195,0.9086160659790039,0.5806787610054016,0.8905203938484192,0.5073400735855103,0.7953460216522217,0.45458096265792847,0.7982783317565918,0.4187786281108856,0.8192771673202515,0.59542316198349,0.9149426817893982,0.5720231533050537,0.7599822282791138,0.539178192615509,0.6715695261955261,0.5071729421615601,0.5995171070098877,0.5925815105438232,0.9634442329406738,0.5651898384094238,0.8079298734664917,0.5404167175292969,0.7198431491851807,0.5204647779464722,0.6490238308906555,0.572941780090332,1.020557165145874,0.5369256734848022,0.9372381567955017,0.5122464895248413,0.894383430480957,0.4899511933326721,0.8589792251586914,RESET
0.5834539532661438,1.119766354560852,0.5684838891029358,1.0274531841278076,0.547317385673523,0.9473918676376343,0.5152925848960876,0.8916211724281311,0.4860765039920807,0.8370340466499329,0.5749086737632751,0.8788756132125854,0.5418890118598938,0.7734978199005127,0.5157121419906616,0.6994810104370117,0.4910971522331238,0.6416450142860413,0.5727548599243164,0.9037473797798157,0.539608895778656,0.7829950451850891,0.5085294842720032,0.6995311975479126,0.47782331705093384,0.6343028545379639,0.5630901455879211,0.9490707516670227,0.5333737730979919,0.841435432434082,0.5090947151184082,0.7676742076873779,0.48636600375175476,0.7082354426383972,0.5463487505912781,1.0049054622650146,0.5134813785552979,0.9492202997207642,0.48987409472465515,0.9092379808425903,0.4672938287258148,0.877853274345398,RESET
0.578210175037384,1.0701464414596558,0.561953604221344,0.9918152689933777,0.5369971990585327,0.9299715161323547,0.5023818016052246,0.8912560343742371,0.47321441769599915,0.8522796630859375,0.5627853274345398,0.8532788753509521,0.5246200561523438,0.7693588733673096,0.49133220314979553,0.7109532356262207,0.46164870262145996,0.6659746170043945,0.5638461709022522,0.8787124752998352,0.5238377451896667,0.778171181678772,0.4888577461242676,0.7085443735122681,0.45590740442276,0.6519963145256042,0.5591784715652466,0.9250372052192688,0.5239673256874084,0.833249032497406,0.4976864457130432,0.7732191681861877,0.47352004051208496,0.7231150269508362,0.5482998490333557,0.9839247465133667,0.5180152058601379,0.9431623220443726,0.4962623417377472,0.9111752510070801,0.4753567576408386,0.8826506733894348,RESET
0.5967931151390076,1.0779240131378174,0.6533855199813843,0.9905940890312195,0.6587520241737366,0.8758482336997986,0.6288266777992249,0.7880898118019104,0.5999985933303833,0.7273306250572205,0.6239461898803711,0.8537107110023499,0.588283360004425,0.6959861516952515,0.5603979229927063,0.5973539352416992,0.5357962846755981,0.5218431949615479,0.5634607076644897,0.8828338980674744,0.5341585874557495,0.7056212425231934,0.5100785493850708,0.5885487198829651,0.4909946918487549,0.49598628282546997,0.5021626949310303,0.9255083799362183,0.4751878082752228,0.7518802881240845,0.45548537373542786,0.6294705867767334,0.44247668981552124,0.5356045961380005,0.44313377141952515,0.9727687239646912,0.3971256613731384,0.8518762588500977,0.3738373816013336,0.7643914818763733,0.3606437146663666,0.6889984607696533,RESET
0.6238656640052795,1.1539238691329956,0.6755145192146301,1.0337519645690918,0.6774557828903198,0.9008172750473022,0.6502866148948669,0.793521523475647,0.6101964116096497,0.7280123233795166,0.6622019410133362,0.8592897057533264,0.6168884634971619,0.6957657337188721,0.5843989849090576,0.6888629198074341,0.5715571045875549,0.7135807871818542,0.599165141582489,0.8835222721099854,0.5601714849472046,0.6758435368537903,0.5309805870056152,0.5603936910629272,0.5132144093513489,0.4764868915081024,0.5319682955741882,0.9291175007820129,0.49647822976112366,0.733451783657074,0.4739623963832855,0.6090431809425354,0.46167755126953125,0.5117641091346741,0.4691437780857086,0.9847091436386108,0.42334839701652527,0.8530868887901306,0.39578914642333984,0.7674286365509033,0.37519630789756775,0.6874355673789978,RESET
0.6445484757423401,1.2222516536712646,0.7083167433738708,1.0988410711288452,0.7207093238830566,0.9661442637443542,0.6877213716506958,0.8654695749282837,0.6425433158874512,0.8018397092819214,0.6785970330238342,0.9232807159423828,0.6451341509819031,0.7354781627655029,0.6331613659858704,0.7240591049194336,0.6395874619483948,0.7523796558380127,0.604717493057251,0.9453986883163452,0.5711301565170288,0.7306219339370728,0.5493334531784058,0.608251690864563,0.5376956462860107,0.5183738470077515,0.5325725674629211,0.9856561422348022,0.4940917491912842,0.7871293425559998,0.4744330048561096,0.6563206911087036,0.4661315679550171,0.5539000630378723,0.4706513285636902,1.033424973487854,0.4192415177822113,0.8969924449920654,0.395624041557312,0.8067454695701599,0.384701132774353,0.7248424291610718,RESET
0.6014844179153442,1.2363102436065674,0.5405051112174988,1.1640816926956177,0.519458532333374,1.0512588024139404,0.5569465756416321,0.9557632803916931,0.6168538331985474,0.8898385763168335,0.505675733089447,0.9474620819091797,0.5040889978408813,0.7738717794418335,0.5129716396331787,0.6600189805030823,0.5199076533317566,0.5614129304885864,0.5805575251579285,0.9503917694091797,0.5701195597648621,0.7766909599304199,0.5499363541603088,0.6728483438491821,0.5329209566116333,0.5899513959884644,0.6568621397018433,0.9832026362419128,0.6854628920555115,0.8838372826576233,0.6700316667556763,0.9571353793144226,0.6527063250541687,1.0338549613952637,0.7230296730995178,1.035477876663208,0.7391308546066284,0.9651848077774048,0.7221161723136902,1.0167279243469238,0.7089542746543884,1.075345754623413,RESET
0.5391544103622437,1.148432970046997,0.49250203371047974,1.0765305757522583,0.49933555722236633,0.9662507176399231,0.5466785430908203,0.8806636333465576,0.5896964073181152,0.8237913846969604,0.48088547587394714,0.8986020088195801,0.4740458130836487,0.7355144619941711,0.47958236932754517,0.628334641456604,0.48669663071632385,0.5475640296936035,0.546194314956665,0.9172393083572388,0.5672550797462463,0.7585620880126953,0.5639181733131409,0.6470847129821777,0.5569760799407959,0.5675278306007385,0.6059329509735107,0.9573357701301575,0.6593118906021118,0.8614190220832825,0.6443440318107605,0.8616505265235901,0.6225972175598145,0.8861286044120789,0.6537895798683167,1.0045775175094604,0.6949536800384521,0.9364055395126343,0.6846597194671631,0.9388471841812134,0.6690272688865662,0.9610373973846436,RESET
0.5972369909286499,0.9853730201721191,0.5257266163825989,0.9500471353530884,0.46010303497314453,0.8898444175720215,0.4242992401123047,0.8256927132606506,0.40110939741134644,0.7556012272834778,0.47404488921165466,1.0008560419082642,0.42279142141342163,0.9110299944877625,0.3954944610595703,0.8327925801277161,0.37552106380462646,0.7603604197502136,0.5454100966453552,0.9745311141014099,0.5086197853088379,0.8054599761962891,0.48419398069381714,0.6820490956306458,0.46294206380844116,0.5829043388366699,0.6123257279396057,0.9312891960144043,0.5806249380111694,0.7561660408973694,0.5438898801803589,0.6415084600448608,0.5076568722724915,0.5677419304847717,0.6704152226448059,0.8774559497833252,0.6311414241790771,0.7587022185325623,0.5994338393211365,0.6986278295516968,0.5677347183227539,0.6685711145401001,RESET
0.6860577464103699,0.9947327375411987,0.5884876251220703,0.998846173286438,0.524492084980011,0.9571819305419922,0.5092810392379761,0.8657708168029785,0.5128322243690491,0.779291570186615,0.5196241140365601,1.0183470249176025,0.4629593789577484,0.9544482231140137,0.4344620704650879,0.8614190220832825,0.4172753095626831,0.7788673639297485,0.5907449722290039,1.0047893524169922,0.548241913318634,0.8285039663314819,0.5101640820503235,0.6944382190704346,0.48491019010543823,0.598970890045166,0.6531985998153687,0.9620983004570007,0.6129897236824036,0.7664708495140076,0.5671758055686951,0.6524383425712585,0.5361849665641785,0.5800620317459106,0.6951438188552856,0.9083513021469116,0.6506528854370117,0.7491291761398315,0.6198636889457703,0.6846851110458374,0.5944826006889343,0.6414922475814819,RESET
0.6554132699966431,0.9363422393798828,0.613895058631897,0.8268861770629883,0.5851812958717346,0.7075631618499756,0.5560435056686401,0.6235150694847107,0.548120379447937,0.5583374500274658,0.6344325542449951,0.6702960729598999,0.57655930519104,0.6100105047225952,0.5604434013366699,0.6067450642585754,0.5605732798576355,0.608950674533844,0.6378404498100281,0.709957480430603,0.5853137969970703,0.6493197679519653,0.5642402172088623,0.6445299386978149,0.5531326532363892,0.6496555805206299,0.6285282969474792,0.761643648147583,0.5769520998001099,0.7063238620758057,0.5511794090270996,0.6881769895553589,0.5362749695777893,0.682121992111206,0.603290855884552,0.8199186325073242,0.5520777106285095,0.8039156198501587,0.5244525074958801,0.8050392270088196,0.5050337910652161,0.8091720938682556,RESET
0.6130934953689575,1.0542995929718018,0.5676310062408447,1.000411033630371,0.52510666847229,0.9534921646118164,0.47351720929145813,0.9328721761703491,0.4259795844554901,0.9136674404144287,0.5731037259101868,0.8290577530860901,0.5126889944076538,0.7669493556022644,0.46422600746154785,0.7857947945594788,0.428278386592865,0.8139116168022156,0.592173159122467,0.8351655006408691,0.5681251287460327,0.70602947473526,0.5381874442100525,0.6185166835784912,0.5060709118843079,0.5426613092422485,0.6098171472549438,0.8669203519821167,0.6033185124397278,0.7325562834739685,0.5849103927612305,0.6484345197677612,0.5627930164337158,0.5752005577087402,0.620570719242096,0.9133093357086182,0.6248315572738647,0.8344669342041016,0.6193745732307434,0.7718627452850342,0.6111922860145569,0.7107887268066406,RESET
0.6139572858810425,1.1595511436462402,0.5453872084617615,1.077131986618042,0.49713605642318726,1.0078474283218384,0.4513082802295685,0.9677987098693848,0.4046691656112671,0.9240039587020874,0.5940201878547668,0.851854681968689,0.4905441999435425,0.8010047078132629,0.4305570125579834,0.843473494052887,0.39230576157569885,0.8992242217063904,0.6162291765213013,0.8757007122039795,0.5681452751159668,0.7124820351600647,0.5289255976676941,0.6290619969367981,0.48768100142478943,0.5622877478599548,0.6317407488822937,0.926124632358551,0.5973237752914429,0.7525418996810913,0.5663825869560242,0.6695555448532104,0.5329881310462952,0.597563624382019,0.6271519660949707,0.9837331771850586,0.6140811443328857,0.8886446356773376,0.5988833904266357,0.8187371492385864,0.5787594318389893,0.7456316351890564,RESET
0.6772012710571289,1.1995360851287842,0.5823807716369629,1.1572567224502563,0.506981611251831,1.0746569633483887,0.46308663487434387,1.0081760883331299,0.43108028173446655,0.9305384755134583,0.5576169490814209,0.9084873199462891,0.5041952133178711,0.822383463382721,0.4618615210056305,0.8526102900505066,0.4372282028198242,0.9032762050628662,0.6081990599632263,0.8831154704093933,0.591331958770752,0.7352988123893738,0.5724576115608215,0.6483241319656372,0.5559079051017761,0.5868551731109619,0.6595747470855713,0.8947333097457886,0.6454427242279053,0.760520339012146,0.6247453689575195,0.6749274134635925,0.5982005596160889,0.613139808177948,0.708057165145874,0.9369585514068604,0.7055730819702148,0.8488069176673889,0.6922948360443115,0.7900962829589844,0.6659500002861023,0.746901273727417,RESET
0.7274017930030823,1.2569063901901245,0.6368480324745178,1.195866346359253,0.5599467158317566,1.0965520143508911,0.512438952922821,1.0240312814712524,0.4865410327911377,0.9669449925422668,0.620002269744873,0.9296205043792725,0.556009829044342,0.86089688539505,0.5202642679214478,0.9038512706756592,0.5063413977622986,0.9559791684150696,0.6848882436752319,0.9063010215759277,0.657783031463623,0.7362155914306641,0.6398969292640686,0.624746561050415,0.6314387321472168,0.5240463018417358,0.750917375087738,0.9298987984657288,0.7473268508911133,0.7643672823905945,0.7401226162910461,0.657844066619873,0.7308495044708252,0.5576278567314148,0.8186817169189453,0.9899474382400513,0.8523899912834167,0.8675873875617981,0.8691091537475586,0.7825568914413452,0.8768009543418884,0.6985924243927002,RESET
0.7163349986076355,1.2760899066925049,0.6332990527153015,1.2117999792099,0.5609607100486755,1.108305811882019,0.5166712403297424,1.036912441253662,0.4855080246925354,0.9858266115188599,0.6279964447021484,0.9529444575309753,0.5650833249092102,0.8774619102478027,0.5261811017990112,0.9159802794456482,0.5070464611053467,0.9617893099784851,0.6922844052314758,0.9316084384918213,0.6652951836585999,0.7577189207077026,0.6475624442100525,0.6482337713241577,0.6379103064537048,0.5481394529342651,0.7591339945793152,0.956127941608429,0.7546048164367676,0.7909309267997742,0.7467958331108093,0.6824876070022583,0.7368478775024414,0.5829530954360962,0.8271573185920715,1.0181905031204224,0.8631442785263062,0.8981844186782837,0.881417989730835,0.8132668137550354,0.8893100023269653,0.7320358753204346,RESET
0.728770911693573,0.929421067237854,0.6824774742126465,0.9266295433044434,0.6154248118400574,0.893522322177887,0.5607790350914001,0.880204975605011,0.5135633945465088,0.9012099504470825,0.6327221989631653,0.8992973566055298,0.5625967979431152,0.8950721025466919,0.5194544792175293,0.92763751745224,0.5016827583312988,0.951823353767395,0.6931772232055664,0.9209071397781372,0.6577789783477783,0.766539454460144,0.6345735788345337,0.6628178358078003,0.6252294182777405,0.5755951404571533,0.7637820243835449,0.9452797770500183,0.757869303226471,0.7926822900772095,0.7470912933349609,0.6759073138237,0.74411940574646,0.5712800025939941,0.8391969203948975,0.9778585433959961,0.8731399774551392,0.8815847635269165,0.8918725252151489,0.8102080821990967,0.9020065069198608,0.7346600294113159,RESET
0.7468004822731018,0.9039770364761353,0.69497150182724,0.8964371681213379,0.634903073310852,0.8825103044509888,0.5750414729118347,0.8971705436706543,0.5183575749397278,0.9359171390533447,0.65492844581604,0.9090688228607178,0.5919729471206665,0.8740549683570862,0.54859459400177,0.8813886046409607,0.5213092565536499,0.8857080936431885,0.7145100831985474,0.9337558746337891,0.6804439425468445,0.7906412482261658,0.6603428721427917,0.6937498450279236,0.646317183971405,0.614214301109314,0.7762837409973145,0.9536888003349304,0.7734625935554504,0.8153272271156311,0.7688466906547546,0.7044780850410461,0.7640675902366638,0.6140292882919312,0.8389250636100769,0.9742522835731506,0.8748220205307007,0.9065234661102295,0.8964059352874756,0.8408244252204895,0.9037501811981201,0.777271568775177,RESET
0.7080051898956299,1.3249685764312744,0.5802621841430664,1.234963059425354,0.4852786362171173,1.0778727531433105,0.4420628249645233,0.9175531268119812,0.41418230533599854,0.7837728261947632,0.4769653081893921,1.0434447526931763,0.41496238112449646,0.8091201782226562,0.3910335302352905,0.6493767499923706,0.3821191191673279,0.5182350277900696,0.5752292275428772,1.0256190299987793,0.5008367300033569,0.7806563377380371,0.46597588062286377,0.5838930606842041,0.44399139285087585,0.4247116446495056,0.6933549046516418,1.0360932350158691,0.6632878184318542,0.800830602645874,0.6433043479919434,0.6199029684066772,0.6189308166503906,0.468715637922287,0.8206693530082703,1.0677986145019531,0.8692644238471985,0.9126448035240173,0.8873679637908936,0.794890284538269,0.8930528163909912,0.6921271085739136,RESET
0.6403336524963379,1.4117207527160645,0.7682291865348816,1.2406787872314453,0.8474469184875488,1.0707557201385498,0.8895072340965271,0.915651798248291,0.890501856803894,0.7215157747268677,0.6397171020507812,1.0306692123413086,0.6184044480323792,0.7622492909431458,0.5860603451728821,0.581849217414856,0.5650725364685059,0.42210501432418823,0.5307778716087341,1.064547061920166,0.46625205874443054,0.8030511736869812,0.4340742826461792,0.5922732949256897,0.40348732471466064,0.40639960765838623,0.4579896926879883,1.1049914360046387,0.39487260580062866,0.9453429579734802,0.3801928162574768,0.8770949840545654,0.37391698360443115,0.8290937542915344,0.412058025598526,1.152366042137146,0.327205091714859,1.0533883571624756,0.31622111797332764,1.0399471521377563,0.3145200312137604,1.0345004796981812,RESET
0.6591546535491943,1.448204517364502,0.5123757719993591,1.3537232875823975,0.41798391938209534,1.211033582687378,0.3595028221607208,1.1025503873825073,0.31621885299682617,0.9931911826133728,0.4886988699436188,1.0097447633743286,0.3888758420944214,0.9037907123565674,0.31727880239486694,0.9497125148773193,0.2727277874946594,1.0070749521255493,0.5677745342254639,0.9896949529647827,0.5210076570510864,0.754387617111206,0.4864424467086792,0.6068539619445801,0.45615869760513306,0.474664568901062,0.6520066261291504,1.0265225172042847,0.6459762454032898,0.7887101173400879,0.6284060478210449,0.6381312608718872,0.6056052446365356,0.5071728825569153,0.7342895269393921,1.1074060201644897,0.8005602359771729,0.9558627605438232,0.8352625370025635,0.8398187756538391,0.85209059715271,0.7277557849884033,RESET
0.6051759123802185,1.1270191669464111,0.5428305268287659,1.0843390226364136,0.4857724905014038,1.0202295780181885,0.44279223680496216,0.9886144995689392,0.4039402902126312,0.9735825061798096,0.5209880471229553,0.9141064882278442,0.4609312415122986,0.855032742023468,0.42500728368759155,0.896687924861908,0.40519216656684875,0.9436063766479492,0.583865761756897,0.9085281491279602,0.5604487061500549,0.759940505027771,0.5403785109519958,0.6611568331718445,0.5282171964645386,0.5730293989181519,0.6439841985702515,0.9412210583686829,0.6496901512145996,0.7906659245491028,0.6422958374023438,0.6914965510368347,0.632060706615448,0.6041933298110962,0.7004440426826477,1.0025663375854492,0.7424745559692383,0.8986228108406067,0.7643925547599792,0.8236051201820374,0.7757372260093689,0.751524806022644,RESET
0.6245070695877075,1.317346215248108,0.5360376238822937,1.2687108516693115,0.46316036581993103,1.1857702732086182,0.4150555729866028,1.120537281036377,0.393341064453125,1.0542465448379517,0.5208035707473755,1.0007556676864624,0.4743208885192871,0.8982285857200623,0.4550377130508423,0.9208979606628418,0.4538058638572693,0.9731587171554565,0.5869486927986145,0.9747278690338135,0.5776495933532715,0.8199266195297241,0.5697264075279236,0.7242783308029175,0.5652361512184143,0.6433441638946533,0.6515259742736816,0.9947179555892944,0.6614772081375122,0.8481130599975586,0.6591225266456604,0.7529008388519287,0.6526413559913635,0.6631199717521667,0.7135617733001709,1.0528144836425781,0.7593950629234314,0.9585859775543213,0.7803490161895752,0.8874335885047913,0.7931534647941589,0.8180509805679321,RESET
0.6179348826408386,1.3070456981658936,0.5404137969017029,1.2471739053726196,0.47701457142829895,1.1598639488220215,0.43325912952423096,1.104158639907837,0.4031369388103485,1.0537512302398682,0.537389874458313,1.0068070888519287,0.48375147581100464,0.9161203503608704,0.45054247975349426,0.9484239816665649,0.43634194135665894,0.9952943325042725,0.6001641750335693,0.9884614944458008,0.5854173302650452,0.836561381816864,0.5735681056976318,0.7433387041091919,0.5644792914390564,0.6640992164611816,0.6604892015457153,1.0140900611877441,0.6697177886962891,0.8741225600242615,0.6640565991401672,0.7759493589401245,0.6514682173728943,0.6885662078857422,0.7156771421432495,1.0733355283737183,0.7627856731414795,0.9846135377883911,0.7855387330055237,0.9116291999816895,0.7970044612884521,0.8457180261611938,RESET
0.6243559718132019,0.9818235039710999,0.5836907625198364,0.9275907278060913,0.5480656027793884,0.8788806200027466,0.5117418169975281,0.867061197757721,0.4803805947303772,0.8752762675285339,0.5754075646400452,0.9011277556419373,0.5667312741279602,0.7990754246711731,0.5582088232040405,0.7453373670578003,0.5521395206451416,0.7002639174461365,0.6169742941856384,0.9436243176460266,0.6068172454833984,0.8246293663978577,0.5878158807754517,0.7494398951530457,0.5699196457862854,0.6851792335510254,0.6631545424461365,0.9943830966949463,0.6677365899085999,0.899182915687561,0.6617547869682312,0.8186471462249756,0.6525174975395203,0.7539842128753662,0.7142881155014038,1.0470292568206787,0.7666085362434387,0.9946383237838745,0.7918658256530762,0.9461730718612671,0.8021352291107178,0.9021389484405518,RESET
0.7354918718338013,1.1833354234695435,0.669571578502655,1.133134126663208,0.6160879731178284,1.055816888809204,0.5952973365783691,0.9987056851387024,0.614912211894989,0.9535835385322571,0.6655442714691162,0.9502002596855164,0.6240607500076294,0.8906451463699341,0.6059135794639587,0.91104656457901,0.5995669364929199,0.9409510493278503,0.7205865383148193,0.9333913922309875,0.7066268920898438,0.7873735427856445,0.7039402723312378,0.6901227235794067,0.7085222601890564,0.6031534671783447,0.778223991394043,0.9556127190589905,0.7775157690048218,0.8099813461303711,0.7810456156730652,0.7173560261726379,0.7822589874267578,0.6377565264701843,0.8366626501083374,1.008975863456726,0.8679168224334717,0.9129860997200012,0.8873077630996704,0.8437020182609558,0.8991990685462952,0.7781023383140564,RESET
0.3674365282058716,1.0614027976989746,0.4366844594478607,1.0310050249099731,0.5029662847518921,0.9774235486984253,0.552767813205719,0.9450967311859131,0.5743377208709717,0.9214126467704773,0.45508942008018494,0.8614329099655151,0.5263333320617676,0.8088219165802002,0.5733617544174194,0.8414324522018433,0.6035609245300293,0.8848493099212646,0.40528371930122375,0.8428851366043091,0.43589454889297485,0.6991821527481079,0.4629548490047455,0.6031972169876099,0.4845830202102661,0.5191959142684937,0.3465607762336731,0.8631227016448975,0.3464605510234833,0.7291349768638611,0.3604580760002136,0.6353423595428467,0.3752889633178711,0.5532186031341553,0.2889806926250458,0.9106135964393616,0.2641923725605011,0.8128373026847839,0.2581314146518707,0.7435277104377747,0.26071232557296753,0.6774895787239075,RESET
0.35707220435142517,1.0735431909561157,0.4233282208442688,1.0536926984786987,0.47821083664894104,1.0083612203598022,0.5186642408370972,0.9760264754295349,0.560489296913147,0.9425000548362732,0.4413035809993744,0.8805013298988342,0.5009987354278564,0.82451331615448,0.5377421975135803,0.8451309204101562,0.5642145276069641,0.8843669891357422,0.3885306715965271,0.8566418290138245,0.4148683547973633,0.7254316210746765,0.4351431131362915,0.6385557651519775,0.45222505927085876,0.5643051862716675,0.3320011794567108,0.8711199760437012,0.3317416310310364,0.7395310401916504,0.3415778577327728,0.6523498296737671,0.3544030785560608,0.5750259160995483,0.27705812454223633,0.9156507253646851,0.25677645206451416,0.8235701322555542,0.25241217017173767,0.7603592872619629,0.2567780613899231,0.6990014314651489,RESET
0.3934195041656494,1.0965924263000488,0.4511224031448364,1.0471415519714355,0.4987974762916565,0.9871073961257935,0.5388789176940918,0.9563156962394714,0.564566433429718,0.92812579870224,0.46025189757347107,0.9114740490913391,0.5348973274230957,0.8571338653564453,0.5799411535263062,0.8883472681045532,0.608384370803833,0.93076092004776,0.4126726984977722,0.903290867805481,0.438285768032074,0.7646077871322632,0.46098923683166504,0.6745789051055908,0.4781875014305115,0.5962289571762085,0.3580533564090729,0.932382345199585,0.3550533950328827,0.7998640537261963,0.36683011054992676,0.7060250043869019,0.3783123791217804,0.6240783929824829,0.3064662218093872,0.9848898649215698,0.28255075216293335,0.8880094289779663,0.27798694372177124,0.8192343711853027,0.28095316886901855,0.7548947334289551,RESET
0.37430819869041443,1.0722622871398926,0.3748014569282532,0.9906338453292847,0.3565598130226135,0.9057190418243408,0.3345768451690674,0.8396723866462708,0.32559970021247864,0.7640676498413086,0.39109116792678833,0.8893575072288513,0.40011927485466003,0.7659719586372375,0.4093152582645416,0.6851630806922913,0.4204270541667938,0.6202818751335144,0.38866373896598816,0.9194120764732361,0.4196506440639496,0.7917422652244568,0.44236040115356445,0.70159912109375,0.4647337794303894,0.6250062584877014,0.3740384578704834,0.9692267775535583,0.3877302408218384,0.85262131690979,0.40264663100242615,0.7593850493431091,0.4181395471096039,0.6845214366912842,0.3459509313106537,1.0245673656463623,0.3201318681240082,0.9732273817062378,0.3091185688972473,0.9270036220550537,0.29896408319473267,0.8901481628417969,RESET
0.3773472011089325,1.3098912239074707,0.4820404052734375,1.2341852188110352,0.5663687586784363,1.1178185939788818,0.609531581401825,1.0092689990997314,0.6347205638885498,0.9373582601547241,0.5333483219146729,1.0002686977386475,0.5923353433609009,0.8014076948165894,0.619860827922821,0.6621822714805603,0.636161744594574,0.5459245443344116,0.45463746786117554,0.9715261459350586,0.5145265460014343,0.7534689903259277,0.5563881397247314,0.6092672348022461,0.5890263319015503,0.4830615520477295,0.3628860414028168,0.9875196218490601,0.37398862838745117,0.7780748605728149,0.39524611830711365,0.6364432573318481,0.420652836561203,0.5151793956756592,0.2675960063934326,1.034618616104126,0.2380039542913437,0.8953083157539368,0.2323254495859146,0.795525312423706,0.23807795345783234,0.7009679079055786,RESET
0.43750879168510437,1.38877534866333,0.5500128269195557,1.357888102531433,0.647175669670105,1.2779649496078491,0.7052606344223022,1.2023712396621704,0.7563862800598145,1.1449429988861084,0.6116464734077454,1.0252799987792969,0.657360315322876,0.8368498086929321,0.6799207925796509,0.7079399228096008,0.6963424682617188,0.5970197916030884,0.5365603566169739,0.9842122197151184,0.5866521000862122,0.7846071720123291,0.6326419115066528,0.6572612524032593,0.6714661121368408,0.5448204278945923,0.45485496520996094,0.9970376491546631,0.4643667936325073,0.8066957592964172,0.486674040555954,0.6876145601272583,0.5138407349586487,0.5844907760620117,0.369829922914505,1.0460314750671387,0.3411155045032501,0.9114338159561157,0.3402918577194214,0.8229607939720154,0.35217300057411194,0.7422538995742798,RESET
0.4583607316017151,1.02248215675354,0.5057748556137085,0.9336320161819458,0.5443178415298462,0.8426704406738281,0.5922403335571289,0.7913535833358765,0.6284509897232056,0.7605541944503784,0.462380975484848,0.7631266713142395,0.4935474991798401,0.6249691247940063,0.523636519908905,0.5384038686752319,0.5527280569076538,0.46831294894218445,0.4577485918998718,0.8109058737754822,0.49022525548934937,0.6756736040115356,0.5334428548812866,0.5803123712539673,0.5717712640762329,0.5006067156791687,0.4715317487716675,0.8789694309234619,0.49602025747299194,0.743722140789032,0.5351044535636902,0.6462939977645874,0.5688278675079346,0.564763069152832,0.4996296763420105,0.9511643648147583,0.5374040603637695,0.8687138557434082,0.5699620842933655,0.8093945384025574,0.5979445576667786,0.7620293498039246,RESET
0.5209178328514099,1.104457974433899,0.5604100823402405,0.9991589784622192,0.5843788981437683,0.9204684495925903,0.616541862487793,0.8757064342498779,0.6423848867416382,0.8331050872802734,0.4655745327472687,0.8134404420852661,0.4927939176559448,0.6711480021476746,0.5169036984443665,0.5758926868438721,0.539287805557251,0.49880722165107727,0.45715487003326416,0.8658158779144287,0.4670896828174591,0.712373673915863,0.49593672156333923,0.6002856492996216,0.5229890942573547,0.5111663341522217,0.4715941250324249,0.9394632577896118,0.4860955476760864,0.8103840947151184,0.5220324397087097,0.6933956146240234,0.5509479641914368,0.596716582775116,0.5053725838661194,1.0217349529266357,0.5544630289077759,0.9418930411338806,0.5939176082611084,0.8783029913902283,0.6219353079795837,0.8314235806465149,RESET
0.5039997696876526,1.116557002067566,0.5446697473526001,1.0246483087539673,0.5701948404312134,0.943421483039856,0.6056391596794128,0.88962721824646,0.6324676871299744,0.8378658294677734,0.47608569264411926,0.817182183265686,0.5033162236213684,0.6758241653442383,0.5216596722602844,0.5886105895042419,0.5377421379089355,0.5140353441238403,0.46267423033714294,0.8529453873634338,0.4743775427341461,0.697861909866333,0.49904799461364746,0.5918023586273193,0.5231320858001709,0.5058013200759888,0.46535950899124146,0.918113648891449,0.4712013602256775,0.780087411403656,0.498697429895401,0.6711413264274597,0.5219650268554688,0.5820962190628052,0.48360687494277954,0.9981887936592102,0.5241784453392029,0.9160444140434265,0.5654733777046204,0.8589249849319458,0.5989642143249512,0.8206602334976196,RESET
0.46970197558403015,1.1303136348724365,0.49212390184402466,1.0146242380142212,0.5170494914054871,0.8886488080024719,0.5550571084022522,0.7989925146102905,0.5848864912986755,0.7148193717002869,0.4508321285247803,0.8454009890556335,0.49126729369163513,0.7026711106300354,0.5177822113037109,0.6027543544769287,0.5433110594749451,0.5146054625511169,0.4491007924079895,0.900475025177002,0.4677152633666992,0.7686816453933716,0.5000011324882507,0.662725031375885,0.5355569124221802,0.5705009698867798,0.4686398506164551,0.9707869291305542,0.5392534136772156,0.8693104982376099,0.5981075167655945,0.8431364297866821,0.6383028030395508,0.8304109573364258,0.5040576457977295,1.0445274114608765,0.5613876581192017,0.9537548422813416,0.6104311347007751,0.906582772731781,0.6423137187957764,0.8752273917198181,RESET
0.41661757230758667,1.133254885673523,0.3322814106941223,1.045361876487732,0.2957019507884979,0.9139994978904724,0.3206664025783539,0.8190925121307373,0.3656131327152252,0.797574520111084,0.3708271384239197,0.8577741980552673,0.37358230352401733,0.6824882626533508,0.37283673882484436,0.7013750076293945,0.38239026069641113,0.7462636828422546,0.45266151428222656,0.8745619058609009,0.4609076678752899,0.653751790523529,0.468257337808609,0.534783124923706,0.4749546945095062,0.43982169032096863,0.5204629898071289,0.9061844348907471,0.5482853055000305,0.720306396484375,0.5623084306716919,0.6038551330566406,0.5667519569396973,0.5089048743247986,0.5747696757316589,0.9531198740005493,0.615602970123291,0.8220654726028442,0.6264874935150146,0.7378130555152893,0.6274862885475159,0.6674948930740356,RESET
0.5290824770927429,1.0538853406906128,0.46341216564178467,1.0011614561080933,0.41987428069114685,0.9145969152450562,0.4057905077934265,0.8515563607215881,0.41042494773864746,0.7928183674812317,0.46165159344673157,0.8784970641136169,0.4416641592979431,0.7325302958488464,0.4267818033695221,0.7094367146492004,0.41820210218429565,0.7093702554702759,0.5336869359016418,0.8873364925384521,0.5354244709014893,0.6946119666099548,0.5343897342681885,0.5771454572677612,0.5317501425743103,0.47176480293273926,0.595224916934967,0.9166817665100098,0.6287387609481812,0.7406824827194214,0.6351627111434937,0.6257208585739136,0.6317750811576843,0.5245064496994019,0.6479482650756836,0.9550924301147461,0.6818670034408569,0.8403410911560059,0.6897763609886169,0.7573485970497131,0.6847535967826843,0.6813335418701172,RESET
0.5339409708976746,1.060131311416626,0.4621351659297943,1.0191386938095093,0.4069015383720398,0.9521245956420898,0.3982764482498169,0.8990055918693542,0.42663782835006714,0.8485429286956787,0.4605972170829773,0.9279065728187561,0.4570518434047699,0.7970998883247375,0.4565747082233429,0.7822057008743286,0.4591696262359619,0.785459041595459,0.5445244908332825,0.9382172226905823,0.5490429401397705,0.7392482161521912,0.5545133352279663,0.6097078323364258,0.5643416047096252,0.49107640981674194,0.6131026148796082,0.9656322002410889,0.6471993923187256,0.7948960661888123,0.6621025204658508,0.6827719211578369,0.6675485372543335,0.5799081325531006,0.66582852602005,0.9999194145202637,0.6989994645118713,0.8935393691062927,0.7126203179359436,0.8148937821388245,0.7157328724861145,0.7363311648368835,RESET
0.4830010235309601,1.1126576662063599,0.5529741644859314,1.0378882884979248,0.6066980957984924,0.9678679704666138,0.6413536667823792,0.9145166277885437,0.6564937829971313,0.8685998916625977,0.5477955937385559,0.8185229301452637,0.5966010093688965,0.733294665813446,0.6218140721321106,0.7144322395324707,0.6370626091957092,0.6975508332252502,0.5126349925994873,0.8052913546562195,0.5363044142723083,0.6826059222221375,0.5488239526748657,0.6000581979751587,0.5594021677970886,0.5306828618049622,0.4730660319328308,0.823397159576416,0.47808903455734253,0.7118678689002991,0.4934297502040863,0.6353542804718018,0.5082082152366638,0.5716451406478882,0.4358741044998169,0.8627086281776428,0.4319446086883545,0.7745485305786133,0.4418259561061859,0.7168178558349609,0.45962008833885193,0.6685948371887207,RESET
0.43161630630493164,1.120493769645691,0.5050917863845825,1.0508780479431152,0.5600842833518982,0.9923250079154968,0.614903450012207,0.9631706476211548,0.6582646369934082,0.9189092516899109,0.4724932610988617,0.8500567078590393,0.5534800291061401,0.7893655300140381,0.6064940094947815,0.8270405530929565,0.6444583535194397,0.8794998526573181,0.4341123402118683,0.8668028712272644,0.45351189374923706,0.7164086103439331,0.4846079349517822,0.6254578828811646,0.5118215680122375,0.5495510101318359,0.4044424891471863,0.9242289066314697,0.3980007767677307,0.7779352068901062,0.4209904670715332,0.6926455497741699,0.4434319734573364,0.6162219047546387,0.38476383686065674,0.9984967708587646,0.3881308138370514,0.9364252090454102,0.409633606672287,0.8822317719459534,0.4368770122528076,0.8241622447967529,RESET
0.4769856035709381,1.1983616352081299,0.48830080032348633,1.1109908819198608,0.531999945640564,1.00471031665802,0.5896607041358948,0.9364606142044067,0.6466352939605713,0.8991010189056396,0.5573220252990723,0.9315579533576965,0.636326014995575,0.829243540763855,0.7048323154449463,0.7832865715026855,0.7654021978378296,0.7528249025344849,0.5818518996238708,0.948453962802887,0.6770935654640198,0.8464075326919556,0.7523941397666931,0.796855092048645,0.8191831111907959,0.7680480480194092,0.5982069373130798,0.9786832332611084,0.6748994588851929,0.8665357828140259,0.7423992156982422,0.8099464178085327,0.8013632893562317,0.7785869836807251,0.6027576327323914,1.0199929475784302,0.6560242772102356,0.9345463514328003,0.7007631063461304,0.8875806927680969,0.7395625710487366,0.8603280782699585,RESET
0.42943862080574036,1.173365592956543,0.5124270915985107,1.1866225004196167,0.5928436517715454,1.162423849105835,0.6548950672149658,1.133762240409851,0.7093372344970703,1.1045058965682983,0.6346200704574585,0.9910240769386292,0.7250664830207825,0.90343177318573,0.783393144607544,0.849927544593811,0.8342582583427429,0.8057820796966553,0.6008780002593994,0.9386255741119385,0.6990197896957397,0.8379248380661011,0.7680742740631104,0.7835677266120911,0.8315423727035522,0.7363075017929077,0.5459590554237366,0.9169216156005859,0.6081092953681946,0.7945538759231567,0.6549003720283508,0.723426103591919,0.7040340900421143,0.6655479669570923,0.4761572778224945,0.9201313853263855,0.4969741702079773,0.8117951154708862,0.5227240324020386,0.7429185509681702,0.5560714602470398,0.6788679957389832,RESET
0.8607903718948364,1.0078442096710205,0.8435443043708801,0.9431727528572083,0.7867428064346313,0.8885337114334106,0.7211378812789917,0.8718020915985107,0.6671231985092163,0.8734277486801147,0.7752060890197754,0.8581494092941284,0.7259213924407959,0.7881073951721191,0.6952520608901978,0.7610977292060852,0.660965085029602,0.7412652969360352,0.7411444783210754,0.8770644068717957,0.643299400806427,0.801849901676178,0.5713229179382324,0.7741231918334961,0.5073668956756592,0.7556330561637878,0.7184572815895081,0.9013675451278687,0.6326719522476196,0.8091392517089844,0.5644763112068176,0.7634333372116089,0.5048572421073914,0.7362289428710938,0.7088910341262817,0.9266275763511658,0.6570769548416138,0.8414376974105835,0.6293632984161377,0.7928349375724792,0.6061216592788696,0.7632253170013428,RESET
0.9116619229316711,1.0409424304962158,0.8325079679489136,1.0905674695968628,0.7387102246284485,1.1001313924789429,0.6784188747406006,1.0871870517730713,0.6370407342910767,1.0498613119125366,0.664221465587616,0.9673690795898438,0.6001690626144409,0.9761946201324463,0.5936706066131592,1.0142279863357544,0.5892212390899658,1.04913330078125,0.6815634369850159,0.8934550285339355,0.580414891242981,0.8252288103103638,0.5127143859863281,0.799346387386322,0.4479154646396637,0.7841569781303406,0.7263550162315369,0.8413501381874084,0.6306912899017334,0.7581835985183716,0.5617527365684509,0.7213921546936035,0.49383994936943054,0.7013635635375977,0.7909049987792969,0.8110594153404236,0.7354982495307922,0.7209346294403076,0.6876583099365234,0.672369122505188,0.6353672742843628,0.642918586730957,RESET
0.8277409076690674,1.215685248374939,0.7495020031929016,1.1797380447387695,0.6769416928291321,1.1201374530792236,0.6273770332336426,1.0700199604034424,0.5891363024711609,1.020917534828186,0.7042016983032227,0.9190568923950195,0.6495598554611206,0.8290438652038574,0.6221317052841187,0.8431106805801392,0.6138749718666077,0.8828564286231995,0.7601941823959351,0.8820496797561646,0.731762707233429,0.737324595451355,0.7171810865402222,0.6530483961105347,0.7109051942825317,0.5873604416847229,0.8214234113693237,0.885699987411499,0.8129193782806396,0.7479065656661987,0.8025819063186646,0.6592189073562622,0.7893457412719727,0.5860772132873535,0.8881034851074219,0.9263353943824768,0.9210761785507202,0.8296473026275635,0.9305939674377441,0.7623515725135803,0.934942901134491,0.7084038257598877,RESET
0.7937967777252197,1.115725040435791,0.7357147336006165,1.0830352306365967,0.6884623169898987,1.021200180053711,0.6518698930740356,0.9885183572769165,0.613222599029541,0.9717745780944824,0.7114147543907166,0.9458683133125305,0.6560783386230469,0.8814992904663086,0.6227788925170898,0.9045249223709106,0.6000396013259888,0.9358837604522705,0.7679866552352905,0.943264901638031,0.7450672388076782,0.8030556440353394,0.7280460596084595,0.7093024253845215,0.7147973775863647,0.6326748132705688,0.8228299021720886,0.976166844367981,0.8189725875854492,0.8459120392799377,0.8174341320991516,0.756649374961853,0.8157867193222046,0.6853322982788086,0.8744553327560425,1.0331951379776,0.9255009889602661,0.9573710560798645,0.9606314897537231,0.9083775281906128,0.9837040305137634,0.8700498938560486,RESET
0.3458641767501831,1.0549209117889404,0.3226981461048126,1.015221118927002,0.30281388759613037,0.957868754863739,0.28127509355545044,0.948177695274353,0.26384299993515015,0.9618805050849915,0.3587456941604614,0.841728687286377,0.3311585783958435,0.8221850991249084,0.3010861277580261,0.886181116104126,0.28055933117866516,0.9445178508758545,0.4021312892436981,0.8414230942726135,0.40793147683143616,0.7335100173950195,0.4138374626636505,0.664970874786377,0.42398467659950256,0.6016364097595215,0.4377039670944214,0.8786520957946777,0.46477100253105164,0.7735744118690491,0.48061805963516235,0.7036088705062866,0.49496495723724365,0.6394166946411133,0.46704214811325073,0.9398820400238037,0.5194501280784607,0.8756918907165527,0.5541622042655945,0.8381982445716858,0.5838282108306885,0.802869439125061,RESET
0.3737456798553467,1.0505573749542236,0.34303799271583557,1.0115504264831543,0.3186787962913513,0.9586675763130188,0.2962588965892792,0.9327166676521301,0.27177172899246216,0.926863968372345,0.3735208511352539,0.8074846267700195,0.3452565670013428,0.763931930065155,0.3198637068271637,0.8175768852233887,0.3069112300872803,0.8704515099525452,0.42309072613716125,0.796830415725708,0.4309699237346649,0.6794319152832031,0.4392052888870239,0.6032736301422119,0.45001351833343506,0.5268105268478394,0.4652029573917389,0.828027606010437,0.49287623167037964,0.7261848449707031,0.5107554793357849,0.6576761603355408,0.5240302085876465,0.5897966623306274,0.4994862675666809,0.8874812722206116,0.5505077242851257,0.8323935270309448,0.5822630524635315,0.7972028255462646,0.6085026264190674,0.762459397315979,RESET
0.3467513918876648,1.060541033744812,0.3120622932910919,1.0198827981948853,0.27852505445480347,0.9686865210533142,0.2477729618549347,0.9425941705703735,0.22973592579364777,0.920632541179657,0.33835211396217346,0.8031775951385498,0.3026510179042816,0.7698958516120911,0.2687108516693115,0.8291235566139221,0.24870307743549347,0.8856920599937439,0.3891802430152893,0.7931927442550659,0.3980928063392639,0.6750538349151611,0.4036696255207062,0.5907097458839417,0.4095306694507599,0.506879448890686,0.4332629144191742,0.8264309763908386,0.46294066309928894,0.7190446853637695,0.48102590441703796,0.6478760242462158,0.49265044927597046,0.5792712569236755,0.4668448567390442,0.8885232210159302,0.5211708545684814,0.8323147892951965,0.5573358535766602,0.7953193187713623,0.5880095958709717,0.7590693235397339,RESET
0.3505449891090393,1.0246505737304688,0.31143373250961304,0.98741215467453,0.27585768699645996,0.9458141922950745,0.2476196438074112,0.9187285304069519,0.2300761640071869,0.8821795582771301,0.33377689123153687,0.7890691757202148,0.2977331578731537,0.746414840221405,0.26863276958465576,0.7852044105529785,0.25437015295028687,0.830473005771637,0.3839276134967804,0.7782722115516663,0.3893660008907318,0.6618711948394775,0.39448243379592896,0.5802001953125,0.40215569734573364,0.49957016110420227,0.42915868759155273,0.8086662888526917,0.45491108298301697,0.7068593502044678,0.47063562273979187,0.6417864561080933,0.481876015663147,0.5789636969566345,0.4641420245170593,0.8672596216201782,0.513135552406311,0.8129529356956482,0.546730637550354,0.7774225473403931,0.5770931243896484,0.7421455383300781,RESET
0.34156060218811035,1.0225377082824707,0.2998743951320648,0.9826059937477112,0.2626979649066925,0.9362335801124573,0.23270033299922943,0.9072725176811218,0.2153749167919159,0.8722014427185059,0.32367902994155884,0.7784991264343262,0.2854354977607727,0.7341213822364807,0.25235074758529663,0.7749091386795044,0.2340097874403,0.8211306929588318,0.37257063388824463,0.769259512424469,0.3767108917236328,0.6494948863983154,0.38224565982818604,0.568085789680481,0.38957586884498596,0.49025267362594604,0.41687989234924316,0.7999823093414307,0.4392712116241455,0.695159912109375,0.453043669462204,0.6254598498344421,0.46209287643432617,0.558329701423645,0.45183396339416504,0.8594604134559631,0.5011941194534302,0.8017354011535645,0.5349582433700562,0.7646066546440125,0.5641451478004456,0.7273215055465698,RESET
0.2970048487186432,0.9809956550598145,0.2587444484233856,0.8831406831741333,0.23642180860042572,0.8029693961143494,0.20284686982631683,0.7502667903900146,0.17170757055282593,0.7069107890129089,0.319857120513916,0.7184940576553345,0.2737148404121399,0.6554431915283203,0.22177398204803467,0.6675624847412109,0.1859307885169983,0.6931384205818176,0.34286969900131226,0.7255474925041199,0.3639375567436218,0.609853208065033,0.3638174831867218,0.5255553722381592,0.36117124557495117,0.4514179825782776,0.35725319385528564,0.7612001895904541,0.40579476952552795,0.6626931428909302,0.422781765460968,0.5894640684127808,0.4328653812408447,0.5215535163879395,0.35754889249801636,0.815837025642395,0.4136011004447937,0.781135618686676,0.44615107774734497,0.743162214756012,0.47413283586502075,0.70242840051651,RESET
0.3341303765773773,1.029760718345642,0.311056911945343,0.9137555360794067,0.30292925238609314,0.8279115557670593,0.27922454476356506,0.7700531482696533,0.25086724758148193,0.724296510219574,0.38209906220436096,0.75963294506073,0.3460233211517334,0.673620343208313,0.2932858169078827,0.6773700714111328,0.2529313862323761,0.7001761198043823,0.39015278220176697,0.7749031186103821,0.4116814434528351,0.6439933776855469,0.4122697114944458,0.5612968802452087,0.41326069831848145,0.4915520250797272,0.3871820569038391,0.8140437006950378,0.4335038363933563,0.7026194334030151,0.4518888592720032,0.6284099221229553,0.46757882833480835,0.5608183741569519,0.37000706791877747,0.8641567826271057,0.4145476818084717,0.8160101771354675,0.4423672556877136,0.7743222713470459,0.46863579750061035,0.7293351888656616,RESET
0.3305012285709381,1.0373477935791016,0.3044441342353821,0.9220345616340637,0.29142338037490845,0.8342539668083191,0.2629378139972687,0.777039647102356,0.23033681511878967,0.7349802255630493,0.37018850445747375,0.7666566967964172,0.3271958529949188,0.6798557639122009,0.2716206908226013,0.6853765249252319,0.23002609610557556,0.7106692790985107,0.3776392340660095,0.7811217904090881,0.3883560597896576,0.6450315713882446,0.3851081430912018,0.5585825443267822,0.3845372200012207,0.485885351896286,0.3746601641178131,0.8198100924491882,0.41401875019073486,0.7028456330299377,0.43046897649765015,0.6274979114532471,0.44624704122543335,0.5582858324050903,0.3598974049091339,0.8711348176002502,0.40366968512535095,0.8232183456420898,0.43304213881492615,0.7856454849243164,0.4608243703842163,0.7438008785247803,RESET
0.33274948596954346,1.0339478254318237,0.3182600736618042,0.9134879112243652,0.3139069378376007,0.826055109500885,0.2912310063838959,0.7658306956291199,0.2611927390098572,0.7232693433761597,0.3836803436279297,0.7679699659347534,0.34640687704086304,0.6786119937896729,0.2927178144454956,0.6844146847724915,0.2506060302257538,0.7077993154525757,0.39037391543388367,0.7834662199020386,0.4098813533782959,0.6485129594802856,0.4097529351711273,0.563888430595398,0.40928521752357483,0.49501413106918335,0.38424354791641235,0.8241504430770874,0.4276030361652374,0.7040610313415527,0.44520068168640137,0.6298335790634155,0.4599725306034088,0.5665397644042969,0.36443084478378296,0.876798152923584,0.4049279987812042,0.8311393857002258,0.4321425259113312,0.7902483344078064,0.4571927785873413,0.7472755908966064,RESET
0.3760761618614197,1.0231090784072876,0.4276769161224365,0.9440523982048035,0.44812238216400146,0.8511602282524109,0.4306305944919586,0.7702295184135437,0.39879775047302246,0.7229329347610474,0.46978989243507385,0.8267304301261902,0.45008954405784607,0.6913172006607056,0.4303421080112457,0.6126829981803894,0.4133055508136749,0.5504738092422485,0.4374002516269684,0.8259981274604797,0.44136884808540344,0.6664745211601257,0.4399869441986084,0.5756040811538696,0.43860989809036255,0.5075219869613647,0.39254269003868103,0.8343981504440308,0.38464125990867615,0.6815003156661987,0.37644273042678833,0.5970481634140015,0.3756612241268158,0.532597005367279,0.3424087166786194,0.8498134016990662,0.30877184867858887,0.747869074344635,0.2845308780670166,0.6903176307678223,0.2657788395881653,0.6391388177871704,RESET
0.34177932143211365,1.0859107971191406,0.38705942034721375,0.97508305311203,0.38729894161224365,0.8711775541305542,0.34519079327583313,0.8002599477767944,0.2963671088218689,0.7609723210334778,0.4126453995704651,0.8353587985038757,0.3457145690917969,0.731934130191803,0.30164286494255066,0.75099116563797,0.2836490273475647,0.7833471894264221,0.3602834641933441,0.8504109382629395,0.33119648694992065,0.6681510806083679,0.30911141633987427,0.5729813575744629,0.29834994673728943,0.48668524622917175,0.30069366097450256,0.8801931142807007,0.2646492123603821,0.7129784822463989,0.237074613571167,0.6260449886322021,0.22229313850402832,0.5496782660484314,0.24450354278087616,0.9203307628631592,0.1952841877937317,0.817236602306366,0.16075123846530914,0.7722436189651489,0.1310569792985916,0.7203398942947388,RESET
0.3918270170688629,1.1956473588943481,0.43124744296073914,1.094630479812622,0.4290783703327179,0.9755622744560242,0.39259064197540283,0.880800187587738,0.34210771322250366,0.8317468166351318,0.4561930000782013,0.9628627896308899,0.4189555048942566,0.8254676461219788,0.3756445348262787,0.8198856711387634,0.34781375527381897,0.8302645087242126,0.41395875811576843,0.9585781097412109,0.40499424934387207,0.7548819780349731,0.39905881881713867,0.6419345140457153,0.3991251587867737,0.5499508380889893,0.3527366816997528,0.9743213057518005,0.3258696496486664,0.7825694680213928,0.31545984745025635,0.6730852127075195,0.3166884183883667,0.5840760469436646,0.2855297327041626,0.9992546439170837,0.23360195755958557,0.8745781779289246,0.1971038430929184,0.8022257685661316,0.16738839447498322,0.7341412901878357,RESET
0.36439430713653564,1.2487647533416748,0.4238651394844055,1.1510241031646729,0.4462257921695709,1.0397768020629883,0.432655394077301,0.9369074106216431,0.40661126375198364,0.8722413182258606,0.4513251781463623,0.9937126636505127,0.45442113280296326,0.8207095861434937,0.45276981592178345,0.7194709181785583,0.4499160647392273,0.6420038938522339,0.4052833318710327,0.990683913230896,0.4260164797306061,0.8069081902503967,0.4379369020462036,0.690446138381958,0.4471209645271301,0.5928232669830322,0.34079501032829285,1.01161527633667,0.3315044641494751,0.8422532081604004,0.3291451036930084,0.7246862053871155,0.33257022500038147,0.6305415630340576,0.26744338870048523,1.048232913017273,0.20792055130004883,0.9336981773376465,0.16369467973709106,0.8672922849655151,0.12729224562644958,0.8060031533241272,RESET
0.4611447751522064,1.3237409591674805,0.5193759202957153,1.2043646574020386,0.528130829334259,1.081661343574524,0.49531880021095276,0.9770299792289734,0.4570070505142212,0.8969630002975464,0.526294469833374,1.0337377786636353,0.5090837478637695,0.8281696438789368,0.48983073234558105,0.7054196000099182,0.4741247296333313,0.6087466478347778,0.46707719564437866,1.0343059301376343,0.46999648213386536,0.8063990473747253,0.46714043617248535,0.6708865761756897,0.4678526520729065,0.5538662672042847,0.3945152759552002,1.0619313716888428,0.3470315933227539,0.8588342666625977,0.32234349846839905,0.7189995050430298,0.3097864091396332,0.6102616786956787,0.3175491690635681,1.10658860206604,0.233833909034729,0.9753178358078003,0.18725082278251648,0.8913635015487671,0.1519802212715149,0.8191648721694946,RESET
0.5207858085632324,1.2304139137268066,0.4110446870326996,1.1493988037109375,0.2905784845352173,1.0265944004058838,0.191383957862854,0.9309492707252502,0.11536827683448792,0.8050932884216309,0.43492478132247925,0.9938642382621765,0.42550164461135864,0.7969515323638916,0.41252821683883667,0.6578498482704163,0.40602895617485046,0.5327688455581665,0.5231364369392395,0.9917911291122437,0.5485478639602661,0.7683004140853882,0.5503016710281372,0.6118943691253662,0.5491716265678406,0.46506309509277344,0.5778589248657227,0.9964697360992432,0.5790195465087891,0.7904819846153259,0.5682971477508545,0.5987347960472107,0.5579917430877686,0.4591001272201538,0.5955367088317871,1.0107976198196411,0.5626450777053833,0.8621378540992737,0.5376933813095093,0.7450335025787354,0.5124715566635132,0.6574470400810242,RESET
0.5337259769439697,1.0261626243591309,0.5623103976249695,0.9313669204711914,0.5473012328147888,0.8325802087783813,0.5070001482963562,0.759303092956543,0.4742071032524109,0.7031140327453613,0.5458658933639526,0.7942792177200317,0.5331578254699707,0.6657390594482422,0.5213524103164673,0.5850517749786377,0.5115842819213867,0.5244038105010986,0.5236085057258606,0.8194288611412048,0.5156393647193909,0.6802266240119934,0.5046495795249939,0.5940974354743958,0.4977789521217346,0.5201520919799805,0.49422574043273926,0.8708503842353821,0.49345266819000244,0.7541999816894531,0.4863538146018982,0.667167603969574,0.48156312108039856,0.593216598033905,0.4582658112049103,0.9331567287445068,0.41509729623794556,0.8819302916526794,0.38322532176971436,0.8413810729980469,0.3568761348724365,0.8050310015678406,RESET
0.506924033164978,1.1342120170593262,0.4602559804916382,1.0134488344192505,0.41902104020118713,0.9281664490699768,0.36986878514289856,0.879748523235321,0.3214578330516815,0.8239613175392151,0.5253968834877014,0.8312825560569763,0.4374959170818329,0.72318035364151,0.3659859299659729,0.7545332908630371,0.3167286515235901,0.7937340140342712,0.534735381603241,0.8588733673095703,0.47668522596359253,0.6789391040802002,0.442775696516037,0.5828962326049805,0.41602909564971924,0.4966941177845001,0.5223590731620789,0.9188060760498047,0.4929405748844147,0.7548017501831055,0.47883567214012146,0.6621782183647156,0.46873730421066284,0.5714439153671265,0.4927540123462677,0.984328031539917,0.475830078125,0.9125356078147888,0.46890389919281006,0.8531307578086853,0.4607028663158417,0.7800557017326355,RESET
0.5124783515930176,1.1784580945968628,0.4613129794597626,1.0449888706207275,0.429023802280426,0.9494112133979797,0.3846001625061035,0.8933238983154297,0.33290764689445496,0.8437554836273193,0.5405381321907043,0.859920859336853,0.4416545033454895,0.7471311688423157,0.37352094054222107,0.771033525466919,0.32591283321380615,0.814044713973999,0.5482032895088196,0.898446798324585,0.4950870871543884,0.6999647617340088,0.4522404670715332,0.6020435094833374,0.41339582204818726,0.5198029279708862,0.5372738838195801,0.9659373164176941,0.5161726474761963,0.7749668955802917,0.4912451505661011,0.6753432750701904,0.47170695662498474,0.5781235694885254,0.5084113478660583,1.0349570512771606,0.5035669803619385,0.9548055529594421,0.5004599094390869,0.8905568718910217,0.49560418725013733,0.8092343807220459,RESET
0.5411782264709473,1.1458206176757812,0.4746477007865906,1.009850025177002,0.4459637403488159,0.9322580695152283,0.4012504816055298,0.8813377022743225,0.35903531312942505,0.8227431178092957,0.5228309631347656,0.8180761933326721,0.440802663564682,0.7341893315315247,0.3904538154602051,0.7639271020889282,0.3540186285972595,0.8042597770690918,0.540999710559845,0.8560957908630371,0.5161044597625732,0.6814212799072266,0.4831162989139557,0.5893666744232178,0.45010265707969666,0.5128343105316162,0.5461395978927612,0.9243811964988708,0.5525563955307007,0.7472712993621826,0.536576509475708,0.6624255776405334,0.5185023546218872,0.5776761174201965,0.5376360416412354,0.9926187992095947,0.550620436668396,0.9384269714355469,0.5455328822135925,0.8855937719345093,0.5368056297302246,0.8166318535804749,RESET
0.5241281390190125,0.9577586650848389,0.546490490436554,0.9786866903305054,0.5658056139945984,0.9719936847686768,0.5837773084640503,0.9491918087005615,0.6164637804031372,0.9339877367019653,0.5595543384552002,0.8152318596839905,0.5462765097618103,0.7139227986335754,0.5356920957565308,0.648331880569458,0.5273279547691345,0.5906188488006592,0.5298988223075867,0.7839234471321106,0.4990501403808594,0.672250509262085,0.47921133041381836,0.59437096118927,0.46190953254699707,0.5266563892364502,0.5081019401550293,0.7766652703285217,0.47649258375167847,0.6865864992141724,0.455961674451828,0.6293928623199463,0.4414847493171692,0.581634521484375,0.4910406768321991,0.7820727229118347,0.4712648391723633,0.7151585221290588,0.45764559507369995,0.6752147674560547,0.4504270851612091,0.6424042582511902,RESET
0.5213342905044556,0.9706990718841553,0.5599527359008789,0.9923294186592102,0.5956710577011108,0.9820302128791809,0.6291090250015259,0.9555386900901794,0.6660961508750916,0.9337135553359985,0.5814250707626343,0.8353177905082703,0.5783700346946716,0.7328068017959595,0.5675204396247864,0.6605854034423828,0.5571485757827759,0.594008207321167,0.5371442437171936,0.8067030906677246,0.5194185972213745,0.6937616467475891,0.49827808141708374,0.6049509644508362,0.4792635142803192,0.5285693407058716,0.5033407807350159,0.8076084852218628,0.4588130712509155,0.7668681740760803,0.4076732397079468,0.782784104347229,0.3682347536087036,0.8006525039672852,0.47921478748321533,0.8284026384353638,0.4390653967857361,0.8106254935264587,0.40231192111968994,0.8274766206741333,0.3714578151702881,0.8453277349472046,RESET
0.48127612471580505,1.1549205780029297,0.4286681115627289,1.1075940132141113,0.39124107360839844,1.0237611532211304,0.3711943030357361,0.9783799648284912,0.3627323508262634,0.9587785601615906,0.448563814163208,0.848012387752533,0.40502095222473145,0.8045191764831543,0.3756569027900696,0.8795468807220459,0.3595415949821472,0.9532403349876404,0.5114353895187378,0.8332129716873169,0.5016875863075256,0.6843472123146057,0.5003006458282471,0.5851244926452637,0.505555272102356,0.48842883110046387,0.5702502131462097,0.8697473406791687,0.5904474258422852,0.7312222123146057,0.600889265537262,0.6393080949783325,0.6081077456474304,0.5514035820960999,0.6211659908294678,0.940753161907196,0.6815474033355713,0.8589315414428711,0.7211341261863708,0.808819055557251,0.7544761896133423,0.7578262090682983,RESET
0.4656788110733032,1.2080315351486206,0.41188889741897583,1.1636481285095215,0.3781644105911255,1.082202434539795,0.3681597113609314,1.0362071990966797,0.3728470206260681,1.0029995441436768,0.4386143386363983,0.8808536529541016,0.40254491567611694,0.8168895244598389,0.36326929926872253,0.886341392993927,0.3416903018951416,0.9533436298370361,0.5046709775924683,0.8603552579879761,0.49851927161216736,0.7071592807769775,0.48821011185646057,0.6054879426956177,0.48466962575912476,0.5052109956741333,0.562815248966217,0.8960804343223572,0.593070924282074,0.7532708644866943,0.604079008102417,0.6572628617286682,0.6096970438957214,0.566199779510498,0.6106610298156738,0.9697140455245972,0.6777265667915344,0.8839890360832214,0.7214820384979248,0.8282895088195801,0.756915807723999,0.7765674591064453,RESET
0.4645703136920929,1.2187212705612183,0.4098188281059265,1.1762638092041016,0.36798471212387085,1.0997861623764038,0.34758490324020386,1.057808756828308,0.34255558252334595,1.029456615447998,0.4376181364059448,0.891211211681366,0.39909517765045166,0.8294529318809509,0.35562360286712646,0.9014877676963806,0.33137139678001404,0.9698983430862427,0.5040512084960938,0.8713566064834595,0.4984757602214813,0.7186095714569092,0.48962798714637756,0.6170545220375061,0.4897747337818146,0.516289234161377,0.561825692653656,0.9071773886680603,0.592280924320221,0.7660442590713501,0.6069035530090332,0.6717519164085388,0.6176888942718506,0.5819388628005981,0.6089257001876831,0.9805535078048706,0.6772772073745728,0.8965643644332886,0.7247925400733948,0.8434836864471436,0.765038788318634,0.7928376793861389,RESET
0.4566771686077118,1.2053544521331787,0.398293673992157,1.1594470739364624,0.3588756024837494,1.077815055847168,0.340736985206604,1.0340427160263062,0.33889493346214294,1.004301905632019,0.4312906861305237,0.8840987682342529,0.3935924172401428,0.8292649984359741,0.35301902890205383,0.9010717868804932,0.3309228718280792,0.9661151170730591,0.49713611602783203,0.8665509223937988,0.489620566368103,0.7182828783988953,0.4798727035522461,0.6150363087654114,0.4798094630241394,0.5105406045913696,0.5551789999008179,0.9017640948295593,0.5832830667495728,0.762273907661438,0.5949795246124268,0.6662977337837219,0.6036444902420044,0.5754015445709229,0.6038045883178711,0.9723738431930542,0.6741123199462891,0.8903343081474304,0.7213123440742493,0.836837112903595,0.760677695274353,0.7866523861885071,RESET
0.45716094970703125,1.1598340272903442,0.41173622012138367,1.1193625926971436,0.38589200377464294,1.0441690683364868,0.38617074489593506,0.9918868541717529,0.39317238330841064,0.9567651152610779,0.42708659172058105,0.8756694197654724,0.4130318760871887,0.8208724856376648,0.41516512632369995,0.8885811567306519,0.42415183782577515,0.9485164880752563,0.49178802967071533,0.8532834649085999,0.49471014738082886,0.6942329406738281,0.5021486878395081,0.5983262062072754,0.5157283544540405,0.5007131099700928,0.5503332614898682,0.8809319734573364,0.5769970417022705,0.7332900762557983,0.5929625034332275,0.6345553398132324,0.6066965460777283,0.5370880365371704,0.6030643582344055,0.9433075785636902,0.666077733039856,0.8522891998291016,0.7107805609703064,0.7971559762954712,0.7502050399780273,0.7405748963356018,RESET
0.5516709089279175,1.1462615728378296,0.479462593793869,1.1173750162124634,0.43603819608688354,1.0552012920379639,0.4159048795700073,1.013427734375,0.3897949457168579,0.987127423286438,0.48297539353370667,0.9166749119758606,0.48742106556892395,0.7641905546188354,0.4929484724998474,0.6463683843612671,0.5098531246185303,0.5399570465087891,0.5462315082550049,0.9189601540565491,0.5474565029144287,0.7641972303390503,0.5588534474372864,0.6394604444503784,0.579904317855835,0.5068991184234619,0.6103742122650146,0.945074737071991,0.6249254941940308,0.823611855506897,0.6377873420715332,0.722098708152771,0.6594218015670776,0.6391899585723877,0.6726503372192383,0.9857569336891174,0.7365128993988037,0.8920166492462158,0.7800785899162292,0.8207055926322937,0.8162542581558228,0.7511662244796753,RESET
0.4747686982154846,1.0616356134414673,0.43936339020729065,0.995147705078125,0.43577465415000916,0.9077019691467285,0.46156179904937744,0.866247296333313,0.4969063103199005,0.8446131348609924,0.47710496187210083,0.8016393780708313,0.5169257521629333,0.6619470715522766,0.5480594038963318,0.5714412927627563,0.5744107961654663,0.49795427918434143,0.5145450830459595,0.8138166069984436,0.5325997471809387,0.6531568765640259,0.5526653528213501,0.5516736507415771,0.5740716457366943,0.4611022174358368,0.5552525520324707,0.8505229949951172,0.572070300579071,0.7074613571166992,0.5926406383514404,0.6122050285339355,0.6083667874336243,0.5291738510131836,0.5985280871391296,0.9081339836120605,0.6431949734687805,0.8176602125167847,0.6684760451316833,0.7558280229568481,0.6860965490341187,0.6971591711044312,RESET
0.5721651911735535,1.0623794794082642,0.6638877391815186,1.0461126565933228,0.7432303428649902,0.9863148927688599,0.8169840574264526,0.9668348431587219,0.8929083943367004,0.9544060826301575,0.6731063723564148,0.7714706659317017,0.6998337507247925,0.6425120830535889,0.7397248148918152,0.5605751872062683,0.7819743156433105,0.5057703256607056,0.6492785215377808,0.753557026386261,0.6862192749977112,0.6021311283111572,0.7442449331283569,0.500460147857666,0.8034927845001221,0.43487951159477234,0.6212806701660156,0.7610887885093689,0.7076331377029419,0.6744569540023804,0.7803210020065308,0.6754958629608154,0.8378175497055054,0.691888689994812,0.6058021783828735,0.7910166382789612,0.7040510177612305,0.759162187576294,0.7806267738342285,0.8026106357574463,0.8385847806930542,0.8610231876373291,RESET
0.57181715965271,0.8985598683357239,0.6504900455474854,0.9242810010910034,0.7365257143974304,0.9150862693786621,0.8180321455001831,0.9160211682319641,0.8783748149871826,0.8799653649330139,0.6880409717559814,0.6753125190734863,0.8084185123443604,0.6678864359855652,0.849301815032959,0.7328903675079346,0.8587369918823242,0.8091251850128174,0.6699041128158569,0.6314007639884949,0.7567722201347351,0.5218247175216675,0.8266270160675049,0.45588576793670654,0.8850475549697876,0.41095173358917236,0.6489234566688538,0.6312901973724365,0.7023422122001648,0.512683629989624,0.7509036660194397,0.4393332898616791,0.7978978157043457,0.3851459324359894,0.6289207339286804,0.6605101227760315,0.6256958842277527,0.5803103446960449,0.6258715987205505,0.5203394293785095,0.6295379400253296,0.4715399742126465,RESET
0.5698756575584412,0.8062638640403748,0.6310535669326782,0.7829768657684326,0.6898807883262634,0.7648875117301941,0.741051435470581,0.7865360975265503,0.7806687951087952,0.8153775930404663,0.6790980696678162,0.6294026374816895,0.7362106442451477,0.5440893769264221,0.7775729298591614,0.4923095107078552,0.8140285611152649,0.4525744915008545,0.6588226556777954,0.6244308948516846,0.7287235260009766,0.5450210571289062,0.7778059244155884,0.49595320224761963,0.8195269107818604,0.4545746445655823,0.6251749396324158,0.6410751342773438,0.6669672131538391,0.5515127778053284,0.6999472379684448,0.490340918302536,0.7333649396896362,0.43771636486053467,0.5871083736419678,0.6760491728782654,0.5833740830421448,0.6155502796173096,0.5817086696624756,0.5668014287948608,0.5837947726249695,0.5203615427017212,RESET
0.49495965242385864,0.8951685428619385,0.5440937876701355,0.8369711637496948,0.5869868397712708,0.7695725560188293,0.6191951632499695,0.716041088104248,0.643984317779541,0.6694580912590027,0.5766662359237671,0.6678979396820068,0.6082782745361328,0.5452812910079956,0.6405859589576721,0.4721962809562683,0.6711183190345764,0.4121827483177185,0.5426899790763855,0.6641831398010254,0.6011242866516113,0.5385013818740845,0.6588386297225952,0.4674379229545593,0.7110751867294312,0.4153660237789154,0.5048370361328125,0.6866164207458496,0.5831175446510315,0.6646502017974854,0.6383134722709656,0.6777072548866272,0.6781423091888428,0.6835182309150696,0.47548994421958923,0.7264032363891602,0.5165073871612549,0.6561816930770874,0.5422834753990173,0.6140731573104858,0.5541980862617493,0.579432487487793,RESET
0.4978056252002716,1.0944218635559082,0.4477735161781311,1.1010483503341675,0.394216388463974,1.0702943801879883,0.37537622451782227,1.0457178354263306,0.36846691370010376,1.0222792625427246,0.3785299062728882,0.8739224076271057,0.35462141036987305,0.8072173595428467,0.37634700536727905,0.8728181719779968,0.39666274189949036,0.9350817799568176,0.43013083934783936,0.8273393511772156,0.39856600761413574,0.6752771735191345,0.38422486186027527,0.5787175297737122,0.3743876814842224,0.4854998290538788,0.48859983682632446,0.8281142711639404,0.4647068381309509,0.6869373321533203,0.45316725969314575,0.5923649668693542,0.44266122579574585,0.5065452456474304,0.55592280626297,0.8585663437843323,0.5740622282028198,0.7456480264663696,0.5916310548782349,0.681920051574707,0.6044860482215881,0.6308467388153076,RESET
0.49353906512260437,1.1793296337127686,0.4391016960144043,1.174872875213623,0.3797784447669983,1.1269718408584595,0.3448283076286316,1.0969809293746948,0.32424601912498474,1.0731359720230103,0.3819963037967682,0.9070805311203003,0.35426589846611023,0.8461064696311951,0.36986392736434937,0.9286261796951294,0.3864426016807556,1.0053198337554932,0.43701133131980896,0.8536785244941711,0.405742883682251,0.6909875869750977,0.3920794725418091,0.5859544277191162,0.382004052400589,0.47899678349494934,0.49762099981307983,0.853751003742218,0.4812062978744507,0.7079802751541138,0.4684060513973236,0.605803370475769,0.4551146328449249,0.5091367959976196,0.5638856291770935,0.888486921787262,0.5964458584785461,0.7777533531188965,0.6210991144180298,0.7092306017875671,0.6415441036224365,0.6482570171356201,RESET
0.500339150428772,1.1907490491867065,0.44507473707199097,1.188034176826477,0.38527774810791016,1.1328500509262085,0.3605278432369232,1.0807746648788452,0.3498707711696625,1.0334497690200806,0.3807949721813202,0.9083373546600342,0.35283711552619934,0.8383491039276123,0.37051188945770264,0.9198036789894104,0.3895616829395294,1.0000653266906738,0.4361444413661957,0.8515108227729797,0.4065246880054474,0.688585638999939,0.3957529067993164,0.5871474146842957,0.3864031434059143,0.4828181564807892,0.4971158504486084,0.8509356379508972,0.48357900977134705,0.7054662108421326,0.47652164101600647,0.6044848561286926,0.4653445780277252,0.5057508945465088,0.5648281574249268,0.8864002823829651,0.5998384952545166,0.7778730988502502,0.6267218589782715,0.7093135118484497,0.646664023399353,0.6455907821655273,RESET
0.4559207558631897,1.0959274768829346,0.3655663728713989,1.0479004383087158,0.2877919673919678,0.9812911748886108,0.21818327903747559,0.9465924501419067,0.15490290522575378,0.9077458381652832,0.35291436314582825,0.793187141418457,0.2754259407520294,0.7311304211616516,0.2144608497619629,0.787283182144165,0.1771053671836853,0.8501524925231934,0.39963093400001526,0.7780612111091614,0.37195730209350586,0.6088684797286987,0.3504304587841034,0.498538076877594,0.3341568410396576,0.4006071984767914,0.4513222873210907,0.8125470280647278,0.4505651593208313,0.6562256813049316,0.44510939717292786,0.5561107993125916,0.4339749813079834,0.4590911269187927,0.5019690990447998,0.8833432793617249,0.5424113273620605,0.7874147891998291,0.5637760162353516,0.7108885645866394,0.5780127048492432,0.630439043045044,RESET
0.4428231716156006,1.1161293983459473,0.35378050804138184,1.0758888721466064,0.2695063352584839,1.0153870582580566,0.1871732622385025,0.9918445348739624,0.11785714328289032,0.965113639831543,0.3201201558113098,0.821933388710022,0.2313561737537384,0.7644503712654114,0.17404495179653168,0.8347723484039307,0.1427827626466751,0.906660795211792,0.3686234652996063,0.8078646063804626,0.33292239904403687,0.6391453742980957,0.3061378002166748,0.5268176794052124,0.2856902480125427,0.41814690828323364,0.421922504901886,0.8425255417823792,0.4208777844905853,0.6868559718132019,0.4117066562175751,0.585216760635376,0.3938412368297577,0.482713520526886,0.4758174419403076,0.9145501852035522,0.5231797695159912,0.8218632936477661,0.5471506118774414,0.7454628348350525,0.5596811175346375,0.6631944179534912,RESET
0.36867204308509827,1.0018548965454102,0.32656171917915344,0.9278525114059448,0.3030569851398468,0.8546507954597473,0.26071617007255554,0.8106873035430908,0.21647797524929047,0.7617617845535278,0.40124306082725525,0.7292356491088867,0.3174717128276825,0.6536365151405334,0.2529487907886505,0.6932731866836548,0.21282976865768433,0.7425211668014526,0.4098356366157532,0.7256381511688232,0.3808383047580719,0.5789996385574341,0.35324856638908386,0.4788248538970947,0.33060282468795776,0.40271008014678955,0.4045308828353882,0.7423246502876282,0.40517789125442505,0.5936786532402039,0.3938484489917755,0.4951072633266449,0.3851432800292969,0.41554948687553406,0.38718968629837036,0.76377272605896,0.4039386510848999,0.6531458497047424,0.41008907556533813,0.5688425302505493,0.4125435948371887,0.4925893247127533,RESET
0.40464168787002563,1.124632716178894,0.4693959951400757,1.016684889793396,0.4845672845840454,0.8864219784736633,0.45908546447753906,0.7826316952705383,0.41383442282676697,0.7249627113342285,0.4985922873020172,0.8441991806030273,0.45288535952568054,0.6648635864257812,0.4067521095275879,0.5744385123252869,0.375154972076416,0.5080479383468628,0.4592013955116272,0.8644450306892395,0.4406411051750183,0.653989315032959,0.42130815982818604,0.5270744562149048,0.4100048840045929,0.4212416112422943,0.39694613218307495,0.9039909839630127,0.3963961601257324,0.7122249007225037,0.3926601707935333,0.5832587480545044,0.39598003029823303,0.4740685820579529,0.3247065842151642,0.9464865326881409,0.271624892950058,0.83460533618927,0.2324453890323639,0.7622212171554565,0.201668843626976,0.6889604926109314,RESET
0.42187246680259705,1.1342700719833374,0.4767378270626068,1.01969313621521,0.4714733362197876,0.8837950229644775,0.43597936630249023,0.7805533409118652,0.39045587182044983,0.7280169725418091,0.48898229002952576,0.845787525177002,0.44331076741218567,0.6617410778999329,0.39854195713996887,0.5882402062416077,0.37242892384529114,0.5373092889785767,0.45028162002563477,0.8675241470336914,0.42929962277412415,0.6447166800498962,0.40898656845092773,0.5171574354171753,0.3986221253871918,0.4114503860473633,0.38931745290756226,0.9081030488014221,0.3863426148891449,0.709312915802002,0.38078606128692627,0.57514888048172,0.381696879863739,0.45911914110183716,0.318008154630661,0.952565610408783,0.25808221101760864,0.8420577645301819,0.21326400339603424,0.7728143930435181,0.1761026680469513,0.7003539204597473,RESET
0.3929505944252014,1.111644983291626,0.44469064474105835,0.9996476173400879,0.4465065002441406,0.8820742964744568,0.41983622312545776,0.7958272099494934,0.374720960855484,0.7529845833778381,0.47887587547302246,0.8176681399345398,0.4216926097869873,0.683929443359375,0.36942893266677856,0.7001956701278687,0.33885613083839417,0.7267336845397949,0.44848278164863586,0.8228166103363037,0.43659642338752747,0.6238203048706055,0.41697025299072266,0.5154789090156555,0.4063492715358734,0.42269501090049744,0.3957987129688263,0.8543634414672852,0.4048928916454315,0.6650125980377197,0.4013220965862274,0.5443717837333679,0.4074741303920746,0.44502192735671997,0.3314424157142639,0.8921999335289001,0.30289268493652344,0.7838168740272522,0.2792275846004486,0.7190431356430054,0.26124775409698486,0.655988872051239,RESET
0.38317298889160156,1.000038504600525,0.31662654876708984,0.8925246000289917,0.2755645513534546,0.8012776374816895,0.22900426387786865,0.740715742111206,0.19257928431034088,0.6750069260597229,0.38419798016548157,0.6654930114746094,0.3221816122531891,0.5868934392929077,0.26011034846305847,0.6051030158996582,0.22022904455661774,0.6414854526519775,0.41323795914649963,0.6654548645019531,0.4142266809940338,0.5142996311187744,0.3958337604999542,0.4182795286178589,0.3796481192111969,0.33515027165412903,0.43865248560905457,0.6959522366523743,0.4632543921470642,0.5564776659011841,0.4602469503879547,0.4639388918876648,0.45643383264541626,0.37964868545532227,0.4534429907798767,0.7465308308601379,0.49736273288726807,0.6527776122093201,0.5173149108886719,0.579410195350647,0.5339076519012451,0.5066282749176025,RESET
0.383413702249527,1.0271233320236206,0.31853342056274414,0.9229654669761658,0.27623099088668823,0.8270476460456848,0.22919674217700958,0.7627044916152954,0.19034184515476227,0.7000521421432495,0.380702942609787,0.6843957304954529,0.3184788227081299,0.6016494631767273,0.2560601830482483,0.6236171126365662,0.21690571308135986,0.6666184663772583,0.4131008982658386,0.6808255314826965,0.4155539870262146,0.5265234112739563,0.3994830548763275,0.43157249689102173,0.3844406008720398,0.3494269847869873,0.4417101740837097,0.7120670676231384,0.46641403436660767,0.5748899579048157,0.46590766310691833,0.47860559821128845,0.4629802703857422,0.389494925737381,0.45898452401161194,0.7717636227607727,0.5061968564987183,0.6834936738014221,0.5264944434165955,0.6127541661262512,0.5419566035270691,0.5429990291595459,RESET
0.37978416681289673,0.9927199482917786,0.3098319172859192,0.8816488981246948,0.26905059814453125,0.7942578792572021,0.22022120654582977,0.7397755980491638,0.1812216341495514,0.6854726672172546,0.3546203076839447,0.6594247221946716,0.29351675510406494,0.5921565890312195,0.23559820652008057,0.6169775724411011,0.20142467319965363,0.6579803228378296,0.3723836839199066,0.6573762893676758,0.36651918292045593,0.5181503295898438,0.34209999442100525,0.4364478290081024,0.3215007483959198,0.3688086271286011,0.39186331629753113,0.6818853616714478,0.41437432169914246,0.5508391261100769,0.40830400586128235,0.466483473777771,0.4005114436149597,0.3917115330696106,0.4055362343788147,0.7241190075874329,0.4485643804073334,0.6342905759811401,0.462355375289917,0.564258337020874,0.47086846828460693,0.49589669704437256,RESET
0.3833332359790802,0.9457954168319702,0.319050669670105,0.8617679476737976,0.2795155346393585,0.7863000631332397,0.23371659219264984,0.7394675612449646,0.19980710744857788,0.6880184412002563,0.3577781021595001,0.6557535529136658,0.30334344506263733,0.5949406027793884,0.25123926997184753,0.6176467537879944,0.22152447700500488,0.6560248136520386,0.3790261149406433,0.6481727361679077,0.369939923286438,0.527938961982727,0.3463451862335205,0.45286262035369873,0.325650691986084,0.3898097276687622,0.3990744948387146,0.6660399436950684,0.4140128493309021,0.5506243705749512,0.40534669160842896,0.4722270369529724,0.39468860626220703,0.4021538496017456,0.4119316637516022,0.7027207612991333,0.4478866755962372,0.6224246621131897,0.4593373239040375,0.5576124787330627,0.46615198254585266,0.49468526244163513,RESET
0.3776177167892456,0.6694938540458679,0.3610441982746124,0.6599748730659485,0.3364519476890564,0.6541309952735901,0.30254942178726196,0.6690916419029236,0.27409279346466064,0.6892305612564087,0.37223851680755615,0.5606093406677246,0.3644619584083557,0.5027908086776733,0.3563031554222107,0.4600457549095154,0.3492177128791809,0.4228653311729431,0.37248682975769043,0.5523400902748108,0.36092525720596313,0.49284619092941284,0.35087308287620544,0.44851773977279663,0.34348806738853455,0.41271787881851196,0.36914491653442383,0.5531049966812134,0.3521125614643097,0.5030122995376587,0.3421187698841095,0.4656751751899719,0.3351086974143982,0.436174601316452,0.36282017827033997,0.5605693459510803,0.34679388999938965,0.531578004360199,0.3370570242404938,0.5111010074615479,0.33013275265693665,0.4956837594509125,RESET
0.42198261618614197,0.9620640873908997,0.4495031535625458,0.8545061349868774,0.44161543250083923,0.777679443359375,0.4179399311542511,0.7256205677986145,0.38410624861717224,0.7012971639633179,0.45978212356567383,0.7291805744171143,0.4123755693435669,0.6526280641555786,0.37027424573898315,0.6323323249816895,0.33999496698379517,0.6264246702194214,0.43691134452819824,0.7138936519622803,0.4184891879558563,0.5759297609329224,0.39581170678138733,0.5053282976150513,0.37703800201416016,0.45581087470054626,0.3992849290370941,0.7238133549690247,0.3943723142147064,0.5760027170181274,0.3832508623600006,0.5037719011306763,0.3763573169708252,0.4508020281791687,0.3509727120399475,0.7503267526626587,0.32648617029190063,0.6469494104385376,0.3074721693992615,0.589974045753479,0.28906944394111633,0.5399673581123352,RESET
0.4212424159049988,1.0836725234985352,0.4809008836746216,0.9932917356491089,0.4972934126853943,0.8780440092086792,0.4716147482395172,0.788620114326477,0.43149086833000183,0.7445422410964966,0.49595293402671814,0.8111552000045776,0.465617835521698,0.6566613912582397,0.4363822340965271,0.5651274919509888,0.4103494882583618,0.4975452721118927,0.45699018239974976,0.8132454752922058,0.4479249119758606,0.6368842720985413,0.43032512068748474,0.5300624370574951,0.4130341708660126,0.44646376371383667,0.4017065465450287,0.8365671038627625,0.40271657705307007,0.6694204211235046,0.3973042368888855,0.5593265891075134,0.3944365382194519,0.4743383824825287,0.3342924118041992,0.8721761107444763,0.29316025972366333,0.757878303527832,0.2621247172355652,0.6832455396652222,0.23705121874809265,0.6178901791572571,RESET
0.41405510902404785,1.1114758253097534,0.47853758931159973,0.9901063442230225,0.4818546175956726,0.8464632630348206,0.4499600827693939,0.7348483800888062,0.4125596880912781,0.6703434586524963,0.47643333673477173,0.7866178750991821,0.4462054967880249,0.5869641304016113,0.425159215927124,0.47310197353363037,0.4070565700531006,0.3858184516429901,0.4390855133533478,0.8074463605880737,0.42691609263420105,0.5929409265518188,0.4114338457584381,0.46886327862739563,0.3981289565563202,0.37011638283729553,0.37937894463539124,0.8466991782188416,0.37551143765449524,0.6548395752906799,0.37339794635772705,0.5217424631118774,0.375105082988739,0.4154255986213684,0.302353173494339,0.8946169018745422,0.24419814348220825,0.7584213018417358,0.20446693897247314,0.6659639477729797,0.1710623949766159,0.5807564854621887,RESET
0.30980557203292847,1.0994242429733276,0.23914793133735657,1.0091500282287598,0.1919974535703659,0.9029099941253662,0.14360815286636353,0.8211753368377686,0.11436396837234497,0.7380563020706177,0.32541120052337646,0.7231360077857971,0.26870250701904297,0.616540253162384,0.2017274796962738,0.6326947808265686,0.15897896885871887,0.6794600486755371,0.3816888928413391,0.7108673453330994,0.3806818127632141,0.5248263478279114,0.36269137263298035,0.40137791633605957,0.3485039174556732,0.2926921844482422,0.4352915585041046,0.7482187747955322,0.4538922905921936,0.5758563876152039,0.4514971673488617,0.4625518023967743,0.4477460980415344,0.3603130280971527,0.47718673944473267,0.8219195604324341,0.5326629877090454,0.7058268189430237,0.563764750957489,0.6190284490585327,0.5876120924949646,0.5359535813331604,RESET
0.14381814002990723,0.8405190706253052,0.1381319910287857,0.8558889031410217,0.13000157475471497,0.8660014271736145,0.1287125051021576,0.8674301505088806,0.1320819854736328,0.8634718060493469,0.11694033443927765,0.8490422368049622,0.1107306107878685,0.8465926647186279,0.11818642914295197,0.8487658500671387,0.12596085667610168,0.8517032861709595,0.12000533938407898,0.8330177664756775,0.11264150589704514,0.8280908465385437,0.12128618359565735,0.8341402411460876,0.129177987575531,0.8408000469207764,0.1262773722410202,0.8212307691574097,0.12405654042959213,0.8184428215026855,0.13221848011016846,0.826698362827301,0.13859359920024872,0.8347803354263306,0.13517001271247864,0.8125095367431641,0.13850143551826477,0.8130294680595398,0.14412418007850647,0.8217451572418213,0.14844900369644165,0.8300788402557373,Happy
0.10447952896356583,0.9529012441635132,0.08781258761882782,0.9473111629486084,0.06945475935935974,0.9458996653556824,0.055949270725250244,0.952972412109375,0.045710284262895584,0.9599847793579102,0.07108662277460098,0.9260812401771545,0.05588151514530182,0.9317768812179565,0.048152074217796326,0.9395725131034851,0.04309060424566269,0.9469651579856873,0.07678451389074326,0.9307103157043457,0.06173133850097656,0.9351151585578918,0.05326370149850845,0.9422928690910339,0.047195762395858765,0.9494680166244507,0.08385004103183746,0.9388047456741333,0.07136179506778717,0.9434909820556641,0.06371667236089706,0.9492305517196655,0.05748758092522621,0.9542826414108276,0.09120481461286545,0.9492546319961548,0.08249451220035553,0.9554963111877441,0.0776531919836998,0.9594072103500366,0.07377652823925018,0.9629207849502563,Happy
0.1338089257478714,0.8606399297714233,0.1411031037569046,0.8516800999641418,0.1481705605983734,0.8451098203659058,0.1549336165189743,0.8447028398513794,0.1609533727169037,0.8478724956512451,0.13437892496585846,0.8303403258323669,0.13721314072608948,0.8303147554397583,0.14375998079776764,0.8388574123382568,0.14922882616519928,0.8466418385505676,0.1251605749130249,0.8391887545585632,0.1278061717748642,0.839464008808136,0.13617226481437683,0.849298894405365,0.14228954911231995,0.8576194643974304,0.11841291934251785,0.8505141139030457,0.11784526705741882,0.8491535782814026,0.1255771666765213,0.8565254211425781,0.13102002441883087,0.8628454804420471,0.11428508162498474,0.8629090785980225,0.11542126536369324,0.8652485013008118,0.1215728223323822,0.8685353994369507,0.1259278655052185,0.8708764910697937,Happy
0.1315324455499649,0.8421012759208679,0.14059121906757355,0.8392801880836487,0.14939188957214355,0.8376677632331848,0.1573527306318283,0.8417105078697205,0.160894513130188,0.8483912944793701,0.13500912487506866,0.8291535973548889,0.13873104751110077,0.8333394527435303,0.1453494131565094,0.8416643738746643,0.1507205218076706,0.8485041260719299,0.12622305750846863,0.8381303548812866,0.1268048733472824,0.8397901058197021,0.1345958262681961,0.8479921221733093,0.140999436378479,0.8544802665710449,0.11949194967746735,0.8490482568740845,0.11530511826276779,0.8482756018638611,0.1229008361697197,0.8540914058685303,0.1300477236509323,0.8593125939369202,0.11557108163833618,0.8610161542892456,0.11293921619653702,0.8649714589118958,0.11831522732973099,0.8682711720466614,0.12362965196371078,0.8711323738098145,Happy
0.12302542477846146,0.8230214715003967,0.13362862169742584,0.8260199427604675,0.14561980962753296,0.8333203792572021,0.154599130153656,0.842640221118927,0.16104558110237122,0.8501384258270264,0.13166262209415436,0.8264039158821106,0.13677124679088593,0.8337357640266418,0.14347867667675018,0.8415607213973999,0.1492263823747635,0.8482214212417603,0.12464247643947601,0.833722710609436,0.1279723048210144,0.8396303653717041,0.13589151203632355,0.8483438491821289,0.14219658076763153,0.8550834059715271,0.11917732656002045,0.8415828347206116,0.11846114695072174,0.846261203289032,0.12632375955581665,0.8533245921134949,0.13281691074371338,0.8586844205856323,0.11554933339357376,0.8494943380355835,0.11528418213129044,0.8576112985610962,0.12104479968547821,0.8622004985809326,0.126141756772995,0.865717887878418,Happy
0.1389886736869812,0.8808788657188416,0.14579620957374573,0.8726844191551208,0.15093697607517242,0.8613230586051941,0.156131312251091,0.8548604846000671,0.16094571352005005,0.8513065576553345,0.1376543939113617,0.8408017158508301,0.1381443440914154,0.8297150135040283,0.14501190185546875,0.8369019031524658,0.1497899293899536,0.8458226919174194,0.12916924059391022,0.8471335768699646,0.12692810595035553,0.8371890187263489,0.13543176651000977,0.8473317623138428,0.1408841609954834,0.8567270040512085,0.1225709393620491,0.8568705916404724,0.11595160514116287,0.8465152382850647,0.12405647337436676,0.8530085682868958,0.1296881139278412,0.8603032827377319,0.11790195107460022,0.8692371845245361,0.11340300738811493,0.8636012673377991,0.119434654712677,0.8658348917961121,0.12410866469144821,0.8693358898162842,Happy
0.13747894763946533,0.8854693174362183,0.14355267584323883,0.8761221170425415,0.1486804336309433,0.8632603883743286,0.15359383821487427,0.8546358346939087,0.160061314702034,0.8500936627388,0.13656918704509735,0.8479115962982178,0.13654986023902893,0.835318922996521,0.1434175670146942,0.8389989137649536,0.1487257331609726,0.8456636667251587,0.12959817051887512,0.8525251746177673,0.12696054577827454,0.8404373526573181,0.13508392870426178,0.846697211265564,0.14025159180164337,0.8545356392860413,0.12392521649599075,0.8599905967712402,0.11893147230148315,0.8489028215408325,0.12585380673408508,0.8530785441398621,0.13038308918476105,0.8593568801879883,0.11949115991592407,0.869717001914978,0.11559638381004333,0.8621931076049805,0.12107084691524506,0.8634887337684631,0.1256994754076004,0.8675205707550049,Happy
0.10718794167041779,0.9653668999671936,0.09258731454610825,0.9566537737846375,0.07446897029876709,0.9542078375816345,0.060879677534103394,0.9591788053512573,0.05170329287648201,0.9677819609642029,0.07367228716611862,0.943615198135376,0.05874723941087723,0.9495741128921509,0.0512881763279438,0.9575278162956238,0.04644540697336197,0.9644399285316467,0.07813997566699982,0.9510653018951416,0.06399811059236526,0.9575130939483643,0.05604066699743271,0.9649384021759033,0.050691407173871994,0.9706590175628662,0.0838763564825058,0.9611101746559143,0.07088173925876617,0.9673656821250916,0.06262513250112534,0.9741142988204956,0.05648394674062729,0.9783956408500671,0.08989690244197845,0.9721881747245789,0.07974214851856232,0.9787713885307312,0.07336998730897903,0.9830884337425232,0.06863940507173538,0.9864298701286316,Happy
0.13730818033218384,0.8834214806556702,0.14361582696437836,0.8759952187538147,0.14858773350715637,0.8632023334503174,0.15414638817310333,0.8553557991981506,0.1604650765657425,0.8520707488059998,0.1377660483121872,0.8431580066680908,0.14072196185588837,0.8336639404296875,0.14742060005664825,0.8411739468574524,0.15174198150634766,0.8503924608230591,0.1299305558204651,0.847141444683075,0.13109692931175232,0.8382730484008789,0.1380292922258377,0.8472219109535217,0.14219072461128235,0.856619119644165,0.1236533522605896,0.8552784323692322,0.12046978622674942,0.8459175825119019,0.12726594507694244,0.8524885177612305,0.1320793181657791,0.8603796362876892,0.11891592293977737,0.8667840361595154,0.11572545021772385,0.8613821864128113,0.1212509498000145,0.8633849620819092,0.12619084119796753,0.867297887802124,Happy
0.14093303680419922,0.8797520399093628,0.14618803560733795,0.8719034194946289,0.14982235431671143,0.8595872521400452,0.1543704718351364,0.8523218631744385,0.161603182554245,0.8487178087234497,0.13854916393756866,0.8420459032058716,0.13871648907661438,0.832398533821106,0.14428022503852844,0.8382960557937622,0.14917336404323578,0.8454927802085876,0.13091087341308594,0.8474636673927307,0.12964634597301483,0.8381537795066833,0.13709941506385803,0.8461682796478271,0.1423746794462204,0.8542810082435608,0.1247517466545105,0.8561046123504639,0.11915940791368484,0.8448933959007263,0.12549027800559998,0.8502216935157776,0.13022807240486145,0.857138991355896,0.12005741149187088,0.8678601384162903,0.11522144079208374,0.8611499071121216,0.12036719918251038,0.8633423447608948,0.12495056539773941,0.8677076101303101,Happy
0.14412695169448853,0.8734020590782166,0.13911134004592896,0.8796666264533997,0.13578438758850098,0.8773796558380127,0.13776110112667084,0.8703795075416565,0.14089690148830414,0.8661485314369202,0.12401514500379562,0.8549031615257263,0.11805994063615799,0.8440933227539062,0.1226666122674942,0.8478513956069946,0.12693198025226593,0.8538048267364502,0.12924614548683167,0.8448922038078308,0.12774719297885895,0.8367534279823303,0.1363423466682434,0.8465936779975891,0.14143134653568268,0.856025218963623,0.1355365663766861,0.8387852907180786,0.1351282000541687,0.8319869041442871,0.14218884706497192,0.841434895992279,0.14635540544986725,0.8511757850646973,0.1417137086391449,0.8347828388214111,0.14271923899650574,0.8290917277336121,0.1475723534822464,0.8355973958969116,0.1506754457950592,0.8441718816757202,Happy
0.22701962292194366,1.0632635354995728,0.2857699692249298,1.0019422769546509,0.3056645095348358,0.9113559722900391,0.2946375012397766,0.8253393769264221,0.27905601263046265,0.7634536027908325,0.3039242923259735,0.905500054359436,0.32470911741256714,0.7749946117401123,0.3237486481666565,0.6953102946281433,0.3207171559333801,0.6318670511245728,0.2504347562789917,0.9057108759880066,0.2483849972486496,0.7546773552894592,0.24576397240161896,0.6627044677734375,0.24579766392707825,0.5931042432785034,0.1960703730583191,0.9199516177177429,0.19074606895446777,0.7736614346504211,0.19166144728660583,0.68829745054245,0.19513019919395447,0.6250259876251221,0.14839863777160645,0.9399591088294983,0.1245870441198349,0.8486506342887878,0.11314071714878082,0.7881965637207031,0.10841332376003265,0.7353851795196533,Happy
0.10124336928129196,0.9549539685249329,0.08965066075325012,0.9383078813552856,0.07568959891796112,0.928554892539978,0.06342343240976334,0.9251075387001038,0.053642742335796356,0.9254822731018066,0.07413453608751297,0.928902804851532,0.05873655900359154,0.9204486012458801,0.04842887818813324,0.9187206029891968,0.03956944867968559,0.9182631373405457,0.0737348273396492,0.9394439458847046,0.05825188755989075,0.938670814037323,0.04697699099779129,0.9396305680274963,0.0376507006585598,0.9409118294715881,0.07448291033506393,0.9508647322654724,0.06154526397585869,0.951026976108551,0.05323955789208412,0.9502816200256348,0.046305615454912186,0.9504061937332153,0.07611159235239029,0.9625365138053894,0.06451702117919922,0.9672125577926636,0.05636660009622574,0.9706133604049683,0.04917290806770325,0.9743232131004333,Happy
0.1364874690771103,0.8553120493888855,0.14451545476913452,0.8484654426574707,0.15269175171852112,0.8458540439605713,0.15942548215389252,0.8475020527839661,0.16256020963191986,0.8528910279273987,0.136249840259552,0.8276938199996948,0.14046721160411835,0.8328795433044434,0.14577296376228333,0.8408172726631165,0.14981789886951447,0.8486465215682983,0.12829472124576569,0.8374676704406738,0.1336362063884735,0.8440685868263245,0.13960792124271393,0.8516921997070312,0.1436229944229126,0.8581924438476562,0.12228556722402573,0.848745584487915,0.12845230102539062,0.8578354120254517,0.13438047468662262,0.8639708757400513,0.13780701160430908,0.8689565062522888,0.11861778795719147,0.8602380156517029,0.12455481290817261,0.868057370185852,0.12961626052856445,0.8720734715461731,0.1325359046459198,0.8747140169143677,Happy
0.13131003081798553,0.8406298756599426,0.13868898153305054,0.8411608338356018,0.14548437297344208,0.8464433550834656,0.15012596547603607,0.8542771339416504,0.15105465054512024,0.8619679808616638,0.13514062762260437,0.8408117890357971,0.13834266364574432,0.8517457246780396,0.14059993624687195,0.8601497411727905,0.1424543261528015,0.8667191863059998,0.12936019897460938,0.8470346927642822,0.13279953598976135,0.8574726581573486,0.13602466881275177,0.8665607571601868,0.13764750957489014,0.8722550272941589,0.12483008205890656,0.853706419467926,0.1282423585653305,0.8649367094039917,0.13199912011623383,0.8741434216499329,0.13413189351558685,0.8795561790466309,0.12190716713666916,0.860451340675354,0.12436143308877945,0.870999276638031,0.1277332603931427,0.876358687877655,0.12993182241916656,0.8794636130332947,Happy
0.28579410910606384,1.0286214351654053,0.34019315242767334,0.9869564771652222,0.3812897801399231,0.8824427723884583,0.3926072120666504,0.7906527519226074,0.3941211402416229,0.717054545879364,0.3195234537124634,0.7721024751663208,0.3312956392765045,0.6910097599029541,0.34145474433898926,0.6559374332427979,0.3503478169441223,0.6551944017410278,0.2685374617576599,0.7697309255599976,0.25908127427101135,0.6660133004188538,0.2640414834022522,0.6473352909088135,0.2732091248035431,0.6768357157707214,0.22223517298698425,0.7921954989433289,0.20793157815933228,0.6803271174430847,0.21450966596603394,0.6741511225700378,0.22696754336357117,0.7100621461868286,0.17991191148757935,0.8382158279418945,0.15957307815551758,0.7681317329406738,0.1670197993516922,0.7724380493164062,0.1794547736644745,0.8098232746124268,Happy
0.26189127564430237,1.0623705387115479,0.33384668827056885,1.02529776096344,0.3864016532897949,0.9428059458732605,0.43262749910354614,0.8666123747825623,0.4841004014015198,0.819483757019043,0.3334122896194458,0.7901773452758789,0.3437541723251343,0.6640274524688721,0.34460020065307617,0.5841081142425537,0.34226033091545105,0.5163180828094482,0.2793939411640167,0.7843763828277588,0.28461316227912903,0.6459190845489502,0.2840663194656372,0.5524238348007202,0.28175997734069824,0.47540077567100525,0.22940421104431152,0.8046566843986511,0.23220859467983246,0.6714215278625488,0.23630502820014954,0.5880648493766785,0.24215613305568695,0.5185757875442505,0.1803436428308487,0.8437603712081909,0.16806817054748535,0.7418862581253052,0.16408298909664154,0.6736580729484558,0.16501128673553467,0.6107378005981445,Happy
0.2761796712875366,1.033386468887329,0.3498130738735199,0.9936120510101318,0.4082503318786621,0.911605954170227,0.45219969749450684,0.8333579897880554,0.5024282336235046,0.7911137938499451,0.368106484413147,0.7453250885009766,0.3895663321018219,0.6272731423377991,0.39452311396598816,0.5529671907424927,0.3943893611431122,0.49018561840057373,0.3153531551361084,0.7299903035163879,0.32653388381004333,0.5980240702629089,0.32946261763572693,0.5178796648979187,0.3290541470050812,0.4541996121406555,0.2654438614845276,0.7411024570465088,0.2719414532184601,0.6208302974700928,0.2792622148990631,0.5478198528289795,0.2859206199645996,0.48759207129478455,0.21510325372219086,0.7740527391433716,0.20474448800086975,0.6867672801017761,0.20040884613990784,0.6289153099060059,0.1994454711675644,0.5737996101379395,Happy
0.3091540038585663,1.0210802555084229,0.38232317566871643,0.9873531460762024,0.4440736472606659,0.9136271476745605,0.49144673347473145,0.8420462012290955,0.5469077825546265,0.8009037375450134,0.40650177001953125,0.7432678937911987,0.42993098497390747,0.6320592761039734,0.4366436004638672,0.559710681438446,0.43735307455062866,0.49847427010536194,0.35840362310409546,0.7250683307647705,0.3752118647098541,0.602012038230896,0.38134652376174927,0.5259487628936768,0.3829991817474365,0.4632892608642578,0.3097293972969055,0.7304145693778992,0.3185224235057831,0.6153597235679626,0.32492882013320923,0.5462611317634583,0.3311026096343994,0.48609453439712524,0.2579450011253357,0.7562760710716248,0.24777185916900635,0.6717402935028076,0.24119552969932556,0.6189191341400146,0.23653748631477356,0.5681522488594055,Happy
0.32419106364250183,1.0205074548721313,0.3970937728881836,0.9884763956069946,0.4585573971271515,0.910732626914978,0.5092039704322815,0.8386191129684448,0.5654942989349365,0.8048137426376343,0.42580416798591614,0.744502067565918,0.45381611585617065,0.6338321566581726,0.46186554431915283,0.5622979998588562,0.46326717734336853,0.5022717714309692,0.3783789277076721,0.7249658107757568,0.3972953259944916,0.6016232371330261,0.40054163336753845,0.5252047181129456,0.39742574095726013,0.46481379866600037,0.3308908939361572,0.7309600710868835,0.3416317403316498,0.6170369982719421,0.3483281135559082,0.5480152368545532,0.3528296947479248,0.4904395639896393,0.2804763913154602,0.7590137124061584,0.26765257120132446,0.6765373945236206,0.2603301405906677,0.6217598915100098,0.2552028298377991,0.5707693099975586,Happy
0.35176414251327515,1.055321216583252,0.4236997961997986,1.021592140197754,0.48394230008125305,0.9462913274765015,0.5321542620658875,0.8788334727287292,0.5826914310455322,0.845536470413208,0.45354026556015015,0.7863057851791382,0.481711745262146,0.6737074851989746,0.495278000831604,0.6040356159210205,0.5035430192947388,0.5450685024261475,0.407493531703949,0.7700972557067871,0.42843368649482727,0.6437503099441528,0.43674197793006897,0.5631918907165527,0.43933340907096863,0.4969634711742401,0.36012622714042664,0.7796163558959961,0.37152352929115295,0.6616702079772949,0.377579927444458,0.5897617340087891,0.3819989860057831,0.5290243625640869,0.30938655138015747,0.8111447095870972,0.2919367253780365,0.721407413482666,0.2817169725894928,0.6627925038337708,0.2740468382835388,0.6091042160987854,Happy
0.3290877044200897,0.9339221715927124,0.3996223509311676,0.8704162836074829,0.44340980052948,0.7930988669395447,0.45647940039634705,0.7175449132919312,0.43887829780578613,0.652772068977356,0.40774697065353394,0.7041387557983398,0.4368612468242645,0.6339772343635559,0.4417716860771179,0.7088956236839294,0.4227219820022583,0.7421503067016602,0.37696224451065063,0.701149046421051,0.410685658454895,0.6253381967544556,0.41467320919036865,0.7191888093948364,0.39142781496047974,0.750440239906311,0.34299546480178833,0.7034139037132263,0.38133177161216736,0.6356819272041321,0.3870255947113037,0.7303109765052795,0.36442938446998596,0.7666418552398682,0.3016815185546875,0.7130159139633179,0.34324318170547485,0.6560181379318237,0.3556840717792511,0.7201340198516846,0.3394232392311096,0.7553525567054749,Happy
0.34545353055000305,0.9510990381240845,0.4053705930709839,0.9114224910736084,0.45560967922210693,0.8499237298965454,0.482244610786438,0.790387749671936,0.4703325629234314,0.734076738357544,0.4293650984764099,0.7376896739006042,0.470380961894989,0.7065063714981079,0.46418166160583496,0.7754654884338379,0.44224363565444946,0.7906696796417236,0.3990505039691925,0.7303672432899475,0.4460432231426239,0.7002944350242615,0.43826380372047424,0.7852821946144104,0.4135836362838745,0.7924796342849731,0.36601874232292175,0.7324298620223999,0.41482582688331604,0.7087309956550598,0.40975525975227356,0.7907060980796814,0.385199636220932,0.801308274269104,0.32840996980667114,0.7439395189285278,0.3776722550392151,0.7280912399291992,0.3794289529323578,0.7859488129615784,0.3580279052257538,0.801112949848175,Happy
0.33841851353645325,0.9477301836013794,0.39286771416664124,0.926494300365448,0.448770672082901,0.8746893405914307,0.477230042219162,0.8165252208709717,0.46457892656326294,0.7624754905700684,0.4385148584842682,0.7547992467880249,0.47740402817726135,0.7392367124557495,0.47681719064712524,0.7818818688392639,0.4583110809326172,0.797756016254425,0.405802845954895,0.7361419200897217,0.4484541714191437,0.7191727757453918,0.4346800148487091,0.7966812252998352,0.4092690646648407,0.8040100336074829,0.3705108165740967,0.7332538962364197,0.4142405688762665,0.729207456111908,0.40465059876441956,0.8046993613243103,0.37962332367897034,0.8092159032821655,0.33038434386253357,0.7446697354316711,0.3753734230995178,0.7545867562294006,0.3738773763179779,0.8072450757026672,0.3528202474117279,0.8106092810630798,Happy
0.3393734395503998,0.944365918636322,0.39576834440231323,0.9202079772949219,0.4534144997596741,0.8645529747009277,0.48107415437698364,0.800822913646698,0.46100926399230957,0.7520985007286072,0.43075594305992126,0.7477108836174011,0.4729233682155609,0.7351617813110352,0.46081554889678955,0.8002774119377136,0.43525230884552,0.8087319731712341,0.4009813666343689,0.7314568161964417,0.44686970114707947,0.7145477533340454,0.4330632984638214,0.7956470847129822,0.4054982364177704,0.7974866628646851,0.3690379559993744,0.7298750877380371,0.4168356955051422,0.7196608781814575,0.4073527157306671,0.8001081943511963,0.3799910247325897,0.8046478629112244,0.3334100544452667,0.7414809465408325,0.38304346799850464,0.7457143664360046,0.38124123215675354,0.8008781671524048,0.3577418029308319,0.8071279525756836,Happy
0.3349500596523285,0.9459957480430603,0.38924461603164673,0.9208614826202393,0.4462110698223114,0.8621862530708313,0.4745095372200012,0.8005834817886353,0.45501941442489624,0.7535105347633362,0.41924527287483215,0.738084614276886,0.46115556359291077,0.725949227809906,0.4501880407333374,0.792966902256012,0.42616575956344604,0.7982585430145264,0.3894488513469696,0.7236055731773376,0.43707093596458435,0.7113494277000427,0.42471373081207275,0.7940102219581604,0.399208128452301,0.7914047241210938,0.3578951358795166,0.7249165177345276,0.4068669080734253,0.722659707069397,0.39875277876853943,0.802468478679657,0.3727587163448334,0.8026142716407776,0.32440996170043945,0.7391632199287415,0.37362027168273926,0.7470589876174927,0.37309539318084717,0.8011164665222168,0.3502820134162903,0.8053256273269653,Happy
0.3340025842189789,0.9490516781806946,0.3875527083873749,0.9280277490615845,0.4415559768676758,0.876579761505127,0.4684433341026306,0.8172804117202759,0.4542296528816223,0.7648941278457642,0.42285269498825073,0.7504393458366394,0.46168234944343567,0.7416816353797913,0.4616534113883972,0.7882452011108398,0.44387975335121155,0.7984001636505127,0.38985541462898254,0.7347749471664429,0.43660035729408264,0.7287658452987671,0.42444783449172974,0.8119248747825623,0.3989909887313843,0.8098213076591492,0.35638105869293213,0.7359664440155029,0.4042602479457855,0.7378641963005066,0.3960994780063629,0.8200764656066895,0.37019985914230347,0.8234204649925232,0.31967800855636597,0.7521374821662903,0.36701467633247375,0.7600681781768799,0.36712104082107544,0.8177239894866943,0.3458351194858551,0.825374186038971,Happy
0.33512428402900696,0.9496524930000305,0.38408419489860535,0.9308903217315674,0.44003140926361084,0.8792688846588135,0.4678981304168701,0.8212734460830688,0.45034661889076233,0.7713915705680847,0.42318791151046753,0.7495448589324951,0.4568003714084625,0.7350242137908936,0.4711405336856842,0.7473556399345398,0.46760621666908264,0.7484748363494873,0.3889470398426056,0.732501208782196,0.4357539713382721,0.7324750423431396,0.424360990524292,0.8120726346969604,0.4006347060203552,0.808079719543457,0.35617709159851074,0.7344433069229126,0.40373289585113525,0.7407193183898926,0.39683327078819275,0.8179304599761963,0.37178894877433777,0.816683828830719,0.32012519240379333,0.7514806985855103,0.3671486973762512,0.7596778869628906,0.3665466010570526,0.8141489028930664,0.3438974916934967,0.8185439109802246,Happy
0.32684245705604553,0.9565563201904297,0.381273090839386,0.9392675161361694,0.43706414103507996,0.8902336359024048,0.46989089250564575,0.8375506401062012,0.45634037256240845,0.7877495288848877,0.4140169322490692,0.7491111159324646,0.4535420536994934,0.7441847920417786,0.4618159830570221,0.7805659174919128,0.4521830081939697,0.7864819765090942,0.3815208673477173,0.735388994216919,0.43470871448516846,0.7427821159362793,0.4237540364265442,0.8225563168525696,0.3992123007774353,0.8156005144119263,0.34900981187820435,0.7400869131088257,0.40325087308883667,0.7552664875984192,0.39562755823135376,0.8311520218849182,0.36928820610046387,0.8285470604896545,0.31496506929397583,0.7611293792724609,0.366326242685318,0.7745381593704224,0.36481085419654846,0.8285362124443054,0.3408840000629425,0.8335169553756714,Happy
0.2407764196395874,0.937437891960144,0.310558557510376,0.8724474906921387,0.3548109829425812,0.7929330468177795,0.38303446769714355,0.7307209968566895,0.40200430154800415,0.6753786206245422,0.3067246079444885,0.6995755434036255,0.3922177255153656,0.710109531879425,0.402132511138916,0.7712924480438232,0.38842064142227173,0.8052524924278259,0.28994375467300415,0.7308233976364136,0.3753086030483246,0.7634644508361816,0.380398690700531,0.8172457814216614,0.3665272891521454,0.8403840661048889,0.28013038635253906,0.7787212133407593,0.3588223457336426,0.8206552863121033,0.3572229743003845,0.8613371253013611,0.3414664566516876,0.8752405047416687,0.2751334309577942,0.8336644172668457,0.34298378229141235,0.8738011121749878,0.3464144766330719,0.9035220146179199,0.3372301757335663,0.9144912958145142,Happy
0.22452391684055328,0.8011714220046997,0.23564951121807098,0.7874785661697388,0.2443545162677765,0.7682144641876221,0.2506753206253052,0.7545440196990967,0.2544287443161011,0.7439956665039062,0.23492097854614258,0.7449615597724915,0.2357240915298462,0.7205832600593567,0.2361345738172531,0.7044739127159119,0.2361966073513031,0.6919325590133667,0.22954124212265015,0.7449952363967896,0.2307073473930359,0.7191544771194458,0.2313956618309021,0.7018746733665466,0.23199093341827393,0.6874306201934814,0.22336885333061218,0.7469887137413025,0.22512979805469513,0.7218566536903381,0.2263304442167282,0.7049840092658997,0.22739411890506744,0.6914023756980896,0.2164047211408615,0.7506189942359924,0.21987883746623993,0.7306727170944214,0.22215604782104492,0.7172800898551941,0.22422143816947937,0.7063600420951843,Happy
0.3428116738796234,0.891183078289032,0.3383973240852356,0.8070686459541321,0.3675563931465149,0.7155494093894958,0.38914039731025696,0.6503254771232605,0.38597458600997925,0.5957320928573608,0.4645300507545471,0.7345684766769409,0.5188429951667786,0.7315847277641296,0.49694737792015076,0.7446944117546082,0.4621233344078064,0.7575744390487671,0.48295366764068604,0.7933114171028137,0.527873694896698,0.7860553860664368,0.5037539601325989,0.7934343218803406,0.47162455320358276,0.806251585483551,0.4889518916606903,0.8524583578109741,0.5274277925491333,0.8413316607475281,0.5074605941772461,0.8450170755386353,0.4814263582229614,0.8569726943969727,0.4868883192539215,0.9058375358581543,0.5174194574356079,0.8931366205215454,0.500034749507904,0.8957141637802124,0.4802103340625763,0.9048166275024414,Happy
0.34041479229927063,0.942039430141449,0.3630222678184509,0.8386352062225342,0.40394479036331177,0.7592595219612122,0.43093669414520264,0.6870142817497253,0.42530497908592224,0.6305192708969116,0.5014497637748718,0.7886441946029663,0.5526162385940552,0.7967543005943298,0.5312883257865906,0.8134016990661621,0.503616452217102,0.8162994384765625,0.5180840492248535,0.8614504933357239,0.5573045015335083,0.8590076565742493,0.5343890190124512,0.8652904033660889,0.5048031806945801,0.8686112761497498,0.5196174383163452,0.9274135231971741,0.5516933798789978,0.9198631048202515,0.5325371623039246,0.9226289391517639,0.5048564076423645,0.9252596497535706,0.5131452083587646,0.9812182188034058,0.5388429164886475,0.9697695970535278,0.5221472978591919,0.9708477258682251,0.5004382133483887,0.9738336801528931,Happy
0.33124032616615295,0.9336015582084656,0.3537941575050354,0.8345070481300354,0.39561596512794495,0.7505500316619873,0.4221457242965698,0.6778910756111145,0.41629186272621155,0.6196352243423462,0.49632373452186584,0.7754993438720703,0.5514600276947021,0.7936984896659851,0.5341331958770752,0.8115114569664001,0.5067135095596313,0.8151559829711914,0.511412501335144,0.8498197793960571,0.5584173798561096,0.8577511310577393,0.533777117729187,0.8667178750038147,0.5004025101661682,0.8692989349365234,0.5131270289421082,0.9185082316398621,0.5458229780197144,0.9205449819564819,0.5238621234893799,0.9267104864120483,0.4940789043903351,0.927209734916687,0.5054944753646851,0.9787274599075317,0.5266826152801514,0.975867509841919,0.5074244141578674,0.9767497181892395,0.4847829341888428,0.9744668006896973,Happy
0.29322510957717896,0.9295403361320496,0.3185819685459137,0.8298702836036682,0.36506879329681396,0.7417681217193604,0.3934977054595947,0.6676865816116333,0.3933899402618408,0.6055357456207275,0.4542917013168335,0.7612248659133911,0.5181232690811157,0.786152720451355,0.4960111379623413,0.8041718006134033,0.4660784900188446,0.8038867115974426,0.46541476249694824,0.8324118256568909,0.5237165689468384,0.8490285873413086,0.4970589578151703,0.8609848618507385,0.46249884366989136,0.8621910810470581,0.46683749556541443,0.9031112790107727,0.5193206071853638,0.9125374555587769,0.4949761629104614,0.9196822047233582,0.46209895610809326,0.9194371700286865,0.461926132440567,0.9679933786392212,0.5068617463111877,0.9671967029571533,0.48345649242401123,0.9676859378814697,0.45558682084083557,0.9658766984939575,Happy
0.12917807698249817,0.8950918912887573,0.12371860444545746,0.8697775602340698,0.11422505229711533,0.8478294014930725,0.10658453404903412,0.8283344507217407,0.10016099363565445,0.8124438524246216,0.07879376411437988,0.8664987683296204,0.05808417499065399,0.8685857057571411,0.04555260390043259,0.8715420961380005,0.0352344773709774,0.8738301396369934,0.07572083175182343,0.8837718963623047,0.05460811406373978,0.8869292140007019,0.04140627756714821,0.8886764645576477,0.03089628741145134,0.8905118703842163,0.0766172781586647,0.8998582363128662,0.057025372982025146,0.9013868570327759,0.04608132690191269,0.9023422002792358,0.03717394173145294,0.9032845497131348,0.08016391098499298,0.913777232170105,0.06396054476499557,0.9137576222419739,0.0541427880525589,0.9137899279594421,0.0459437221288681,0.9133236408233643,Happy
0.174215167760849,0.9158334732055664,0.1744793951511383,0.8908544778823853,0.16487571597099304,0.8660272359848022,0.15178216993808746,0.8511882424354553,0.14129464328289032,0.8454738855361938,0.15720750391483307,0.8551257848739624,0.13496427237987518,0.8362104296684265,0.1304757446050644,0.832236647605896,0.13227741420269012,0.8340792059898376,0.15222088992595673,0.8648215532302856,0.12739183008670807,0.8480231761932373,0.12493107467889786,0.8480209112167358,0.12880569696426392,0.8508826494216919,0.14808708429336548,0.877732515335083,0.12541277706623077,0.8610104918479919,0.1227436363697052,0.8624953031539917,0.12576277554035187,0.8654747605323792,0.14480745792388916,0.8927013874053955,0.12773872911930084,0.880682647228241,0.12452850490808487,0.8791183829307556,0.12470249086618423,0.8790908455848694,Happy
0.1769687384366989,0.9302153587341309,0.17348365485668182,0.9059749245643616,0.16333380341529846,0.885159969329834,0.1506689190864563,0.8759357333183289,0.1398676335811615,0.8792480230331421,0.1607639491558075,0.8815651535987854,0.1403413563966751,0.8681856989860535,0.14017078280448914,0.8755039572715759,0.14573192596435547,0.8822274804115295,0.15441560745239258,0.8949936032295227,0.1333494931459427,0.8815341591835022,0.1344459503889084,0.8879894018173218,0.14068816602230072,0.8935303092002869,0.14842399954795837,0.9086907505989075,0.13076601922512054,0.8954170346260071,0.13272826373577118,0.9002073407173157,0.1389320343732834,0.9053074717521667,0.14282624423503876,0.9211538434028625,0.12999555468559265,0.9066094756126404,0.13248832523822784,0.9096379280090332,0.13792583346366882,0.9149485230445862,Happy
0.17622651159763336,0.9307669401168823,0.17312242090702057,0.9093728065490723,0.1648370772600174,0.8877643942832947,0.15483449399471283,0.8749608397483826,0.14523549377918243,0.8737287521362305,0.16161440312862396,0.8827747106552124,0.14028115570545197,0.871218204498291,0.1374044120311737,0.8788574934005737,0.14166435599327087,0.886086642742157,0.15672002732753754,0.8945470452308655,0.13442662358283997,0.8831211924552917,0.13176867365837097,0.8897300362586975,0.13616697490215302,0.8958688974380493,0.1517638862133026,0.9076942801475525,0.13217861950397491,0.8966504335403442,0.13072776794433594,0.9023213386535645,0.1359558254480362,0.90804523229599,0.14682500064373016,0.9207319617271423,0.1320546567440033,0.9090078473091125,0.1307869702577591,0.9120096564292908,0.13460339605808258,0.9168308973312378,Happy
0.17759810388088226,0.9312078952789307,0.17550034821033478,0.9100061058998108,0.16923114657402039,0.8878233432769775,0.1614905595779419,0.8726130723953247,0.15227629244327545,0.8708065748214722,0.16296888887882233,0.8837088942527771,0.14175403118133545,0.8731977939605713,0.14081987738609314,0.8790101408958435,0.14629916846752167,0.8850148916244507,0.15772484242916107,0.8953336477279663,0.13516511023044586,0.8870741724967957,0.13618959486484528,0.8927373886108398,0.1427219808101654,0.8966997861862183,0.15236371755599976,0.9082509875297546,0.13349393010139465,0.9012135863304138,0.1355702131986618,0.9058395028114319,0.14208310842514038,0.9091724157333374,0.14711131155490875,0.9210385084152222,0.1339375376701355,0.913174033164978,0.13667574524879456,0.9169785380363464,0.14240440726280212,0.9205307960510254,Happy
0.18090397119522095,0.9305206537246704,0.1763557344675064,0.9093400835990906,0.1674727499485016,0.8873181343078613,0.15747272968292236,0.8739684224128723,0.1472645401954651,0.8759572505950928,0.1640903502702713,0.8838455677032471,0.14177146553993225,0.8733577728271484,0.1409275233745575,0.8810247182846069,0.14645475149154663,0.887149453163147,0.1596376895904541,0.8962044715881348,0.13597562909126282,0.8859000205993652,0.1363387256860733,0.8928683400154114,0.14285849034786224,0.8978421688079834,0.15462535619735718,0.9095485806465149,0.1338023990392685,0.8991234302520752,0.13495059311389923,0.9048179388046265,0.14161191880702972,0.9095644950866699,0.14934168756008148,0.9224080443382263,0.1335766464471817,0.9109567999839783,0.13507190346717834,0.9148762822151184,0.14081402122974396,0.9197729229927063,Happy
0.17778590321540833,0.9346082210540771,0.17438693344593048,0.9122510552406311,0.16616423428058624,0.8896000385284424,0.15619683265686035,0.8756043314933777,0.14574173092842102,0.874767541885376,0.16163097321987152,0.8884735107421875,0.1413482278585434,0.8758475184440613,0.14143390953540802,0.8821583390235901,0.1477169394493103,0.888355553150177,0.15630221366882324,0.9005870819091797,0.1350952684879303,0.8879636526107788,0.1367895007133484,0.8945444226264954,0.14387540519237518,0.8996392488479614,0.1513688713312149,0.9133867025375366,0.1324295848608017,0.9009085893630981,0.1346246749162674,0.9069321155548096,0.14175322651863098,0.9118860960006714,0.1466597467660904,0.925866961479187,0.1333138346672058,0.9129075407981873,0.13519445061683655,0.917226254940033,0.14103379845619202,0.9225349426269531,Happy
0.18228371441364288,0.9363794922828674,0.17743703722953796,0.9159491658210754,0.16833996772766113,0.8946850299835205,0.1584659367799759,0.8809827566146851,0.14833714067935944,0.8784195780754089,0.1660616099834442,0.8892735242843628,0.14700853824615479,0.8756917715072632,0.13886910676956177,0.8773507475852966,0.1374344527721405,0.8827406764030457,0.16281399130821228,0.9001836776733398,0.14155736565589905,0.8883746266365051,0.13398995995521545,0.8898811340332031,0.13339005410671234,0.8950751423835754,0.1595420092344284,0.913562536239624,0.1398981660604477,0.9019352197647095,0.13321785628795624,0.9030278921127319,0.13306519389152527,0.9076347947120667,0.1559780240058899,0.928335964679718,0.14028416574001312,0.9175435304641724,0.13519635796546936,0.9166660308837891,0.13441088795661926,0.9191251397132874,Happy
0.1789923906326294,0.93644779920578,0.1759728342294693,0.9153749346733093,0.16791218519210815,0.8942854404449463,0.1579933911561966,0.8810136318206787,0.14904150366783142,0.8761253952980042,0.16736704111099243,0.8867470622062683,0.1512553095817566,0.8703526854515076,0.14193914830684662,0.8721336722373962,0.13933594524860382,0.8791083693504333,0.1626129150390625,0.8965480923652649,0.14508357644081116,0.8812475204467773,0.13636791706085205,0.8823480010032654,0.1345045119524002,0.8879231810569763,0.15763536095619202,0.9090193510055542,0.1412266045808792,0.893821120262146,0.13394728302955627,0.894709050655365,0.1332452893257141,0.9003046751022339,0.1524415761232376,0.9227316379547119,0.13954412937164307,0.9087368249893188,0.13372768461704254,0.9069707989692688,0.1319514364004135,0.9101756811141968,Happy
0.18190106749534607,0.9381492733955383,0.17919819056987762,0.9183539748191833,0.1709699034690857,0.8984251618385315,0.16143304109573364,0.8849167823791504,0.15356826782226562,0.8780971169471741,0.1693330556154251,0.8916918039321899,0.15351182222366333,0.8723688125610352,0.1429949849843979,0.8740577101707458,0.1393253356218338,0.8808963298797607,0.16555435955524445,0.9006270170211792,0.14933113753795624,0.8805692791938782,0.13918086886405945,0.8810235261917114,0.1360527127981186,0.8873658180236816,0.16149944067001343,0.9129360318183899,0.146440327167511,0.8931283950805664,0.13656164705753326,0.892383873462677,0.13308463990688324,0.897542417049408,0.15682557225227356,0.9272291660308838,0.1449926346540451,0.9121066927909851,0.13676828145980835,0.908019483089447,0.13206976652145386,0.9089463949203491,Happy
0.17873692512512207,0.9373623728752136,0.17684559524059296,0.9150473475456238,0.16873985528945923,0.8923892378807068,0.15936049818992615,0.8773306608200073,0.15110979974269867,0.8716900944709778,0.16363097727298737,0.886626660823822,0.14634200930595398,0.8732008337974548,0.14331655204296112,0.8768627643585205,0.1470382660627365,0.8837999701499939,0.15817470848560333,0.8970254063606262,0.14029760658740997,0.8837791085243225,0.13874438405036926,0.8870660066604614,0.14282441139221191,0.8931291699409485,0.15245556831359863,0.9087820053100586,0.13656409084796906,0.8961373567581177,0.13652582466602325,0.8996056914329529,0.14113017916679382,0.9058372378349304,0.14693321287631989,0.9209731221199036,0.13406383991241455,0.9093812704086304,0.13517026603221893,0.9118367433547974,0.13944347202777863,0.9170331358909607,Happy
0.18158206343650818,0.933763325214386,0.1780194789171219,0.912036120891571,0.16977550089359283,0.8904524445533752,0.16013801097869873,0.8763883709907532,0.15087169408798218,0.8731505870819092,0.16710937023162842,0.8865110278129578,0.1467549204826355,0.8713037967681885,0.13935008645057678,0.8745352029800415,0.14008188247680664,0.8813572525978088,0.16288167238235474,0.8977417945861816,0.1432892382144928,0.8819925785064697,0.13633401691913605,0.8845306038856506,0.13676077127456665,0.8906555771827698,0.15858057141304016,0.9116922616958618,0.140792116522789,0.8960054516792297,0.13375093042850494,0.8974786400794983,0.13360179960727692,0.9025956392288208,0.15395823121070862,0.9267649054527283,0.13975922763347626,0.9131137132644653,0.1337963193655014,0.9113914966583252,0.1323080211877823,0.9137894511222839,Happy
0.17863883078098297,0.9329483509063721,0.17710164189338684,0.910523533821106,0.16903451085090637,0.8886046409606934,0.1594119668006897,0.8762736916542053,0.15019287168979645,0.8736740946769714,0.15798182785511017,0.8790015578269958,0.14265076816082,0.8717526793479919,0.14231117069721222,0.8767765760421753,0.14787980914115906,0.883057177066803,0.15182067453861237,0.8902034759521484,0.13604849576950073,0.8829857110977173,0.13655716180801392,0.8874399065971375,0.14232516288757324,0.8929380774497986,0.1465035378932953,0.9034512639045715,0.1323736310005188,0.8961355090141296,0.13372404873371124,0.9005163311958313,0.1396792232990265,0.9057869911193848,0.1421634703874588,0.9173898696899414,0.13048119843006134,0.9106844067573547,0.13269951939582825,0.9139237403869629,0.13804271817207336,0.91804039478302,Happy
0.1366591900587082,0.8857808709144592,0.14025664329528809,0.8680422902107239,0.137505441904068,0.8506502509117126,0.13195744156837463,0.8400275707244873,0.1276073157787323,0.8372940421104431,0.11376765370368958,0.8370132446289062,0.0977024957537651,0.8256856799125671,0.08673848956823349,0.819922924041748,0.07793091982603073,0.8169866800308228,0.10778224468231201,0.843845546245575,0.09036730974912643,0.8308013677597046,0.07807504385709763,0.8238440752029419,0.0683739185333252,0.8203920125961304,0.1031133309006691,0.8539458513259888,0.0870341956615448,0.8406969904899597,0.07635693997144699,0.8332816362380981,0.06843871623277664,0.8290718197822571,0.09970918297767639,0.8667917251586914,0.08708976209163666,0.8582851886749268,0.0787433385848999,0.8534576892852783,0.072324737906456,0.8502453565597534,Happy
0.3534049689769745,0.9796189665794373,0.29093945026397705,0.9557710886001587,0.24288368225097656,0.911173403263092,0.22239403426647186,0.8720143437385559,0.23850050568580627,0.8493286967277527,0.25115662813186646,0.9112278819084167,0.24851493537425995,0.8132946491241455,0.251039981842041,0.8391337394714355,0.2498980313539505,0.8745535016059875,0.2908124029636383,0.9120361804962158,0.2803880274295807,0.8050950765609741,0.27734437584877014,0.8317025899887085,0.27992507815361023,0.862494945526123,0.3269415497779846,0.9067094922065735,0.3140406608581543,0.7998493313789368,0.30897995829582214,0.8280962109565735,0.31071698665618896,0.8632429242134094,0.3587447702884674,0.8997060656547546,0.3469490110874176,0.8146808743476868,0.3442420959472656,0.8354296684265137,0.3465796411037445,0.8665259480476379,Happy
0.2399059236049652,1.0110702514648438,0.2939315438270569,0.9943612813949585,0.3362724781036377,0.9326131939888,0.3543400466442108,0.8727943301200867,0.35446697473526,0.8187922835350037,0.30622586607933044,0.8620129227638245,0.32954367995262146,0.8127260208129883,0.3378406763076782,0.8581281304359436,0.32869216799736023,0.9042958617210388,0.28225675225257874,0.8531368374824524,0.30969077348709106,0.7990412712097168,0.3181602656841278,0.8606303334236145,0.3052946627140045,0.9135249257087708,0.2527993321418762,0.8497750759124756,0.28440186381340027,0.794514000415802,0.2917420566082001,0.8672791123390198,0.2775765061378479,0.9234939217567444,0.2178286612033844,0.8541670441627502,0.2528061866760254,0.8099042177200317,0.2622718811035156,0.8583874106407166,0.2520237863063812,0.9036471843719482,Happy
0.2573983669281006,1.0328764915466309,0.306796133518219,0.9991921186447144,0.3409132659435272,0.9400701522827148,0.3560776710510254,0.8856801986694336,0.35613006353378296,0.8317797780036926,0.30957290530204773,0.8724698424339294,0.332518607378006,0.8206869959831238,0.3427603244781494,0.8736534714698792,0.33404362201690674,0.9228489995002747,0.2866024374961853,0.8683829307556152,0.3134734034538269,0.8093092441558838,0.3223348557949066,0.8793022632598877,0.30987411737442017,0.9326238036155701,0.25884196162223816,0.8679773807525635,0.28894323110580444,0.8106362819671631,0.2965836524963379,0.8868830800056458,0.2834639847278595,0.9393066167831421,0.22525104880332947,0.8754061460494995,0.2604738771915436,0.8301755785942078,0.26965638995170593,0.8818029165267944,0.258364200592041,0.9250693917274475,Happy
0.22737450897693634,0.9735074043273926,0.28692346811294556,0.9449180960655212,0.33017924427986145,0.8934324383735657,0.35374224185943604,0.8362283706665039,0.3537125289440155,0.778358519077301,0.3032729923725128,0.8106564879417419,0.3211708068847656,0.7573368549346924,0.3268122673034668,0.8029059171676636,0.3199658989906311,0.8459134697914124,0.27853068709373474,0.7983958721160889,0.29948145151138306,0.7518834471702576,0.29970574378967285,0.8120687007904053,0.2871396839618683,0.8575894236564636,0.24835723638534546,0.7909080982208252,0.2726340591907501,0.7440823912620544,0.27354586124420166,0.8046799898147583,0.26278775930404663,0.8532875776290894,0.21248655021190643,0.7892409563064575,0.241222083568573,0.7471489310264587,0.24811768531799316,0.7892924547195435,0.24219894409179688,0.832285463809967,Happy
0.18679386377334595,0.879802405834198,0.2642809748649597,0.8866391777992249,0.3328707218170166,0.8511959314346313,0.37385690212249756,0.7961628437042236,0.3869028687477112,0.735756516456604,0.33119621872901917,0.7578535079956055,0.37092873454093933,0.7108054757118225,0.3609878122806549,0.7648491859436035,0.3391931354999542,0.8074242472648621,0.3036164343357086,0.7333799004554749,0.3419227600097656,0.6876060366630554,0.32934701442718506,0.7536658048629761,0.3047972023487091,0.796865701675415,0.2680709958076477,0.711669385433197,0.30817753076553345,0.6667591333389282,0.3023225963115692,0.7346403002738953,0.27960529923439026,0.7815607190132141,0.22398531436920166,0.6928858757019043,0.2644762694835663,0.6544550061225891,0.271304726600647,0.7083560228347778,0.2584383189678192,0.7534835934638977,Happy
0.23788459599018097,0.960913896560669,0.2947695255279541,0.9466972351074219,0.363700270652771,0.8874655961990356,0.3980241119861603,0.820324182510376,0.3944314122200012,0.7577475309371948,0.35707318782806396,0.7767894864082336,0.381660521030426,0.7387804388999939,0.36242741346359253,0.8079147934913635,0.35167983174324036,0.8313611149787903,0.32017064094543457,0.7626326084136963,0.3449317216873169,0.7237235903739929,0.32752153277397156,0.8048171401023865,0.3170713186264038,0.8222805261611938,0.277802973985672,0.7600734233856201,0.3033159077167511,0.7219833135604858,0.291770875453949,0.8026807904243469,0.2812007665634155,0.8238107562065125,0.23044142127037048,0.7625622749328613,0.25421589612960815,0.7352549433708191,0.2516202926635742,0.7924749851226807,0.24293333292007446,0.8133054971694946,Happy
0.22636988759040833,0.7846875786781311,0.2764301002025604,0.7587289214134216,0.3276192247867584,0.6920170783996582,0.32762008905410767,0.6116677522659302,0.29390040040016174,0.5580912828445435,0.32187169790267944,0.5936620235443115,0.33361732959747314,0.5354474782943726,0.336712121963501,0.5714800357818604,0.3353506922721863,0.5938330888748169,0.2815234959125519,0.5832820534706116,0.29110637307167053,0.5158286094665527,0.2967384159564972,0.5842748284339905,0.29384729266166687,0.6056016087532043,0.2406432032585144,0.5901361703872681,0.24949020147323608,0.5430379509925842,0.25898870825767517,0.6161749362945557,0.2548021078109741,0.6367778778076172,0.1942998170852661,0.6081112623214722,0.20950013399124146,0.5724862813949585,0.22304560244083405,0.6222164630889893,0.2213440239429474,0.6403973698616028,Happy
0.23008251190185547,0.7430633306503296,0.2796443998813629,0.7203513979911804,0.3285769522190094,0.6650072336196899,0.32387658953666687,0.5962499380111694,0.2842642068862915,0.544541597366333,0.33751180768013,0.546950101852417,0.3492847979068756,0.5232086777687073,0.34554073214530945,0.5194183588027954,0.33886560797691345,0.5073966979980469,0.29581940174102783,0.5247703790664673,0.2970691919326782,0.5053474307060242,0.29064998030662537,0.566677987575531,0.2877955436706543,0.5743431448936462,0.2525380849838257,0.5244404077529907,0.25121960043907166,0.5211479663848877,0.25517693161964417,0.5895823836326599,0.25692933797836304,0.6001068949699402,0.20529431104660034,0.5386894941329956,0.20982514321804047,0.550223171710968,0.21896006166934967,0.6024368405342102,0.22438685595989227,0.611657977104187,Happy
0.24517729878425598,0.741172730922699,0.29168957471847534,0.7339930534362793,0.34681540727615356,0.6803629398345947,0.33102425932884216,0.604039192199707,0.28518515825271606,0.5476683974266052,0.35921648144721985,0.5628639459609985,0.374764621257782,0.5522580742835999,0.3576323390007019,0.5608794689178467,0.33567190170288086,0.5497140288352966,0.3155812621116638,0.5310758948326111,0.31931257247924805,0.5335559248924255,0.30756324529647827,0.597790002822876,0.30272728204727173,0.5959689021110535,0.2718771994113922,0.5258755087852478,0.2685571312904358,0.5417678356170654,0.26952242851257324,0.6081646084785461,0.27136439085006714,0.6079888343811035,0.22530493140220642,0.5344482660293579,0.2294500172138214,0.5627434253692627,0.2356468290090561,0.6135644316673279,0.24139560759067535,0.6141801476478577,Happy
0.23981240391731262,0.7501972913742065,0.28308409452438354,0.7388116121292114,0.33836254477500916,0.6847857236862183,0.3350209593772888,0.6104534864425659,0.28809142112731934,0.5583722591400146,0.34090301394462585,0.5532919764518738,0.3546389043331146,0.5447051525115967,0.3482544720172882,0.562492311000824,0.3363402187824249,0.555715799331665,0.29789766669273376,0.5282618999481201,0.3043108582496643,0.5382125973701477,0.299471378326416,0.6106625199317932,0.29773619771003723,0.599693775177002,0.25507688522338867,0.5296874642372131,0.2582721412181854,0.5550392270088196,0.26398205757141113,0.6205444931983948,0.263901025056839,0.6094069480895996,0.21034231781959534,0.5455002784729004,0.22069060802459717,0.5821015238761902,0.23068271577358246,0.6274240016937256,0.23287734389305115,0.6191809773445129,Happy
0.1519467681646347,0.7137203812599182,0.17829924821853638,0.6378893852233887,0.2377997189760208,0.5750972628593445,0.29498863220214844,0.5609921216964722,0.33366039395332336,0.5584200024604797,0.24761953949928284,0.5174000859260559,0.32475224137306213,0.47948336601257324,0.38044553995132446,0.47590264678001404,0.4232122600078583,0.48146164417266846,0.2534570097923279,0.5568985939025879,0.35393184423446655,0.523252010345459,0.41131895780563354,0.5236745476722717,0.45044225454330444,0.5243438482284546,0.2563905715942383,0.6113636493682861,0.3664517104625702,0.6304685473442078,0.3693782091140747,0.6588036417961121,0.352864533662796,0.6661424040794373,0.25992608070373535,0.674064576625824,0.3412196636199951,0.6857671141624451,0.3353813886642456,0.7011986970901489,0.31243711709976196,0.7020363807678223,Happy
0.006065070629119873,0.8312976360321045,0.05287633836269379,0.7340084314346313,0.12934543192386627,0.6937053799629211,0.19544436037540436,0.7109416723251343,0.23852160573005676,0.7442681193351746,0.15363217890262604,0.6546988487243652,0.23651853203773499,0.5862122774124146,0.2870754599571228,0.539691150188446,0.3280758857727051,0.501859188079834,0.16887947916984558,0.7110956907272339,0.27848851680755615,0.6682679057121277,0.34268373250961304,0.6425257325172424,0.39242762327194214,0.6217634677886963,0.17318278551101685,0.7798755764961243,0.26694735884666443,0.7715785503387451,0.2368125021457672,0.7751999497413635,0.1988862007856369,0.776177704334259,0.16880223155021667,0.8520670533180237,0.23879797756671906,0.8346673846244812,0.21537098288536072,0.8287283182144165,0.18595659732818604,0.8271044492721558,Happy
0.05067773163318634,0.9605040550231934,0.08590810000896454,0.8600721955299377,0.16218675673007965,0.8069770932197571,0.23593908548355103,0.8194173574447632,0.2857130169868469,0.8485153913497925,0.15824559330940247,0.7461413741111755,0.21235212683677673,0.6457126140594482,0.24241867661476135,0.5752544403076172,0.26471373438835144,0.5104191303253174,0.17352840304374695,0.7901654243469238,0.2675716280937195,0.7011904716491699,0.3238389492034912,0.6478934288024902,0.36890724301338196,0.6004737615585327,0.18389803171157837,0.8539850115776062,0.28457772731781006,0.831192135810852,0.2622489929199219,0.8533488512039185,0.22852018475532532,0.861616849899292,0.19108779728412628,0.9265259504318237,0.2675584554672241,0.9046604037284851,0.24350854754447937,0.9163305759429932,0.21286629140377045,0.9207319617271423,Happy
0.2578151226043701,1.0170280933380127,0.24914515018463135,0.9189671874046326,0.281419038772583,0.8346049189567566,0.33099648356437683,0.7859638333320618,0.3714718818664551,0.7650127410888672,0.28265291452407837,0.7860677242279053,0.2925698757171631,0.6669620871543884,0.2988463044166565,0.5928968787193298,0.3002992868423462,0.5303421020507812,0.32198911905288696,0.8076053857803345,0.3663337826728821,0.6851927042007446,0.3962509334087372,0.6147063970565796,0.4193335473537445,0.5578027963638306,0.3580106198787689,0.8475850820541382,0.3964392840862274,0.7983071804046631,0.3830275535583496,0.8318642973899841,0.36473309993743896,0.8589538335800171,0.3889008164405823,0.8966156840324402,0.4116819202899933,0.8527146577835083,0.3971268832683563,0.8773416876792908,0.38149818778038025,0.8998318314552307,Happy
0.306098073720932,1.0182995796203613,0.29501044750213623,0.9191352725028992,0.32601460814476013,0.8380105495452881,0.37490811944007874,0.7948373556137085,0.41509491205215454,0.7861563563346863,0.32395973801612854,0.8061680197715759,0.3332975506782532,0.6855859160423279,0.33983108401298523,0.6081451773643494,0.343525230884552,0.5459953546524048,0.3635171949863434,0.8364492058753967,0.4149917960166931,0.7380245923995972,0.44193413853645325,0.7089122533798218,0.46105560660362244,0.6881515383720398,0.3988199830055237,0.879313588142395,0.4368516206741333,0.8136714100837708,0.42302602529525757,0.840573787689209,0.4071465730667114,0.8674967885017395,0.42879119515419006,0.9236942529678345,0.4485432505607605,0.8650944232940674,0.43687406182289124,0.8832631707191467,0.4258095622062683,0.9054637551307678,Happy
0.3390651345252991,1.1070449352264404,0.37702062726020813,1.031698226928711,0.4135161340236664,0.961196780204773,0.4588233530521393,0.9174471497535706,0.4929800033569336,0.8855810761451721,0.35624659061431885,0.8644923567771912,0.439690500497818,0.8160198926925659,0.47679463028907776,0.8548638820648193,0.48086029291152954,0.8910852670669556,0.35332387685775757,0.8915766477584839,0.44779935479164124,0.8405898809432983,0.47317636013031006,0.886650025844574,0.463583379983902,0.9204933643341064,0.35866260528564453,0.9336958527565002,0.4474296271800995,0.8845246434211731,0.4619426131248474,0.926793098449707,0.4463806748390198,0.953860342502594,0.3723330497741699,0.9849156141281128,0.4490397572517395,0.9396087527275085,0.45548731088638306,0.9675225019454956,0.43692106008529663,0.9885336756706238,Happy
0.36654412746429443,1.0860410928726196,0.425019234418869,1.023962140083313,0.4611281752586365,0.9618403315544128,0.47099626064300537,0.9083674550056458,0.46249866485595703,0.8524391055107117,0.39769989252090454,0.8765350580215454,0.4764227271080017,0.8451929092407227,0.5051290988922119,0.8990438580513,0.5073143243789673,0.9500824809074402,0.37576931715011597,0.8770124316215515,0.4661412239074707,0.8325398564338684,0.4962633550167084,0.9025891423225403,0.49321964383125305,0.9571697115898132,0.36109408736228943,0.8967585563659668,0.4471014440059662,0.8506744503974915,0.47599977254867554,0.9164777994155884,0.4701348841190338,0.9606398940086365,0.354669988155365,0.9346132874488831,0.417416512966156,0.8922572135925293,0.4408579468727112,0.9319873452186584,0.4368351101875305,0.9648653268814087,Happy
0.36849963665008545,1.0863544940948486,0.41723355650901794,1.0278970003128052,0.44929268956184387,0.9705559611320496,0.4733109474182129,0.9242710471153259,0.4768633246421814,0.876394510269165,0.4003387689590454,0.9061262011528015,0.45660001039505005,0.8578721284866333,0.48521173000335693,0.9021188020706177,0.48526567220687866,0.9438135623931885,0.3845098614692688,0.9133685231208801,0.4572998285293579,0.853628933429718,0.48802924156188965,0.9102959632873535,0.4825137257575989,0.9545974731445312,0.3741339445114136,0.928434431552887,0.44339069724082947,0.8726904988288879,0.4655895233154297,0.9323754906654358,0.45488250255584717,0.9747996926307678,0.36910146474838257,0.953180730342865,0.4264647662639618,0.9059234857559204,0.446645051240921,0.9423658847808838,0.4389890432357788,0.9759091138839722,Happy
0.3874156177043915,1.0475845336914062,0.44350895285606384,1.0044817924499512,0.48024073243141174,0.9641073942184448,0.49870628118515015,0.9297512769699097,0.500217854976654,0.8966134190559387,0.45178791880607605,0.8804013133049011,0.5070527195930481,0.8838986754417419,0.528832197189331,0.9330538511276245,0.5289781093597412,0.9764916896820068,0.42913618683815,0.8866855502128601,0.4939175248146057,0.887174665927887,0.5147337913513184,0.9414214491844177,0.5113654136657715,0.9821794033050537,0.40746110677719116,0.9070438146591187,0.47382891178131104,0.9255471229553223,0.4804547429084778,0.9837734699249268,0.4653385877609253,1.0160011053085327,0.3896901309490204,0.9392764568328857,0.4424382150173187,0.9457470178604126,0.45212316513061523,0.9782955050468445,0.44051653146743774,0.9972543716430664,Happy
0.3254093527793884,1.0635420083999634,0.27878981828689575,1.0524486303329468,0.23524397611618042,1.0108221769332886,0.20637036859989166,0.983059823513031,0.18124046921730042,0.9788587093353271,0.2462165206670761,0.9161834120750427,0.23041488230228424,0.8241608738899231,0.2263096272945404,0.7621421217918396,0.22273942828178406,0.7030670046806335,0.30005183815956116,0.8884754180908203,0.29217270016670227,0.772270679473877,0.29026269912719727,0.6962225437164307,0.28800633549690247,0.6268314123153687,0.35282304883003235,0.8889461755752563,0.35630515217781067,0.7632546424865723,0.36048445105552673,0.681377112865448,0.3620107173919678,0.6091923713684082,0.4018818438053131,0.9065956473350525,0.4250941276550293,0.8026456832885742,0.43737128376960754,0.7317537665367126,0.44420719146728516,0.6665276288986206,Happy
0.3230503797531128,1.1259719133377075,0.38999250531196594,1.087944507598877,0.44636934995651245,1.0247598886489868,0.49428075551986694,0.9712609648704529,0.547095537185669,0.9351209998130798,0.40662461519241333,0.9005476832389832,0.43614235520362854,0.7860586047172546,0.44885754585266113,0.7098315954208374,0.4554765820503235,0.6432055234909058,0.3532872796058655,0.8866360783576965,0.3657064735889435,0.7506659626960754,0.37021341919898987,0.6628475785255432,0.3704114258289337,0.587526798248291,0.30184435844421387,0.9004947543144226,0.2946482002735138,0.7753715515136719,0.29311075806617737,0.6907711625099182,0.2950909733772278,0.6158260703086853,0.2530122697353363,0.9362974166870117,0.22917011380195618,0.844688355922699,0.22137269377708435,0.7820827960968018,0.2205667495727539,0.7210127115249634,Happy
0.3342896103858948,1.1506149768829346,0.4012259244918823,1.1096611022949219,0.4581737518310547,1.0403343439102173,0.5077435374259949,0.9831085801124573,0.5597243905067444,0.949762225151062,0.4235067665576935,0.9229027032852173,0.4534754753112793,0.8022167086601257,0.4658550024032593,0.7254031300544739,0.4717000126838684,0.6580866575241089,0.36907467246055603,0.9068889617919922,0.3880766034126282,0.7673981189727783,0.39488935470581055,0.677668035030365,0.3979931175708771,0.6024624705314636,0.31501659750938416,0.9190205335617065,0.3151043653488159,0.7853610515594482,0.31521186232566833,0.6984690427780151,0.3186338543891907,0.623979389667511,0.2631513774394989,0.9518268704414368,0.2406734824180603,0.850640594959259,0.23081739246845245,0.7875931859016418,0.2284664511680603,0.7280405163764954,Happy
0.34826239943504333,1.1289840936660767,0.4188539981842041,1.094008207321167,0.47512441873550415,1.0317720174789429,0.5209549069404602,0.9743833541870117,0.5725340843200684,0.9374217391014099,0.4390586018562317,0.9006998538970947,0.47285234928131104,0.7844895124435425,0.4852970838546753,0.7078644037246704,0.4890381097793579,0.6413822770118713,0.3850778043270111,0.8849809765815735,0.40277722477912903,0.7471545338630676,0.40950527787208557,0.6609638929367065,0.41093873977661133,0.5873456597328186,0.33144453167915344,0.8967902064323425,0.3344784379005432,0.7690041065216064,0.3359673023223877,0.6841402053833008,0.3372028172016144,0.609981894493103,0.27998337149620056,0.9294196367263794,0.26136672496795654,0.8335220217704773,0.2505607604980469,0.7713899612426758,0.24275873601436615,0.710986852645874,Happy
0.3537294864654541,1.1292442083358765,0.422523558139801,1.087693214416504,0.4758860170841217,1.0174241065979004,0.5144340991973877,0.9532187581062317,0.561163067817688,0.9101161956787109,0.4363725781440735,0.8805856108665466,0.46579310297966003,0.7673095464706421,0.47735148668289185,0.691846489906311,0.48107123374938965,0.624787449836731,0.38369619846343994,0.8676685690879822,0.3993160128593445,0.7335700988769531,0.40413185954093933,0.6467915177345276,0.4037710130214691,0.5704187154769897,0.33170145750045776,0.8814735412597656,0.33244943618774414,0.7563356161117554,0.331408828496933,0.6716440320014954,0.3307480812072754,0.5954591631889343,0.2802879810333252,0.9163807034492493,0.2570759057998657,0.8210310339927673,0.24362438917160034,0.7570927739143372,0.2340126931667328,0.6939235925674438,Happy
0.35934287309646606,1.066684365272522,0.41778504848480225,1.0405536890029907,0.46804696321487427,0.9963513016700745,0.5135302543640137,0.973652720451355,0.5573383569717407,0.9554982781410217,0.4329301416873932,0.8830029964447021,0.45060157775878906,0.7714053988456726,0.4572695195674896,0.696625828742981,0.4613049328327179,0.6339679956436157,0.3869071304798126,0.8790954351425171,0.3917524814605713,0.7557348012924194,0.3909764587879181,0.6727901101112366,0.3879362940788269,0.598070502281189,0.34101173281669617,0.9015052318572998,0.33474981784820557,0.7883448004722595,0.32956284284591675,0.7087054252624512,0.32610467076301575,0.6431875228881836,0.29508674144744873,0.9399653673171997,0.2656858563423157,0.8638244867324829,0.24792304635047913,0.8101721405982971,0.23764829337596893,0.7596372365951538,Happy
0.3796921372413635,1.091902256011963,0.44438403844833374,1.0581128597259521,0.4941917657852173,0.9986367225646973,0.533617377281189,0.9449684619903564,0.5462104082107544,0.8905998468399048,0.45021748542785645,0.8864281177520752,0.4925229251384735,0.8678985834121704,0.5072524547576904,0.9251911044120789,0.5061434507369995,0.977847695350647,0.4187977612018585,0.857090175151825,0.4588072597980499,0.7444876432418823,0.4806486964225769,0.6645386815071106,0.4971151351928711,0.5948182344436646,0.37656378746032715,0.8520551919937134,0.39343348145484924,0.7399929761886597,0.40548861026763916,0.6619685888290405,0.41701146960258484,0.596890926361084,0.3315088152885437,0.872772216796875,0.305164098739624,0.7960045337677002,0.2882255017757416,0.7444484829902649,0.2754127085208893,0.6980650424957275,Happy
0.35294386744499207,1.0406290292739868,0.4104516804218292,1.0185954570770264,0.46541503071784973,0.9711816310882568,0.5135135054588318,0.9350376725196838,0.551575779914856,0.906902015209198,0.4370374083518982,0.8440847992897034,0.49169865250587463,0.8126509189605713,0.5239161252975464,0.8548252582550049,0.5384586453437805,0.9027212262153625,0.4026467800140381,0.8122274279594421,0.42727604508399963,0.7003553509712219,0.4440220892429352,0.627453625202179,0.451679527759552,0.5660892128944397,0.35962608456611633,0.8123780488967896,0.3671768307685852,0.7059082388877869,0.3772600591182709,0.638072669506073,0.3846018314361572,0.5794041752815247,0.3145884871482849,0.8383840918540955,0.28989729285240173,0.7729706168174744,0.2730451226234436,0.7319159507751465,0.2590569853782654,0.6931858658790588,Happy
0.34105804562568665,1.0260794162750244,0.39225006103515625,0.9956605434417725,0.44172871112823486,0.9448780417442322,0.48492854833602905,0.902367889881134,0.5319327712059021,0.8906722664833069,0.41743746399879456,0.8189263939857483,0.46604540944099426,0.7832286953926086,0.4995201826095581,0.8092923164367676,0.5230260491371155,0.8435214161872864,0.3877701163291931,0.788635790348053,0.4209967851638794,0.679858922958374,0.43842506408691406,0.6066731214523315,0.4491368532180786,0.5433459281921387,0.34997227787971497,0.7874708771705627,0.35988864302635193,0.681488037109375,0.3652827739715576,0.6120067834854126,0.37026676535606384,0.5528488159179688,0.307070255279541,0.8128719329833984,0.28004521131515503,0.748896062374115,0.25874513387680054,0.7071718573570251,0.24207212030887604,0.6684437990188599,Happy
0.3341978192329407,1.0386511087417603,0.38928380608558655,1.0114853382110596,0.4414832592010498,0.9623757004737854,0.4878188669681549,0.9247727990150452,0.5356322526931763,0.9145298004150391,0.4159691333770752,0.8282691836357117,0.46894559264183044,0.7911696434020996,0.5023366808891296,0.8235648274421692,0.5223811864852905,0.8635516166687012,0.3845398724079132,0.7970920205116272,0.4202190637588501,0.6869817972183228,0.4364975094795227,0.6126192808151245,0.44408339262008667,0.5465041995048523,0.3452710807323456,0.7965978384017944,0.3549804985523224,0.6900526285171509,0.3599580228328705,0.6211352348327637,0.36375191807746887,0.5610353946685791,0.3013727068901062,0.8227500915527344,0.2756848931312561,0.7562974095344543,0.2557671368122101,0.7139749526977539,0.24054177105426788,0.6737111806869507,Happy
0.3459644019603729,1.0058072805404663,0.39819103479385376,0.9914141297340393,0.45082756876945496,0.9543615579605103,0.5028276443481445,0.932831346988678,0.5473971366882324,0.9208406209945679,0.43391960859298706,0.8259742856025696,0.476963609457016,0.7964145541191101,0.5093417167663574,0.8211447596549988,0.5307369232177734,0.8476933240890503,0.3995917737483978,0.8006759285926819,0.4233402907848358,0.7031877636909485,0.4380705952644348,0.6360523104667664,0.44858673214912415,0.5781914591789246,0.3562324643135071,0.8043918609619141,0.3617626428604126,0.7018511891365051,0.36674338579177856,0.6312868595123291,0.3717575967311859,0.5739903450012207,0.31283682584762573,0.8286182284355164,0.28813520073890686,0.7500940561294556,0.26899781823158264,0.6993968486785889,0.25434422492980957,0.6547929644584656,Happy
0.3641210198402405,1.0742063522338867,0.42024365067481995,1.0196791887283325,0.46278244256973267,0.949623703956604,0.4846261143684387,0.8843076825141907,0.47419846057891846,0.8189764022827148,0.41698750853538513,0.8493450880050659,0.4500757157802582,0.7671414613723755,0.4723740816116333,0.8254457712173462,0.4697672128677368,0.8736465573310852,0.3856220841407776,0.8504215478897095,0.43101269006729126,0.7766546607017517,0.44161081314086914,0.870307207107544,0.4217362105846405,0.9187342524528503,0.35150232911109924,0.8581203818321228,0.4024111330509186,0.7975447177886963,0.40752270817756653,0.8913147449493408,0.38443121314048767,0.9350276589393616,0.3129441738128662,0.8761225938796997,0.3633264899253845,0.8251537680625916,0.3746717572212219,0.8860988616943359,0.3552006185054779,0.9225389957427979,Happy
0.3542696237564087,1.0571743249893188,0.40433281660079956,1.0234968662261963,0.4520708918571472,0.9731953144073486,0.4793625473976135,0.9284757375717163,0.49269020557403564,0.8907906413078308,0.4175093173980713,0.869833767414093,0.4464868903160095,0.799592137336731,0.4769545793533325,0.8339147567749023,0.4910469651222229,0.8828914761543274,0.38277167081832886,0.8576207756996155,0.41130924224853516,0.7703377604484558,0.4469328820705414,0.8003340363502502,0.4609142541885376,0.84773188829422,0.3423249125480652,0.8567982316017151,0.3589799106121063,0.7611707448959351,0.3952798545360565,0.7953853607177734,0.4101271629333496,0.8451911211013794,0.2973136901855469,0.8696920871734619,0.314036101102829,0.8038476705551147,0.3441184163093567,0.8263145685195923,0.3587382733821869,0.8673427104949951,Happy
0.26106518507003784,1.1321008205413818,0.3299257457256317,1.1237306594848633,0.3874577283859253,1.0879803895950317,0.4292057454586029,1.054244041442871,0.4634152054786682,1.0323727130889893,0.3891199827194214,0.9377402663230896,0.44036489725112915,0.8270909786224365,0.466978520154953,0.7535889148712158,0.48460763692855835,0.687405526638031,0.3368980288505554,0.9079566597938538,0.3676031231880188,0.7763994336128235,0.38462015986442566,0.6874555945396423,0.39647698402404785,0.6106430888175964,0.2828918397426605,0.909111499786377,0.2938604950904846,0.7822762131690979,0.3052455484867096,0.6965733766555786,0.3162221908569336,0.6232123374938965,0.23004980385303497,0.9343379139900208,0.2175799459218979,0.8328951001167297,0.21078728139400482,0.7657166123390198,0.20926213264465332,0.7035788297653198,Happy
0.2951141595840454,1.0510146617889404,0.35850968956947327,1.0105451345443726,0.3966566324234009,0.9294427037239075,0.40072867274284363,0.8556201457977295,0.3908546566963196,0.8067800998687744,0.38438880443573,0.8685185313224792,0.43112897872924805,0.7816913723945618,0.4560835361480713,0.7246809601783752,0.47448527812957764,0.669839084148407,0.3389756679534912,0.8456251621246338,0.37258532643318176,0.723373532295227,0.3886139392852783,0.6375791430473328,0.400544136762619,0.5607660412788391,0.2874419391155243,0.850850522518158,0.2962932884693146,0.7319872975349426,0.30560505390167236,0.6493547558784485,0.31450873613357544,0.5773875713348389,0.23284268379211426,0.874955415725708,0.21739956736564636,0.7859322428703308,0.21213650703430176,0.7245646119117737,0.2116011381149292,0.6690264344215393,Happy
0.32893499732017517,1.0420445203781128,0.3855103552341461,0.9788646101951599,0.4159322679042816,0.8794878125190735,0.4296392798423767,0.7993913292884827,0.4371999502182007,0.7465773224830627,0.3803773522377014,0.8376305103302002,0.410785436630249,0.7278947234153748,0.4291599988937378,0.660456657409668,0.4396746754646301,0.6001574397087097,0.3390277028083801,0.8291221261024475,0.3596992790699005,0.7071496248245239,0.3688703775405884,0.6281346678733826,0.3758128881454468,0.559172511100769,0.2964627146720886,0.8418306112289429,0.31002578139305115,0.7261911630630493,0.3241148293018341,0.6427267789840698,0.3362644910812378,0.5767782926559448,0.2498413473367691,0.8718881011009216,0.2364456206560135,0.7791765332221985,0.23262959718704224,0.7141449451446533,0.23452451825141907,0.6579397320747375,Happy
0.3198172450065613,1.0366014242172241,0.3804202675819397,0.982164204120636,0.418334037065506,0.8880876898765564,0.4421902000904083,0.8102301955223083,0.4556180238723755,0.7537760734558105,0.3786262571811676,0.8435808420181274,0.4075659513473511,0.7283432483673096,0.42299777269363403,0.6554967164993286,0.43286144733428955,0.5929420590400696,0.34004098176956177,0.8328235745429993,0.35539278388023376,0.7104130387306213,0.3630739748477936,0.6320177912712097,0.3700885474681854,0.5642157793045044,0.2996792793273926,0.8435747623443604,0.3132721185684204,0.7316546440124512,0.32491984963417053,0.6607211232185364,0.33315742015838623,0.6026978492736816,0.255026251077652,0.8711423873901367,0.2421283721923828,0.783145546913147,0.23777183890342712,0.7204885482788086,0.23776349425315857,0.6634752154350281,Happy
0.33865392208099365,0.8969625234603882,0.3906775116920471,0.8942254781723022,0.4408947229385376,0.8597407937049866,0.4643828272819519,0.8169710040092468,0.46535512804985046,0.7680147886276245,0.4103381037712097,0.7909597754478455,0.44250601530075073,0.7804656624794006,0.4378497004508972,0.8621132373809814,0.4241294860839844,0.9272948503494263,0.3757699429988861,0.7862062454223633,0.4139834940433502,0.7903335094451904,0.4102489650249481,0.8753092288970947,0.39647966623306274,0.9330759048461914,0.34275519847869873,0.7859518527984619,0.3793683350086212,0.7747087478637695,0.3799954354763031,0.8565531969070435,0.36969679594039917,0.912928581237793,0.30830803513526917,0.7907425165176392,0.34194010496139526,0.7786954641342163,0.34943217039108276,0.833794116973877,0.3429217040538788,0.8767274022102356,Happy
0.3173864483833313,1.0365391969680786,0.3723738193511963,0.9921321868896484,0.4034842252731323,0.9197198748588562,0.4200107455253601,0.8552910089492798,0.43242618441581726,0.7971295118331909,0.36620524525642395,0.8612035512924194,0.39001092314720154,0.804665207862854,0.418891966342926,0.7945731282234192,0.443225622177124,0.792567253112793,0.3464861810207367,0.852059006690979,0.3738071918487549,0.7890031337738037,0.40575462579727173,0.7846383452415466,0.4334189295768738,0.7939801216125488,0.3224887251853943,0.8464729189872742,0.3524436056613922,0.7845674157142639,0.3907729983329773,0.7846752405166626,0.4221459627151489,0.8026038408279419,0.29654455184936523,0.8458342552185059,0.32692185044288635,0.7921885251998901,0.359462171792984,0.7838928699493408,0.38927850127220154,0.7932664752006531,Happy
0.3320558965206146,1.0582367181777954,0.3891538381576538,1.0454916954040527,0.4422120153903961,1.0167813301086426,0.476990669965744,0.9982815980911255,0.5031342506408691,0.9928628206253052,0.44720458984375,0.8933196067810059,0.48112595081329346,0.8151031136512756,0.5010421872138977,0.7709341645240784,0.5150381326675415,0.7341148257255554,0.40509846806526184,0.8642949461936951,0.43084022402763367,0.7539024353027344,0.44662022590637207,0.6859612464904785,0.4573930501937866,0.6312259435653687,0.35751423239707947,0.8607342839241028,0.37488242983818054,0.7514420747756958,0.38790562748908997,0.681043267250061,0.39968904852867126,0.6236944794654846,0.3060320019721985,0.8778052926063538,0.29701027274131775,0.7913839817047119,0.289359450340271,0.7363361716270447,0.28562164306640625,0.688284695148468,Happy
0.3216758966445923,1.138267993927002,0.3902829587459564,1.1225039958953857,0.4485573172569275,1.0865836143493652,0.4889783263206482,1.0552548170089722,0.5211415886878967,1.036571979522705,0.4439398944377899,0.9284378886222839,0.49341535568237305,0.8198480010032654,0.5196311473846436,0.7513433694839478,0.5392874479293823,0.6922513246536255,0.3929370045661926,0.8977811336517334,0.4283410310745239,0.7666341066360474,0.44884181022644043,0.6818276643753052,0.46436285972595215,0.6104106903076172,0.33900317549705505,0.8953937888145447,0.35939595103263855,0.7649815082550049,0.37282371520996094,0.6841863393783569,0.38521549105644226,0.6157697439193726,0.28432562947273254,0.9179955124855042,0.2768366038799286,0.8167427182197571,0.2729315161705017,0.7521318197250366,0.27252328395843506,0.693842351436615,Happy
0.30940812826156616,1.1117618083953857,0.38648438453674316,1.0951974391937256,0.45717549324035645,1.043637752532959,0.5157397985458374,1.0024604797363281,0.5672808289527893,0.9768230319023132,0.43496885895729065,0.9095509648323059,0.4842437505722046,0.8020088076591492,0.5118521451950073,0.7327600121498108,0.5299661755561829,0.6719391942024231,0.3857284486293793,0.8806211352348328,0.42454564571380615,0.7482744455337524,0.4451327621936798,0.6637344360351562,0.45855289697647095,0.5902035236358643,0.332680881023407,0.8780027627944946,0.3551720082759857,0.7530856728553772,0.36988565325737,0.6690539121627808,0.38217559456825256,0.5955286622047424,0.27718302607536316,0.8962371349334717,0.2700115442276001,0.7962131500244141,0.2656877338886261,0.7305717468261719,0.2635113596916199,0.6680597066879272,Happy
0.346022367477417,1.071967601776123,0.39764404296875,0.9765077829360962,0.4154147505760193,0.884779155254364,0.40551069378852844,0.8108099102973938,0.3854610025882721,0.7567887306213379,0.4229540228843689,0.8126839995384216,0.4168160855770111,0.6960878968238831,0.4044089615345001,0.6183459758758545,0.3894064128398895,0.55562424659729,0.3978296220302582,0.8261628746986389,0.38621199131011963,0.6965048313140869,0.3743111789226532,0.6131741404533386,0.36111289262771606,0.5427632331848145,0.36438050866127014,0.8629171252250671,0.33939260244369507,0.7490687966346741,0.33183708786964417,0.6810504794120789,0.3252032697200775,0.6203631162643433,0.3289514482021332,0.9179723262786865,0.30481570959091187,0.8683608770370483,0.29401981830596924,0.8414950966835022,0.28419697284698486,0.8197053074836731,Happy
0.2724345326423645,0.8324766159057617,0.26378732919692993,0.7785851359367371,0.257007896900177,0.7136561870574951,0.25266772508621216,0.6609327793121338,0.24070972204208374,0.6192418932914734,0.273036390542984,0.6718523502349854,0.2641792893409729,0.5855193138122559,0.25363609194755554,0.5281407833099365,0.24333202838897705,0.482635498046875,0.2765502333641052,0.6805300116539001,0.2639293968677521,0.585724413394928,0.2507033050060272,0.522719144821167,0.23682454228401184,0.47475486993789673,0.27638816833496094,0.701988697052002,0.2619815170764923,0.6152876019477844,0.2475939691066742,0.5602138042449951,0.23400674760341644,0.5172353386878967,0.2733158767223358,0.7317367196083069,0.2575276792049408,0.6848494410514832,0.24166613817214966,0.649383008480072,0.22654151916503906,0.6184414625167847,Happy
0.279919296503067,0.8572579622268677,0.3040772080421448,0.7962111234664917,0.31096315383911133,0.7251135110855103,0.3073831796646118,0.6656783819198608,0.29683756828308105,0.6212500929832458,0.3192073106765747,0.7082080841064453,0.3147047460079193,0.6124317646026611,0.3063686192035675,0.550998330116272,0.29654499888420105,0.5027336478233337,0.3057454228401184,0.7159226536750793,0.30452024936676025,0.6103675961494446,0.29852399230003357,0.5400906801223755,0.2902797758579254,0.48623573780059814,0.2836964428424835,0.7318994998931885,0.2814200818538666,0.6301758289337158,0.27702561020851135,0.5624335408210754,0.27267223596572876,0.511515736579895,0.25440382957458496,0.7511479258537292,0.2430954873561859,0.6819006204605103,0.23457950353622437,0.6317516565322876,0.22571563720703125,0.5904056429862976,Happy
0.26179057359695435,1.1403911113739014,0.33615341782569885,1.139939308166504,0.40073689818382263,1.1097010374069214,0.4501038193702698,1.0770896673202515,0.4880408048629761,1.0528442859649658,0.40937745571136475,0.9257261753082275,0.4658847451210022,0.8185192346572876,0.4955773949623108,0.7493020296096802,0.5170633792877197,0.6880363821983337,0.36370426416397095,0.8817221522331238,0.4118916690349579,0.7594857811927795,0.43733689188957214,0.685358464717865,0.45632463693618774,0.619901716709137,0.31290626525878906,0.8668500781059265,0.341563880443573,0.7435096502304077,0.3608567416667938,0.6655335426330566,0.37856391072273254,0.5956200361251831,0.2589729130268097,0.8773545026779175,0.2655571401119232,0.7787489891052246,0.27487871050834656,0.7183898687362671,0.28746306896209717,0.6660621762275696,Happy
0.1669255793094635,1.0229151248931885,0.24677157402038574,0.9662283658981323,0.30278509855270386,0.8840581178665161,0.3108055889606476,0.8033057451248169,0.2920592427253723,0.7511129975318909,0.28356799483299255,0.7351661920547485,0.3105526864528656,0.6238794326782227,0.32427629828453064,0.5600181221961975,0.33508217334747314,0.5096920728683472,0.23610971868038177,0.7262372374534607,0.26586776971817017,0.6048871874809265,0.28958016633987427,0.5374114513397217,0.30936378240585327,0.4859028160572052,0.18285048007965088,0.74311763048172,0.20803390443325043,0.6682705879211426,0.24774160981178284,0.7104939222335815,0.28029823303222656,0.7588115334510803,0.1260962337255478,0.7803316116333008,0.1496504545211792,0.729067325592041,0.18310028314590454,0.7415250539779663,0.21283525228500366,0.7627285122871399,Happy
0.05871078372001648,0.9049563407897949,0.12064837664365768,0.8824281692504883,0.1656005084514618,0.7866430282592773,0.17558631300926208,0.699447512626648,0.16277548670768738,0.6343756914138794,0.14136704802513123,0.6905115842819214,0.1531379222869873,0.6161482334136963,0.15117835998535156,0.5673689842224121,0.14261363446712494,0.5335342288017273,0.1045650839805603,0.6705927848815918,0.12251929938793182,0.5765348672866821,0.1326369047164917,0.5155205130577087,0.13943102955818176,0.4652640223503113,0.06811520457267761,0.669623613357544,0.07951334118843079,0.5706262588500977,0.08899359405040741,0.512380838394165,0.09593656659126282,0.4652920365333557,0.02661079913377762,0.6844797134399414,0.029415585100650787,0.6055206656455994,0.03348090499639511,0.5546804666519165,0.03978946805000305,0.5084234476089478,Happy
0.1285475790500641,0.9747624397277832,0.1920221745967865,0.9073224067687988,0.22905367612838745,0.8026490211486816,0.23790010809898376,0.706931471824646,0.22176286578178406,0.6410861015319824,0.17590266466140747,0.6980448961257935,0.18481731414794922,0.5987842082977295,0.1858537495136261,0.5405133962631226,0.18426981568336487,0.48895514011383057,0.1309920698404312,0.6939666271209717,0.13466626405715942,0.585465669631958,0.13772547245025635,0.5218266248703003,0.13843366503715515,0.4674319624900818,0.08645934611558914,0.7110818028450012,0.07793201506137848,0.6185978055000305,0.07752186805009842,0.5616630911827087,0.07819738239049911,0.5135671496391296,0.04150831699371338,0.7490408420562744,0.012840792536735535,0.6860172152519226,-0.001569993793964386,0.6505570411682129,-0.01301206648349762,0.6212359666824341,Happy
0.10540187358856201,0.9455863833427429,0.09912331402301788,0.9184290170669556,0.08422324061393738,0.8955123424530029,0.07298386842012405,0.8789650201797485,0.06588076055049896,0.8656975626945496,0.06743673235177994,0.912575900554657,0.04828036576509476,0.9024930000305176,0.04115581512451172,0.8931568264961243,0.03898957371711731,0.8856590390205383,0.06359658390283585,0.9277752041816711,0.044401105493307114,0.9177078008651733,0.03811568021774292,0.9058789610862732,0.03723496198654175,0.8965445756912231,0.062269676476716995,0.9398940801620483,0.04429593309760094,0.9290042519569397,0.038775570690631866,0.917605459690094,0.0373152419924736,0.908352792263031,0.06266406923532486,0.9482631087303162,0.048293329775333405,0.9397265315055847,0.042877472937107086,0.9316612482070923,0.04093010351061821,0.9254106283187866,Happy
0.09271551668643951,0.8772696852684021,0.08195986598730087,0.8527648448944092,0.06668147444725037,0.8303391337394714,0.055927783250808716,0.8125142455101013,0.05099150538444519,0.7976393103599548,0.049428798258304596,0.8428881764411926,0.03743241727352142,0.8385688066482544,0.04558771848678589,0.8409546613693237,0.05417831614613533,0.844068169593811,0.04867167770862579,0.860264778137207,0.03655082732439041,0.8565278053283691,0.04455207288265228,0.8580336570739746,0.053463615477085114,0.860969066619873,0.0492994524538517,0.876772403717041,0.03786109760403633,0.8738628029823303,0.04473673179745674,0.8743969798088074,0.052953869104385376,0.8765360713005066,0.05102010443806648,0.8915939331054688,0.04059671610593796,0.8887887597084045,0.04687707871198654,0.8887091279029846,0.053754329681396484,0.8903064131736755,Happy
0.149016335606575,0.8864167928695679,0.15799647569656372,0.8794443607330322,0.1657833755016327,0.8704864978790283,0.16913066804409027,0.8667357563972473,0.16902445256710052,0.8694338798522949,0.14888621866703033,0.8608308434486389,0.15116161108016968,0.8657993078231812,0.15776650607585907,0.873269259929657,0.16147203743457794,0.8765464425086975,0.14037242531776428,0.8713001608848572,0.14299950003623962,0.8778676986694336,0.15035519003868103,0.8855808973312378,0.15455441176891327,0.8882480263710022,0.1346621811389923,0.8821184039115906,0.13689349591732025,0.8896507620811462,0.14305314421653748,0.8960303068161011,0.1461169719696045,0.8976845145225525,0.13099968433380127,0.8924078345298767,0.13127820193767548,0.9004362225532532,0.13406355679035187,0.9055907130241394,0.13528390228748322,0.9070755243301392,Happy
